entity,state,year,sector,sales_mwh,revenue_$,price_per_kwh,flag_missing_price,flag_missing_sales,flag_missing_revenue,flag_high_price,flag_low_price,calc_price_per_kwh,flag_price_mismatch,qa_status,confidence_score
Alaska Electric Light & Power Co.,AK,2024,commercial,126119.0,13567000.0,0.10757301,False,False,False,False,False,0.1075730064462928,False,OK,100
Alaska Power and Telephone Co,AK,2024,commercial,50720.0,15878000.0,0.31305205,False,False,False,True,False,0.3130520504731861,False,HIGH_PRICE,90
"Alaska Village Elec Coop, Inc",AK,2024,commercial,81597.0,46345700.0,0.56798289,False,False,False,True,False,0.5679828915278748,False,HIGH_PRICE,90
Chugach Electric Assn Inc,AK,2024,commercial,1242359.0,209672600.0,0.16876974,False,False,False,False,False,0.16876973564002032,False,OK,100
Golden Valley Elec Assn Inc,AK,2024,commercial,118991.0,34685400.0,0.291496,False,False,False,True,False,0.2914959954954576,False,HIGH_PRICE,90
Homer Electric Assn Inc,AK,2024,commercial,160774.0,42424100.0,0.26387413,False,False,False,True,False,0.26387413387736824,False,HIGH_PRICE,90
Ketchikan Public Utilities,AK,2024,commercial,76702.0,9227200.0,0.12029934,False,False,False,False,False,0.12029934030403379,False,OK,100
Kodiak Electric Assn Inc,AK,2024,commercial,24379.0,4544000.0,0.18638992999999998,False,False,False,False,False,0.1863899257557734,False,OK,100
Kotzebue Electric Assn Inc,AK,2024,commercial,11559.0,5258400.0,0.45491824999999997,False,False,False,True,False,0.4549182455229691,False,HIGH_PRICE,90
Matanuska Electric Assn Inc,AK,2024,commercial,321388.0,65069000.0,0.20246244000000002,False,False,False,True,False,0.20246244414850587,False,HIGH_PRICE,90
TDX North Slope Generating Co,AK,2024,commercial,47662.0,11825000.0,0.24810121,False,False,False,True,False,0.24810121270613905,False,HIGH_PRICE,90
Alabama Power Co,AL,2024,commercial,13336758.0,1979164000.0,0.14839918000000002,False,False,False,False,False,0.14839918366967444,False,OK,100
Albertville Municipal Utilities Board,AL,2024,commercial,194750.0,21539000.0,0.11059820000000001,False,False,False,False,False,0.1105982028241335,False,OK,100
Arab Electric Coop Inc,AL,2024,commercial,100727.0,12392000.0,0.1230256,False,False,False,False,False,0.12302560385993824,False,OK,100
Baldwin County El Member Corp,AL,2024,commercial,537247.0,59304000.0,0.11038498000000001,False,False,False,False,False,0.11038498120976013,False,OK,100
Black Warrior Elec Member Corp,AL,2024,commercial,100396.0,12216900.0,0.12168712,False,False,False,False,False,0.12168711900872545,False,OK,100
Central Alabama Electric Coop,AL,2024,commercial,100391.0,13856000.0,0.13802034000000002,False,False,False,False,False,0.13802034046876713,False,OK,100
Cherokee Electric Coop - (AL),AL,2024,commercial,118484.0,20730000.0,0.17496033,False,False,False,False,False,0.1749603321967523,False,OK,100
City of Andalusia,AL,2024,commercial,59566.0,10139000.0,0.17021455,False,False,False,False,False,0.17021455192559515,False,OK,100
City of Athens - (AL),AL,2024,commercial,407747.0,47669000.0,0.11690828,False,False,False,False,False,0.11690827890824457,False,OK,100
City of Bessemer Utilities,AL,2024,commercial,154423.0,19580000.0,0.12679458,False,False,False,False,False,0.12679458370838542,False,OK,100
City of Courtland,AL,2024,commercial,21214.0,2193000.0,0.10337513,False,False,False,False,False,0.1033751296313755,False,OK,100
City of Dothan - (AL),AL,2024,commercial,404400.0,43009000.0,0.10635262000000001,False,False,False,False,False,0.10635262116716122,False,OK,100
City of Florence - (AL),AL,2024,commercial,431864.0,53141000.0,0.12305031,False,False,False,False,False,0.12305031213530185,False,OK,100
City of Hartselle,AL,2024,commercial,59968.0,7094000.0,0.11829642,False,False,False,False,False,0.11829642475987193,False,OK,100
City of Huntsville - (AL),AL,2024,commercial,2168220.0,240403000.0,0.11087574,False,False,False,False,False,0.1108757413915562,False,OK,100
City of Muscle Shoals,AL,2024,commercial,109529.0,13519000.0,0.1234285,False,False,False,False,False,0.12342849838855463,False,OK,100
City of Opelika - (AL),AL,2024,commercial,223504.0,26160000.0,0.11704489000000001,False,False,False,False,False,0.11704488510272747,False,OK,100
City of Russellville - (AL),AL,2024,commercial,61920.0,8390000.0,0.13549742,False,False,False,False,False,0.13549741602067183,False,OK,100
City of Scottsboro - (AL),AL,2024,commercial,120941.0,14370000.0,0.11881826999999999,False,False,False,False,False,0.11881826675817134,False,OK,100
City of Tarrant,AL,2024,commercial,28809.0,4044000.0,0.14037280000000002,False,False,False,False,False,0.1403728001666146,False,OK,100
City of Troy - (AL),AL,2024,commercial,41258.0,3779400.0,0.091604053,False,False,False,False,False,0.09160405254738475,False,OK,100
City of Tuscumbia,AL,2024,commercial,28542.0,3736000.0,0.13089482,False,False,False,False,False,0.1308948216663163,False,OK,100
Clarke-Washington E M C,AL,2024,commercial,38074.0,5615000.0,0.14747597,False,False,False,False,False,0.14747596785207753,False,OK,100
Coosa Valley Electric Coop Inc,AL,2024,commercial,31744.0,6073000.0,0.19131174,False,False,False,False,False,0.1913117439516129,False,OK,100
"Covington Electric Coop, Inc",AL,2024,commercial,65311.0,8821700.0,0.13507218999999998,False,False,False,False,False,0.1350721930455819,False,OK,100
"Cullman Electric Coop, Inc",AL,2024,commercial,244981.0,34728000.0,0.14175793,False,False,False,False,False,0.14175793224780697,False,OK,100
Cullman Power Board,AL,2024,commercial,164614.0,20169000.0,0.12252299000000001,False,False,False,False,False,0.12252299318405482,False,OK,100
Decatur Utilities,AL,2024,commercial,304667.0,33558000.0,0.11014649,False,False,False,False,False,0.11014648780471793,False,OK,100
Diverse Power Incorporated,AL,2024,commercial,1020.0,220200.0,0.21588235,False,False,False,True,False,0.21588235294117647,False,HIGH_PRICE,90
Dixie Electric Coop - (AL),AL,2024,commercial,187587.0,27355000.0,0.14582567,False,False,False,False,False,0.14582567022235016,False,OK,100
Foley Board of Utilities,AL,2024,commercial,460537.0,54280000.0,0.11786241,False,False,False,False,False,0.11786240844926683,False,OK,100
Fort Payne Improvement Authority,AL,2024,commercial,134765.0,16208000.0,0.12026861999999999,False,False,False,False,False,0.12026861573850778,False,OK,100
Franklin Electric Coop - (AL),AL,2024,commercial,188087.0,18377000.0,0.097704786,False,False,False,False,False,0.09770478555136719,False,OK,100
Guntersville Electric Board,AL,2024,commercial,90107.0,11542000.0,0.12809215999999998,False,False,False,False,False,0.12809215710211194,False,OK,100
Joe Wheeler Elec Member Corp,AL,2024,commercial,326951.0,46185000.0,0.14125970000000002,False,False,False,False,False,0.14125969946566916,False,OK,100
Marshall-De Kalb Electric Coop,AL,2024,commercial,177757.0,22649000.0,0.12741552,False,False,False,False,False,0.12741551668851298,False,OK,100
North Alabama Electric Coop,AL,2024,commercial,113566.0,16840000.0,0.14828381999999998,False,False,False,False,False,0.14828381733969673,False,OK,100
Pea River Electric Coop,AL,2024,commercial,97901.0,16633900.000000002,0.16990531,False,False,False,False,False,0.16990531250957602,False,OK,100
Sand Mountain Electric Coop,AL,2024,commercial,179227.0,24381000.0,0.13603419,False,False,False,False,False,0.13603419127698393,False,OK,100
Sheffield Utilities,AL,2024,commercial,142637.0,20201000.0,0.14162523999999999,False,False,False,False,False,0.14162524450177724,False,OK,100
Singing River Elec Cooperative,AL,2024,commercial,640.0,78900.0,0.12328125,False,False,False,False,False,0.12328125,False,OK,100
"South Alabama Elec Coop, Inc",AL,2024,commercial,49152.0,7082000.0,0.14408366,False,False,False,False,False,0.14408365885416666,False,OK,100
"Southern Pine Elec Coop, Inc",AL,2024,commercial,174656.0,19768000.0,0.11318248,False,False,False,False,False,0.11318248442652987,False,OK,100
Tallapoosa River Elec Coop Inc,AL,2024,commercial,52727.0,6810500.0,0.12916532,False,False,False,False,False,0.12916532326891347,False,OK,100
Tennessee Valley Authority,AL,2024,commercial,415329.0,30037800.0,0.072322905,False,False,False,False,False,0.0723229054556749,False,OK,100
"Wiregrass Electric Coop, Inc",AL,2024,commercial,80675.0,11978000.0,0.14847227,False,False,False,False,False,0.14847226526185311,False,OK,100
Arkansas Valley Elec Coop Corp,AR,2024,commercial,186217.0,22508100.0,0.12087028,False,False,False,False,False,0.12087027500174527,False,OK,100
C & L Electric Coop Corp,AR,2024,commercial,98700.0,12694000.0,0.12861196,False,False,False,False,False,0.12861195542046605,False,OK,100
Carroll Electric Coop Corp - (AR),AR,2024,commercial,443350.0,45662000.0,0.10299312000000001,False,False,False,False,False,0.10299312055937747,False,OK,100
City Water and Light Plant,AR,2024,commercial,324371.0,21964000.0,0.067712588,False,False,False,False,False,0.06771258836332471,False,OK,100
City of Benton - (AR),AR,2024,commercial,89129.0,8044000.0,0.090251209,False,False,False,False,False,0.09025120892189972,False,OK,100
City of Bentonville - (AR),AR,2024,commercial,448206.0,40564000.0,0.09050302800000001,False,False,False,False,False,0.09050302762568997,False,OK,100
City of Hope - (AR),AR,2024,commercial,110380.0,12317000.0,0.11158723999999999,False,False,False,False,False,0.11158724406595398,False,OK,100
City of North Little Rock - (AR),AR,2024,commercial,196936.0,23588000.0,0.11977494999999999,False,False,False,False,False,0.11977495226875737,False,OK,100
City of Siloam Springs - (AR),AR,2024,commercial,20916.0,2708000.0,0.12947026,False,False,False,False,False,0.12947026200038247,False,OK,100
City of West Memphis - (AR),AR,2024,commercial,99222.0,8557000.0,0.086240955,False,False,False,False,False,0.08624095462699805,False,OK,100
Clarksville Connected Utilities,AR,2024,commercial,35537.0,3714700.0,0.10453049,False,False,False,False,False,0.10453048934912908,False,OK,100
Clay County Electric Coop Corp - (AR),AR,2024,commercial,83420.0,11892700.0,0.14256413,False,False,False,False,False,0.14256413330136658,False,OK,100
Conway Corporation,AR,2024,commercial,257739.0,20236200.0,0.078514311,False,False,False,False,False,0.07851431098902378,False,OK,100
Craighead Electric Coop Corp,AR,2024,commercial,122431.0,15863000.0,0.12956686,False,False,False,False,False,0.12956685806699283,False,OK,100
Empire District Electric Co,AR,2024,commercial,41003.0,4109200.0,0.10021706,False,False,False,False,False,0.10021705728849109,False,OK,100
Entergy Arkansas LLC,AR,2024,commercial,5782232.0,590191000.0,0.10206975,False,False,False,False,False,0.10206975437858598,False,OK,100
First Electric Coop Corp,AR,2024,commercial,225602.0,36452000.0,0.16157658000000003,False,False,False,False,False,0.16157658176789214,False,OK,100
Greenbacker Renewable Energy Corporation,AR,2024,commercial,4063.0,250000.0,0.061530889000000005,False,False,False,False,False,0.06153088850603003,False,OK,100
Mississippi County Electric Co,AR,2024,commercial,16187.0,1409000.0,0.08704516,False,False,False,False,False,0.0870451596960524,False,OK,100
"North Arkansas Elec Coop, Inc",AR,2024,commercial,106787.0,11834900.0,0.11082716,False,False,False,False,False,0.11082716060943748,False,OK,100
Oklahoma Gas & Electric Co,AR,2024,commercial,813309.0,81253500.0,0.099904833,False,False,False,False,False,0.09990483321837088,False,OK,100
Ouachita Electric Coop Corp,AR,2024,commercial,24247.0,2870000.0,0.11836516,False,False,False,False,False,0.11836515857631871,False,OK,100
Ozarks Electric Coop Corp - (AR),AR,2024,commercial,342357.0,42990000.0,0.12557068,False,False,False,False,False,0.12557067622394166,False,OK,100
Paragould Municipal Utilities,AR,2024,commercial,87033.0,8158000.0,0.09373456,False,False,False,False,False,0.09373456045408064,False,OK,100
Petit Jean Electric Coop Corp,AR,2024,commercial,68557.0,9656000.0,0.1408463,False,False,False,False,False,0.1408463030762723,False,OK,100
"South Central Ark El Coop, Inc",AR,2024,commercial,31177.0,4672000.0,0.14985405999999998,False,False,False,False,False,0.1498540590820156,False,OK,100
Southwest Arkansas E C C,AR,2024,commercial,139778.0,15641400.0,0.11190172999999999,False,False,False,False,False,0.11190172988596203,False,OK,100
Southwestern Electric Power Co,AR,2024,commercial,1260239.0,114933600.0,0.091199844,False,False,False,False,False,0.0911998438391448,False,OK,100
Woodruff Electric Coop Corp,AR,2024,commercial,137507.0,13508700.0,0.09824009,False,False,False,False,False,0.09824008959543878,False,OK,100
"Ahana Renewables, LLC",AZ,2024,commercial,572.0,79200.0,0.13846154,False,False,False,False,False,0.13846153846153847,False,OK,100
Ajo Improvement Co,AZ,2024,commercial,3315.0,379200.0,0.11438914,False,False,False,False,False,0.11438914027149322,False,OK,100
Ak-Chin Electric Utility Authority,AZ,2024,commercial,35199.0,3110700.0,0.08837467,False,False,False,False,False,0.08837466973493566,False,OK,100
Arizona Public Service Co,AZ,2024,commercial,16070942.0,2125533600.0,0.13225942999999998,False,False,False,False,False,0.13225942822766706,False,OK,100
City of Mesa - (AZ),AZ,2024,commercial,167792.0,23503200.0,0.14007342,False,False,False,False,False,0.14007342423953467,False,OK,100
"Constellation Solar Holding, LLC",AZ,2024,commercial,74411.0,7974900.0,0.10717367,False,False,False,False,False,0.1071736705594603,False,OK,100
"Dixie Escalante R E A, Inc",AZ,2024,commercial,13744.0,1233100.0,0.08971915,False,False,False,False,False,0.08971915017462165,False,OK,100
Electrical Dist No2 Pinal County,AZ,2024,commercial,147044.0,12446000.0,0.08464133199999999,False,False,False,False,False,0.0846413318462501,False,OK,100
Electrical Dist No3 Pinal County,AZ,2024,commercial,192543.0,24108700.0,0.12521203,False,False,False,False,False,0.12521203055940752,False,OK,100
"Garkane Energy Coop, Inc",AZ,2024,commercial,19113.0,2025200.0,0.10595929,False,False,False,False,False,0.10595929472087061,False,OK,100
Gila River Indian Utility Authority (GRICUA),AZ,2024,commercial,231658.0,29047000.0,0.12538742,False,False,False,False,False,0.12538742456552332,False,OK,100
Greenbacker Renewable Energy Corporation,AZ,2024,commercial,1289.0,78600.0,0.060977502,False,False,False,False,False,0.06097750193948798,False,OK,100
"Mohave Electric Cooperative, Inc.",AZ,2024,commercial,225019.0,24201400.0,0.1075527,False,False,False,False,False,0.10755269555015354,False,OK,100
Morenci Water and Electric,AZ,2024,commercial,16742.0,1787200.0,0.10674949,False,False,False,False,False,0.10674949229482739,False,OK,100
Navajo Tribal Utility Authority,AZ,2024,commercial,206972.0,36048000.0,0.17416848999999998,False,False,False,False,False,0.17416848655856831,False,OK,100
"Navopache Electric Coop, Inc",AZ,2024,commercial,69447.0,7857000.0,0.11313664,False,False,False,False,False,0.11313663657177415,False,OK,100
Salt River Project,AZ,2024,commercial,13767916.0,1481943000.0,0.10763742000000001,False,False,False,False,False,0.10763742312198883,False,OK,100
Sulphur Springs Valley E C Inc,AZ,2024,commercial,477743.0,51295200.0,0.10736986,False,False,False,False,False,0.10736986203879492,False,OK,100
"TerraForm US Energy Services, LLC",AZ,2024,commercial,16628.0,1846000.0,0.11101756,False,False,False,False,False,0.11101756074091894,False,OK,100
Tesla Inc.,AZ,2024,commercial,71463.0,5442600.0,0.076159691,False,False,False,False,False,0.07615969102892406,False,OK,100
Trico Electric Cooperative Inc,AZ,2024,commercial,235687.0,29248800.0,0.12410018,False,False,False,False,False,0.12410018371823647,False,OK,100
Tucson Electric Power Co,AZ,2024,commercial,1970104.0,306959000.0,0.15580853,False,False,False,False,False,0.15580852584432092,False,OK,100
"UNS Electric, Inc",AZ,2024,commercial,736251.0,112101000.0,0.15225922,False,False,False,False,False,0.15225921594673555,False,OK,100
USBIA-San Carlos Project,AZ,2024,commercial,97721.0,17526000.0,0.17934733000000003,False,False,False,False,False,0.1793473255492678,False,OK,100
WAPA-- Western Area Power Administration,AZ,2024,commercial,81254.0,2149900.0,0.026459005,False,False,False,False,True,0.026459005095133777,False,LOW_PRICE,85
"Ahana Renewables, LLC",CA,2024,commercial,6223.0,1523800.0,0.24486581999999998,False,False,False,True,False,0.2448658203438856,False,HIGH_PRICE,90
Alameda Municipal Power,CA,2024,commercial,216203.0,43430500.0,0.20087834000000002,False,False,False,True,False,0.20087834118860515,False,HIGH_PRICE,90
Bear Valley Electric Service,CA,2024,commercial,33935.0,9982000.0,0.29415058,False,False,False,True,False,0.29415058199499045,False,HIGH_PRICE,90
City & County of San Francisco,CA,2024,commercial,743836.0,137259100.0,0.18452870999999998,False,False,False,False,False,0.18452871331852722,False,OK,100
City of Anaheim - (CA),CA,2024,commercial,725751.0,128635000.0,0.17724399,False,False,False,False,False,0.17724398588496607,False,OK,100
City of Azusa,CA,2024,commercial,83492.0,15699000.0,0.18802999,False,False,False,False,False,0.18802999089733147,False,OK,100
City of Burbank Water and Power,CA,2024,commercial,683972.0,123658000.0,0.18079395,False,False,False,False,False,0.18079395062955794,False,OK,100
City of Colton - (CA),CA,2024,commercial,68352.0,27568100.0,0.40332543,False,False,False,True,False,0.40332543305243446,False,HIGH_PRICE,90
City of Corona - (CA),CA,2024,commercial,45845.0,6479200.0,0.14132839,False,False,False,False,False,0.1413283891373105,False,OK,100
City of Escondido - (CA),CA,2024,commercial,4155.0,215000.0,0.051744886000000004,False,False,False,False,False,0.05174488567990373,False,OK,100
City of Glendale - (CA),CA,2024,commercial,576711.0,143675800.0,0.24912963000000002,False,False,False,True,False,0.24912963338656624,False,HIGH_PRICE,90
City of Lodi - (CA),CA,2024,commercial,167813.0,33076300.000000004,0.19710213,False,False,False,False,False,0.1971021315392729,False,OK,100
City of Moreno Valley - (CA),CA,2024,commercial,164012.0,41508000.0,0.25307904000000003,False,False,False,True,False,0.2530790429968539,False,HIGH_PRICE,90
City of Palo Alto - (CA),CA,2024,commercial,619338.0,105108000.0,0.16971024,False,False,False,False,False,0.16971023899712273,False,OK,100
City of Pasadena - (CA),CA,2024,commercial,667164.0,156460100.0,0.23451519999999998,False,False,False,True,False,0.23451520165956197,False,HIGH_PRICE,90
City of Redding - (CA),CA,2024,commercial,363092.0,64934000.0,0.17883622,False,False,False,False,False,0.17883621781807366,False,OK,100
City of Riverside - (CA),CA,2024,commercial,445358.0,85084000.0,0.1910463,False,False,False,False,False,0.19104630432146721,False,OK,100
City of Roseville - (CA),CA,2024,commercial,446943.0,74650800.0,0.16702533,False,False,False,False,False,0.1670253253770615,False,OK,100
City of Santa Clara - (CA),CA,2024,commercial,130095.0,28715000.0,0.22072332,False,False,False,True,False,0.2207233175756178,False,HIGH_PRICE,90
City of Shasta Lake - (CA),CA,2024,commercial,11756.0,2300000.0,0.19564478000000002,False,False,False,False,False,0.19564477713507997,False,OK,100
City of Vernon,CA,2024,commercial,395921.0,88339700.0,0.22312456,False,False,False,True,False,0.2231245627284231,False,HIGH_PRICE,90
"Constellation Solar Holding, LLC",CA,2024,commercial,85070.0,15252300.0,0.17929117000000003,False,False,False,False,False,0.17929117197601974,False,OK,100
Greenbacker Renewable Energy Corporation,CA,2024,commercial,15071.0,1158000.0,0.076836308,False,False,False,False,False,0.07683630814146374,False,OK,100
"Greenskies Renewable Energy, LLC",CA,2024,commercial,17498.0,1704100.0,0.09738827300000001,False,False,False,False,False,0.09738827294547948,False,OK,100
Imperial Irrigation District,CA,2024,commercial,1581503.0,288059000.0,0.18214255999999998,False,False,False,False,False,0.18214255679565577,False,OK,100
Kings River Conservation Dist,CA,2024,commercial,450755.0,3623400.0,0.008038513,False,False,False,False,True,0.008038513161251678,False,LOW_PRICE,85
Liberty Utilities,CA,2024,commercial,279823.0,72586200.0,0.25940041,False,False,False,True,False,0.25940040668565484,False,HIGH_PRICE,90
Los Angeles Department of Water & Power,CA,2024,commercial,11978429.0,2629825000.0,0.21954674000000002,False,False,False,True,False,0.21954673688845172,False,HIGH_PRICE,90
Merced Irrigation District,CA,2024,commercial,262208.0,50705700.0,0.19337968,False,False,False,False,False,0.19337968330485722,False,OK,100
Modesto Irrigation District,CA,2024,commercial,855244.0,146788000.0,0.17163288999999998,False,False,False,False,False,0.1716328907305985,False,OK,100
PacifiCorp,CA,2024,commercial,239124.0,45632800.0,0.19083321,False,False,False,False,False,0.19083320787541191,False,OK,100
Pacific Gas & Electric Co.,CA,2024,commercial,8159051.0,3219777000.0,0.39462641,False,False,False,True,False,0.3946264093704035,False,HIGH_PRICE,90
Sacramento Municipal Util Dist,CA,2024,commercial,4150764.0,676029400.0,0.16286867000000002,False,False,False,False,False,0.16286866706948408,False,OK,100
San Diego Gas & Electric Co,CA,2024,commercial,1237280.0,439773500.0,0.35543571,False,False,False,True,False,0.35543571382387174,False,HIGH_PRICE,90
"Scale Sustainable I, LLC",CA,2024,commercial,2185.0,423000.0,0.19359268,False,False,False,False,False,0.19359267734553776,False,OK,100
Southern California Edison Co,CA,2024,commercial,28534149.0,6588907000.0,0.23091304,False,False,False,True,False,0.23091303686680825,False,HIGH_PRICE,90
Surprise Valley Electrification,CA,2024,commercial,10252.0,1406300.0,0.13717323,False,False,False,False,False,0.13717323449083105,False,OK,100
"TerraForm US Energy Services, LLC",CA,2024,commercial,31551.0,5607000.0,0.17771228,False,False,False,False,False,0.17771227536369688,False,OK,100
Tesla Inc.,CA,2024,commercial,321469.0,45613000.0,0.14188926000000002,False,False,False,False,False,0.14188926459471987,False,OK,100
Turlock Irrigation District,CA,2024,commercial,547752.0,74285000.0,0.13561794000000002,False,False,False,False,False,0.13561794388701456,False,OK,100
"Valley Electric Assn, Inc",CA,2024,commercial,4.0,1800.0,0.45,False,False,False,True,False,0.45,False,HIGH_PRICE,90
WAPA-- Western Area Power Administration,CA,2024,commercial,1767561.0,81481500.0,0.046098268,False,False,False,False,True,0.0460982676128292,False,LOW_PRICE,85
"Ahana Renewables, LLC",CO,2024,commercial,1009.0,138300.0,0.1370664,False,False,False,False,False,0.13706640237859266,False,OK,100
"Black Hills Colorado Electric, LLC",CO,2024,commercial,857046.0,103298000.0,0.12052795,False,False,False,False,False,0.12052795299202143,False,OK,100
CORE Electric Cooperative,CO,2024,commercial,856370.0,105069100.0,0.12269124,False,False,False,False,False,0.12269124327101603,False,OK,100
City of Colorado Springs - (CO),CO,2024,commercial,1224952.0,117136000.0,0.095624971,False,False,False,False,False,0.09562497142745185,False,OK,100
City of Fort Collins - (CO),CO,2024,commercial,478265.0,55003000.0,0.11500527999999999,False,False,False,False,False,0.11500527949985886,False,OK,100
City of Fort Morgan,CO,2024,commercial,127267.0,12182300.0,0.095722379,False,False,False,False,False,0.09572237893562353,False,OK,100
City of Fountain,CO,2024,commercial,83657.0,9803000.0,0.11718087,False,False,False,False,False,0.11718086950285092,False,OK,100
City of Longmont,CO,2024,commercial,341771.0,37722000.0,0.11037215,False,False,False,False,False,0.11037214977280109,False,OK,100
City of Loveland - (CO),CO,2024,commercial,103458.0,14706900.0,0.14215334000000002,False,False,False,False,False,0.1421533375862669,False,OK,100
Delta Montrose Electric Assn,CO,2024,commercial,143282.0,16678800.0,0.11640541,False,False,False,False,False,0.11640541030973883,False,OK,100
"Empire Electric Assn, Inc",CO,2024,commercial,146168.0,15833000.0,0.10832056,False,False,False,False,False,0.10832056264024957,False,OK,100
Grand Valley Power,CO,2024,commercial,73225.0,10141000.0,0.13849095,False,False,False,False,False,0.13849095254353022,False,OK,100
Greenbacker Renewable Energy Corporation,CO,2024,commercial,6877.0,378000.0,0.054965827999999994,False,False,False,False,False,0.05496582812272793,False,OK,100
"Greenskies Renewable Energy, LLC",CO,2024,commercial,1855.0,70800.0,0.038167116,False,False,False,False,True,0.03816711590296496,False,LOW_PRICE,85
"High West Energy, Inc",CO,2024,commercial,3235.0,362800.0,0.11214838,False,False,False,False,False,0.1121483771251932,False,OK,100
Highline Electric Assn,CO,2024,commercial,56626.0,7561000.0,0.13352524000000002,False,False,False,False,False,0.13352523575742592,False,OK,100
"Holy Cross Electric Assn, Inc",CO,2024,commercial,521102.0,52321000.0,0.10040452999999999,False,False,False,False,False,0.1004045273286228,False,OK,100
K C Electric Association,CO,2024,commercial,121498.0,15200800.0,0.12511152,False,False,False,False,False,0.1251115244695386,False,OK,100
"La Plata Electric Assn, Inc",CO,2024,commercial,252265.0,32002000.0,0.12685866,False,False,False,False,False,0.12685866053554792,False,OK,100
Moon Lake Electric Assn Inc,CO,2024,commercial,19812.0,1776200.0,0.089652736,False,False,False,False,False,0.08965273571572784,False,OK,100
Morgan County Rural Elec Assn,CO,2024,commercial,255922.0,25230700.0,0.09858746,False,False,False,False,False,0.09858746024179242,False,OK,100
"Mountain Parks Electric, Inc",CO,2024,commercial,130744.0,16077000.0,0.12296549000000001,False,False,False,False,False,0.122965489812152,False,OK,100
"Mountain View Elec Assn, Inc",CO,2024,commercial,200506.0,26288500.0,0.13111079,False,False,False,False,False,0.1311107897020538,False,OK,100
"Poudre Valley REA, Inc",CO,2024,commercial,426421.0,47535900.0,0.11147645,False,False,False,False,False,0.1114764516756914,False,OK,100
Public Service Co of Colorado,CO,2024,commercial,12655120.0,1498938100.0,0.11844519,False,False,False,False,False,0.11844519056318707,False,OK,100
"San Isabel Electric Assn, Inc",CO,2024,commercial,85835.0,13809000.0,0.16087843,False,False,False,False,False,0.16087842954505738,False,OK,100
"San Luis Valley R E C, Inc",CO,2024,commercial,52066.0,7130000.0,0.13694157,False,False,False,False,False,0.13694157415587907,False,OK,100
"San Miguel Power Assn, Inc",CO,2024,commercial,96510.0,12957000.0,0.13425552,False,False,False,False,False,0.13425551756294685,False,OK,100
"Scale Sustainable I, LLC",CO,2024,commercial,3209.0,332000.0,0.10345902000000001,False,False,False,False,False,0.10345902150202556,False,OK,100
Southeast Colorado Power Assn,CO,2024,commercial,136010.0,17652000.0,0.12978457000000002,False,False,False,False,False,0.12978457466362767,False,OK,100
Southwestern Electric Coop Inc - (NM),CO,2024,commercial,27.0,5100.0,0.18888888999999998,False,False,False,False,False,0.18888888888888888,False,OK,100
"TerraForm US Energy Services, LLC",CO,2024,commercial,1747.0,101000.0,0.057813394000000004,False,False,False,False,False,0.057813394390383514,False,OK,100
Tesla Inc.,CO,2024,commercial,18735.0,1805500.0,0.09637043,False,False,False,False,False,0.09637042967707499,False,OK,100
"Tri-County Electric Coop, Inc (OK)",CO,2024,commercial,147.0,27600.0,0.1877551,False,False,False,False,False,0.18775510204081633,False,OK,100
"United Power, Inc",CO,2024,commercial,655929.0,82783000.0,0.12620726,False,False,False,False,False,0.12620725718789685,False,OK,100
WAPA-- Western Area Power Administration,CO,2024,commercial,51074.0,1508500.0,0.029535575999999997,False,False,False,False,True,0.02953557583114696,False,LOW_PRICE,85
"Wheatland Electric Coop, Inc",CO,2024,commercial,675.0,116000.0,0.17185185,False,False,False,False,False,0.17185185185185184,False,OK,100
"White River Electric Assn, Inc",CO,2024,commercial,27891.0,3339700.0,0.11974114,False,False,False,False,False,0.11974113513319709,False,OK,100
Y-W Electric Assn Inc,CO,2024,commercial,164892.0,16812000.0,0.10195765,False,False,False,False,False,0.10195764500400262,False,OK,100
Yampa Valley Electric Assn Inc,CO,2024,commercial,127827.0,16839200.0,0.1317343,False,False,False,False,False,0.13173429713597284,False,OK,100
Bozrah Light & Power Company,CT,2024,commercial,8162.0,1704000.0,0.20877236,False,False,False,True,False,0.20877235971575595,False,HIGH_PRICE,90
City of Norwich - (CT),CT,2024,commercial,127341.0,25862200.0,0.20309405000000003,False,False,False,True,False,0.20309405454645402,False,HIGH_PRICE,90
Connecticut Light & Power Co,CT,2024,commercial,1811852.0,411945200.0,0.2273614,False,False,False,True,False,0.22736139596390875,False,HIGH_PRICE,90
"Constellation Solar Holding, LLC",CT,2024,commercial,436.0,52300.0,0.11995412999999999,False,False,False,False,False,0.11995412844036697,False,OK,100
Greenbacker Renewable Energy Corporation,CT,2024,commercial,676.0,161000.0,0.23816568,False,False,False,True,False,0.23816568047337278,False,HIGH_PRICE,90
"Greenskies Renewable Energy, LLC",CT,2024,commercial,65816.0,4137000.0,0.062857056,False,False,False,False,False,0.06285705603500669,False,OK,100
Groton Dept of Utilities - (CT),CT,2024,commercial,94527.0,17000500.0,0.17984809,False,False,False,False,False,0.17984808573211886,False,OK,100
"TerraForm US Energy Services, LLC",CT,2024,commercial,1272.0,172000.0,0.13522013,False,False,False,False,False,0.13522012578616352,False,OK,100
Tesla Inc.,CT,2024,commercial,14768.0,1511000.0,0.10231582,False,False,False,False,False,0.10231581798483207,False,OK,100
Town of Wallingford - (CT),CT,2024,commercial,216797.0,27797000.0,0.12821672,False,False,False,False,False,0.12821671886603597,False,OK,100
United Illuminating Co,CT,2024,commercial,573751.0,139232500.0,0.24267060000000001,False,False,False,True,False,0.24267060100984572,False,HIGH_PRICE,90
"Ahana Renewables, LLC",DC,2024,commercial,155.0,7500.0,0.048387097,False,False,False,False,True,0.04838709677419355,False,LOW_PRICE,85
"Constellation Solar Holding, LLC",DC,2024,commercial,1038.0,62500.0,0.060211946,False,False,False,False,False,0.06021194605009634,False,OK,100
Potomac Electric Power Co,DC,2024,commercial,1176842.0,235079700.0,0.19975468,False,False,False,False,False,0.19975468244675157,False,OK,100
City of Dover - (DE),DE,2024,commercial,222788.0,28924000.0,0.12982746,False,False,False,False,False,0.12982745928865108,False,OK,100
City of Milford - (DE),DE,2024,commercial,68432.0,9686600.0,0.14155074,False,False,False,False,False,0.14155073649754502,False,OK,100
City of Newark - (DE),DE,2024,commercial,73371.0,12830700.0,0.17487427,False,False,False,False,False,0.17487426912540377,False,OK,100
"Constellation Solar Holding, LLC",DE,2024,commercial,1056.0,63400.0,0.060037878999999995,False,False,False,False,False,0.060037878787878786,False,OK,100
Delaware Electric Cooperative,DE,2024,commercial,304626.0,42188000.0,0.13849113,False,False,False,False,False,0.13849113338979602,False,OK,100
Delmarva Power,DE,2024,commercial,869426.0,143772700.0,0.16536508000000003,False,False,False,False,False,0.1653650799492999,False,OK,100
"Scale Sustainable I, LLC",DE,2024,commercial,31.0,3200.0,0.10322581,False,False,False,False,False,0.1032258064516129,False,OK,100
Tesla Inc.,DE,2024,commercial,433.0,28800.0,0.06651270199999999,False,False,False,False,False,0.06651270207852195,False,OK,100
Town of Middletown - (DE),DE,2024,commercial,8162.0,1506200.0,0.1845381,False,False,False,False,False,0.18453810340602794,False,OK,100
Beaches Energy Services,FL,2024,commercial,289604.0,38357000.0,0.13244638,False,False,False,False,False,0.13244637505006837,False,OK,100
"Central Florida Elec Coop, Inc",FL,2024,commercial,104426.0,12861000.0,0.12315898,False,False,False,False,False,0.12315898339493996,False,OK,100
Central Florida Tourism Oversight District,FL,2024,commercial,1163344.0,109292000.0,0.09394641699999999,False,False,False,False,False,0.09394641653715496,False,OK,100
"Choctawhatche Elec Coop, Inc",FL,2024,commercial,270906.0,31435600.0,0.11603877000000001,False,False,False,False,False,0.11603877359674573,False,OK,100
City of Bartow - (FL),FL,2024,commercial,89833.0,8518000.0,0.09482038899999999,False,False,False,False,False,0.09482038894392929,False,OK,100
City of Homestead - (FL),FL,2024,commercial,66945.0,7434600.0,0.11105534,False,False,False,False,False,0.11105534393905445,False,OK,100
City of Lake Worth Beach - (FL),FL,2024,commercial,177571.0,24065000.0,0.13552326,False,False,False,False,False,0.1355232554865378,False,OK,100
City of Lakeland - (FL),FL,2024,commercial,905593.0,85758000.0,0.09469817000000001,False,False,False,False,False,0.0946981701492834,False,OK,100
City of Leesburg - (FL),FL,2024,commercial,218812.0,25682900.0,0.11737428,False,False,False,False,False,0.11737427563387748,False,OK,100
City of Ocala,FL,2024,commercial,215595.0,25586100.0,0.11867668999999999,False,False,False,False,False,0.11867668545188896,False,OK,100
City of Tallahassee - (FL),FL,2024,commercial,1596371.0,157399300.0,0.098598196,False,False,False,False,False,0.09859819553224157,False,OK,100
City of Winter Park - (FL),FL,2024,commercial,246081.0,23549000.0,0.095696133,False,False,False,False,False,0.09569613257423369,False,OK,100
"Clay Electric Cooperative, Inc - (FL)",FL,2024,commercial,723061.0,78068300.0,0.10796918,False,False,False,False,False,0.10796917549141774,False,OK,100
"Duke Energy Florida, LLC",FL,2024,commercial,15801970.0,1936988400.0,0.12257892,False,False,False,False,False,0.12257891895757302,False,OK,100
"Escambia River Elec Coop, Inc",FL,2024,commercial,44596.0,6315000.0,0.14160463,False,False,False,False,False,0.1416046282177774,False,OK,100
"Florida Keys El Coop Assn, Inc",FL,2024,commercial,99661.0,13781000.0,0.13827877,False,False,False,False,False,0.13827876501339542,False,OK,100
Florida Power & Light Co,FL,2024,commercial,53585736.0,5758038000.0,0.10745468000000001,False,False,False,False,False,0.10745467786427343,False,OK,100
Florida Public Utilities Co,FL,2024,commercial,305971.0,47641000.0,0.1557043,False,False,False,False,False,0.15570429877341316,False,OK,100
Fort Pierce Utilities Authority,FL,2024,commercial,329191.0,39273000.0,0.11930156,False,False,False,False,False,0.11930156049223703,False,OK,100
Gainesville Regional Utilities,FL,2024,commercial,789062.0,128812000.0,0.16324698999999998,False,False,False,False,False,0.16324699453274902,False,OK,100
"Glades Electric Coop, Inc",FL,2024,commercial,42709.0,8847000.0,0.20714603,False,False,False,True,False,0.20714603479360322,False,HIGH_PRICE,90
Greenbacker Renewable Energy Corporation,FL,2024,commercial,458.0,87000.0,0.18995633,False,False,False,False,False,0.18995633187772926,False,OK,100
"Greenskies Renewable Energy, LLC",FL,2024,commercial,2340.0,784300.0,0.33517094000000003,False,False,False,True,False,0.3351709401709402,False,HIGH_PRICE,90
"Gulf Coast Electric Coop, Inc",FL,2024,commercial,74653.0,9623700.0,0.12891243,False,False,False,False,False,0.12891243486531018,False,OK,100
JEA,FL,2024,commercial,4156854.0,437728100.0,0.10530274,False,False,False,False,False,0.10530273615575625,False,OK,100
Kissimmee Utility Authority,FL,2024,commercial,601873.0,76210900.0,0.12662289,False,False,False,False,False,0.12662289220483391,False,OK,100
"Lee County Electric Coop, Inc - (FL)",FL,2024,commercial,1293951.0,148052900.0,0.11441925,False,False,False,False,False,0.11441924771494438,False,OK,100
New Smyrna Beach City of,FL,2024,commercial,143474.0,15571000.0,0.10852836999999999,False,False,False,False,False,0.10852837447899968,False,OK,100
Okefenoke Rural El Member Corp,FL,2024,commercial,15583.0,2116100.0,0.13579542,False,False,False,False,False,0.13579541808380927,False,OK,100
Orlando Utilities Comm,FL,2024,commercial,4392622.0,377196100.0,0.085870375,False,False,False,False,False,0.0858703753703369,False,OK,100
"Peace River Electric Coop, Inc",FL,2024,commercial,359883.0,38529000.0,0.10705978999999999,False,False,False,False,False,0.10705979443319079,False,OK,100
"Sumter Electric Coop, Inc",FL,2024,commercial,304004.0,44819300.0,0.14742997000000002,False,False,False,False,False,0.1474299680267365,False,OK,100
Suwannee Valley Elec Coop Inc,FL,2024,commercial,116808.0,15403000.0,0.13186597,False,False,False,False,False,0.13186596808437778,False,OK,100
"Talquin Electric Coop, Inc",FL,2024,commercial,166373.0,20865200.0,0.12541218,False,False,False,False,False,0.12541217625456053,False,OK,100
Tampa Electric Co,FL,2024,commercial,8413896.0,901203700.0,0.10710897,False,False,False,False,False,0.10710896592969535,False,OK,100
"TerraForm US Energy Services, LLC",FL,2024,commercial,679.0,195000.0,0.28718704,False,False,False,True,False,0.28718703976435933,False,HIGH_PRICE,90
Tesla Inc.,FL,2024,commercial,2310.0,226200.0,0.097922078,False,False,False,False,False,0.09792207792207792,False,OK,100
"Tri-County Electric Coop, Inc (FL)",FL,2024,commercial,54985.0,9251600.0,0.16825679999999998,False,False,False,False,False,0.16825679730835683,False,OK,100
"Utility Board of the City of Key West, F",FL,2024,commercial,346391.0,51965000.0,0.15001833,False,False,False,False,False,0.1500183318850663,False,OK,100
"West Florida El Coop Assn, Inc",FL,2024,commercial,71363.0,10479000.0,0.1468408,False,False,False,False,False,0.1468407998542662,False,OK,100
Withlacoochee River Elec Coop,FL,2024,commercial,1083177.0,117991200.0,0.10893067000000001,False,False,False,False,False,0.10893067338025088,False,OK,100
Albany Utility Board,GA,2024,commercial,489134.0,36021700.0,0.073643828,False,False,False,False,False,0.07364382766276725,False,OK,100
Altamaha Electric Member Corp,GA,2024,commercial,332113.0,29917200.0,0.090081388,False,False,False,False,False,0.09008138796132642,False,OK,100
Amicalola Electric Member Corp,GA,2024,commercial,131462.0,18240600.0,0.13875188,False,False,False,False,False,0.13875188267332006,False,OK,100
Blue Ridge Mountain EMC - (GA),GA,2024,commercial,180820.0,27017000.0,0.14941378,False,False,False,False,False,0.14941378166132066,False,OK,100
Canoochee Electric Member Corp,GA,2024,commercial,100438.0,9207300.0,0.091671479,False,False,False,False,False,0.09167147892232023,False,OK,100
Carroll Electric Member Corp - (GA),GA,2024,commercial,139499.0,18018000.0,0.12916222,False,False,False,False,False,0.1291622162166037,False,OK,100
Central Georgia El Member Corp,GA,2024,commercial,203992.0,22756000.0,0.11155339,False,False,False,False,False,0.11155339425075493,False,OK,100
City of Buford,GA,2024,commercial,74983.0,10335800.0,0.13784191,False,False,False,False,False,0.13784191083312217,False,OK,100
City of Calhoun - (GA),GA,2024,commercial,71728.0,10250600.0,0.14290932,False,False,False,False,False,0.14290932411331697,False,OK,100
City of Cartersville - (GA),GA,2024,commercial,231703.0,29442000.0,0.12706784000000002,False,False,False,False,False,0.12706784115872474,False,OK,100
City of Chattanooga - (TN),GA,2024,commercial,46950.0,6226000.0,0.13260916,False,False,False,False,False,0.13260915867944623,False,OK,100
City of Chickamauga,GA,2024,commercial,11428.0,1372000.0,0.120056,False,False,False,False,False,0.12005600280014,False,OK,100
City of College Park - (GA),GA,2024,commercial,476181.0,38484600.0,0.080819268,False,False,False,False,False,0.08081926830343923,False,OK,100
City of Covington - (GA),GA,2024,commercial,148823.0,19958800.0,0.13411099,False,False,False,False,False,0.13411099090866332,False,OK,100
City of Douglas,GA,2024,commercial,277603.0,22815000.0,0.082185711,False,False,False,False,False,0.08218571124951819,False,OK,100
City of East Point - (GA),GA,2024,commercial,274952.0,25146700.0,0.091458509,False,False,False,False,False,0.09145850912159213,False,OK,100
City of Griffin - (GA),GA,2024,commercial,161690.0,24722300.0,0.15289938,False,False,False,False,False,0.15289937534788794,False,OK,100
City of La Grange - (GA),GA,2024,commercial,175550.0,18141000.0,0.10333808,False,False,False,False,False,0.10333808031899744,False,OK,100
City of Lawrenceville - (GA),GA,2024,commercial,228318.0,26588300.0,0.11645293000000001,False,False,False,False,False,0.11645292968578912,False,OK,100
City of Marietta - (GA),GA,2024,commercial,607785.0,72414200.0,0.11914443000000001,False,False,False,False,False,0.11914443429831273,False,OK,100
City of Sandersville - (GA),GA,2024,commercial,1489582.0,66768200.0,0.044823446999999995,False,False,False,False,True,0.04482344711469392,False,LOW_PRICE,85
City of Sylvania - (GA),GA,2024,commercial,303638.0,17968400.0,0.059177046000000004,False,False,False,False,False,0.05917704635124721,False,OK,100
City of Thomasville - (GA),GA,2024,commercial,302081.0,33370500.0,0.11046872,False,False,False,False,False,0.1104687153445599,False,OK,100
City of Washington - (GA),GA,2024,commercial,711664.0,33771700.0,0.047454557,False,False,False,False,True,0.04745455720677173,False,LOW_PRICE,85
Coastal Electric Member Corp - (GA),GA,2024,commercial,86559.0,11449500.0,0.13227394,False,False,False,False,False,0.1322739403181645,False,OK,100
Cobb Electric Membership Corp,GA,2024,commercial,1250717.0,127033000.0,0.10156814,False,False,False,False,False,0.10156814051460082,False,OK,100
Colquitt Electric Membership Corp,GA,2024,commercial,72698.0,10036800.0,0.13806157,False,False,False,False,False,0.1380615697818372,False,OK,100
Coweta-Fayette El Member Corp,GA,2024,commercial,318998.0,42895200.0,0.13446855,False,False,False,False,False,0.1344685546617847,False,OK,100
Crisp County Power Comm,GA,2024,commercial,112153.0,17943100.0,0.1599877,False,False,False,False,False,0.15998769538041782,False,OK,100
Dalton Utilities,GA,2024,commercial,1979990.0,110515000.0,0.055815938,False,False,False,False,False,0.055815938464335677,False,OK,100
Diverse Power Incorporated,GA,2024,commercial,145620.0,23731100.0,0.16296593999999998,False,False,False,False,False,0.16296593874467794,False,OK,100
Excelsior Electric Member Corp,GA,2024,commercial,183285.0,12749000.0,0.069558338,False,False,False,False,False,0.0695583381073192,False,OK,100
Flint Electric Membership Corp,GA,2024,commercial,515721.0,61667000.0,0.11957433999999999,False,False,False,False,False,0.11957434349192683,False,OK,100
Georgia Power Co,GA,2024,commercial,34306574.0,3995961200.0,0.116478,False,False,False,False,False,0.11647800214617758,False,OK,100
Grady Electric Membership Corp,GA,2024,commercial,51150.0,6859500.0,0.13410557,False,False,False,False,False,0.13410557184750732,False,OK,100
GreyStone Power Corporation,GA,2024,commercial,638507.0,81386700.0,0.12746406999999998,False,False,False,False,False,0.1274640685223498,False,OK,100
Habersham Electric Membership Corp,GA,2024,commercial,95280.0,11547700.0,0.12119752,False,False,False,False,False,0.12119752308984047,False,OK,100
Hart Electric Member Corp,GA,2024,commercial,199721.0,25777700.0,0.12906855,False,False,False,False,False,0.12906855062812625,False,OK,100
Haywood Electric Member Corp,GA,2024,commercial,26.0,6000.0,0.23076923000000002,False,False,False,True,False,0.23076923076923078,False,HIGH_PRICE,90
Jackson Electric Member Corp - (GA),GA,2024,commercial,1645493.0,186681000.0,0.11344989,False,False,False,False,False,0.11344989009372874,False,OK,100
Jefferson Electric Member Corp,GA,2024,commercial,77024.0,9810000.0,0.1273629,False,False,False,False,False,0.12736289987536353,False,OK,100
Mitchell Electric Member Corp,GA,2024,commercial,158238.0,22196000.0,0.14026972000000001,False,False,False,False,False,0.14026972029474588,False,OK,100
"Newnan Wtr, Sewer & Light Comm",GA,2024,commercial,200124.0,21168000.0,0.10577442,False,False,False,False,False,0.105774419859687,False,OK,100
North Georgia Elec Member Corp,GA,2024,commercial,818532.0,77087000.0,0.09417713700000001,False,False,False,False,False,0.09417713662996682,False,OK,100
Oconee Electric Member Corp,GA,2024,commercial,38030.0,6234900.0,0.16394688,False,False,False,False,False,0.16394688403891663,False,OK,100
Okefenoke Rural El Member Corp,GA,2024,commercial,61784.0,8077300.0,0.13073449,False,False,False,False,False,0.13073449436747378,False,OK,100
Planters Electric Member Corp,GA,2024,commercial,36177.0,4438000.0,0.12267462999999999,False,False,False,False,False,0.12267462752577604,False,OK,100
Rayle Electric Membership Corp,GA,2024,commercial,67313.0,9478000.0,0.14080489999999998,False,False,False,False,False,0.1408048965281595,False,OK,100
Satilla Rural Elec Member Corporation,GA,2024,commercial,131221.0,19974100.0,0.15221725,False,False,False,False,False,0.1522172518118289,False,OK,100
Sawnee Electric Membership Corporation,GA,2024,commercial,993534.0,107528600.0,0.10822839999999999,False,False,False,False,False,0.10822840486586267,False,OK,100
Snapping Shoals El Member Corp,GA,2024,commercial,273019.0,30985000.0,0.11349026999999999,False,False,False,False,False,0.11349026990795512,False,OK,100
Southern Rivers Energy,GA,2024,commercial,40613.0,6484000.0,0.15965331000000002,False,False,False,False,False,0.1596533129786029,False,OK,100
Sumter Electric Member Corp,GA,2024,commercial,108896.0,17745800.0,0.16296099000000003,False,False,False,False,False,0.1629609903026741,False,OK,100
"TerraForm US Energy Services, LLC",GA,2024,commercial,5984.0,904000.0,0.15106951999999998,False,False,False,False,False,0.15106951871657753,False,OK,100
Three Notch Elec Member Corp,GA,2024,commercial,32991.0,5758800.0,0.1745567,False,False,False,False,False,0.17455669728107664,False,OK,100
Tri-County Elec Member Corp (GA),GA,2024,commercial,59177.0,8642600.0,0.14604661,False,False,False,False,False,0.14604660594487723,False,OK,100
Tri-State Electric Member Corp,GA,2024,commercial,89173.0,12999000.0,0.14577282,False,False,False,False,False,0.14577282361252847,False,OK,100
Walton Electric Member Corp,GA,2024,commercial,1904768.0,132147000.0,0.06937695299999999,False,False,False,False,False,0.06937695299375042,False,OK,100
Washington Elec Member Corp,GA,2024,commercial,68369.0,8287400.0,0.12121575999999999,False,False,False,False,False,0.12121575567874329,False,OK,100
"Ahana Renewables, LLC",HI,2024,commercial,320.0,72000.0,0.225,False,False,False,True,False,0.225,False,HIGH_PRICE,90
Greenbacker Renewable Energy Corporation,HI,2024,commercial,429.0,86000.0,0.2004662,False,False,False,True,False,0.20046620046620048,False,HIGH_PRICE,90
Hawaii Electric Light Co Inc,HI,2024,commercial,365299.0,168124400.0,0.46023778,False,False,False,True,False,0.46023777782036085,False,HIGH_PRICE,90
Hawaiian Electric Co Inc,HI,2024,commercial,1947937.0,721234300.0,0.37025545,False,False,False,True,False,0.37025545487354056,False,HIGH_PRICE,90
Kauai Island Utility Cooperative,HI,2024,commercial,118236.0,49287100.0,0.41685358,False,False,False,True,False,0.41685358097364594,False,HIGH_PRICE,90
Maui Electric Co Ltd,HI,2024,commercial,308918.0,134212400.0,0.43445963,False,False,False,True,False,0.43445963006364147,False,HIGH_PRICE,90
"TerraForm US Energy Services, LLC",HI,2024,commercial,1520.0,403000.0,0.26513158000000003,False,False,False,True,False,0.26513157894736844,False,HIGH_PRICE,90
Tesla Inc.,HI,2024,commercial,25713.0,2611000.0,0.10154397,False,False,False,False,False,0.10154396608719325,False,OK,100
Access Energy Coop,IA,2024,commercial,26156.0,3279800.0,0.12539379,False,False,False,False,False,0.1253937910995565,False,OK,100
Amana Society Service Co,IA,2024,commercial,8358.0,1221000.0,0.14608758,False,False,False,False,False,0.1460875807609476,False,OK,100
Board of Water Electric & Communications,IA,2024,commercial,138754.0,13314000.0,0.095953991,False,False,False,False,False,0.09595399051558874,False,OK,100
Butler County Rural Elec Coop - (IA),IA,2024,commercial,21.0,8100.0,0.38571429,False,False,False,True,False,0.38571428571428573,False,HIGH_PRICE,90
Cedar Falls Utilities,IA,2024,commercial,492516.0,28074500.0,0.057002209,False,False,False,False,False,0.05700220906528925,False,OK,100
City of Ames - (IA),IA,2024,commercial,334597.0,28463100.0,0.08506681199999999,False,False,False,False,False,0.08506681171678168,False,OK,100
City of Independence - (IA),IA,2024,commercial,37089.0,3658500.0,0.09864110699999999,False,False,False,False,False,0.09864110652754186,False,OK,100
City of Maquoketa - (IA),IA,2024,commercial,30453.0,3441300.0,0.11300364,False,False,False,False,False,0.11300364496108757,False,OK,100
City of Preston,IA,2024,commercial,3390.0,393300.0,0.1160177,False,False,False,False,False,0.11601769911504425,False,OK,100
Consumers Energy Coop - (IA),IA,2024,commercial,28559.0,3363000.0,0.11775622000000001,False,False,False,False,False,0.11775622395742148,False,OK,100
East-Central Iowa Rural Elec Coop,IA,2024,commercial,58457.0,6769000.0,0.11579452,False,False,False,False,False,0.11579451562687103,False,OK,100
Eastern Iowa Light & Power Coop,IA,2024,commercial,77757.0,9270400.0,0.11922271000000001,False,False,False,False,False,0.11922270663734455,False,OK,100
Heartland Power Coop,IA,2024,commercial,45332.0,4714800.0,0.104006,False,False,False,False,False,0.10400600017647578,False,OK,100
Interstate Power and Light Co,IA,2024,commercial,4005972.0,537537000.0,0.13418391,False,False,False,False,False,0.134183913417268,False,OK,100
Iowa Lakes Electric Coop,IA,2024,commercial,130665.0,15380400.0,0.11770863999999999,False,False,False,False,False,0.11770864424291126,False,OK,100
Linn County REC,IA,2024,commercial,57442.0,7950000.0,0.13840047,False,False,False,False,False,0.13840047352111695,False,OK,100
Maquoketa Valley Rrl Elec Coop,IA,2024,commercial,141949.0,16355200.0,0.11521885,False,False,False,False,False,0.11521884620532727,False,OK,100
MiEnergy Cooperative,IA,2024,commercial,84357.0,9803200.0,0.11621087,False,False,False,False,False,0.11621086572542884,False,OK,100
MidAmerican Energy Co,IA,2024,commercial,4917627.0,414740600.0,0.084337547,False,False,False,False,False,0.08433754735769915,False,OK,100
Midland Power Coop,IA,2024,commercial,60498.0,6828000.0,0.11286324,False,False,False,False,False,0.11286323514826936,False,OK,100
North West Rural Electric Coop,IA,2024,commercial,503569.0,34250600.0,0.068015704,False,False,False,False,False,0.06801570390552238,False,OK,100
Prairie Energy Coop,IA,2024,commercial,124.0,15100.0,0.12177419,False,False,False,False,False,0.1217741935483871,False,OK,100
Avista Corp,ID,2024,commercial,1046807.0,104867000.0,0.10017797,False,False,False,False,False,0.10017796976902141,False,OK,100
City of Idaho Falls - (ID),ID,2024,commercial,383763.0,28816300.0,0.075088792,False,False,False,False,False,0.0750887917803436,False,OK,100
Fall River Rural Elec Coop Inc,ID,2024,commercial,118799.0,9208000.0,0.07750907,False,False,False,False,False,0.07750906994166618,False,OK,100
Idaho Power Co,ID,2024,commercial,4176454.0,382101400.0,0.09148943100000001,False,False,False,False,False,0.09148943098619068,False,OK,100
Inland Power & Light Company,ID,2024,commercial,4549.0,418200.0,0.091932293,False,False,False,False,False,0.09193229281160695,False,OK,100
Kootenai Electric Cooperative,ID,2024,commercial,140814.0,16232000.0,0.11527263,False,False,False,False,False,0.11527262914198873,False,OK,100
Lower Valley Energy Inc,ID,2024,commercial,4836.0,339000.0,0.070099256,False,False,False,False,False,0.07009925558312655,False,OK,100
"Missoula Electric Coop, Inc",ID,2024,commercial,878.0,86000.0,0.097949886,False,False,False,False,False,0.0979498861047836,False,OK,100
"Northern Lights, Inc",ID,2024,commercial,51938.0,5877000.0,0.11315415,False,False,False,False,False,0.1131541453271208,False,OK,100
PacifiCorp,ID,2024,commercial,577677.0,59303100.0,0.10265789,False,False,False,False,False,0.10265788667369481,False,OK,100
Raft Rural Elec Coop Inc,ID,2024,commercial,75894.0,4060000.0,0.053495665,False,False,False,False,False,0.053495665006456375,False,OK,100
Salmon River Electric Coop Inc,ID,2024,commercial,21605.0,1630000.0,0.075445499,False,False,False,False,False,0.0754454987271465,False,OK,100
"United Electric Co-op, Inc - (ID)",ID,2024,commercial,72210.0,4889600.0,0.06771361299999999,False,False,False,False,False,0.06771361307298158,False,OK,100
"Ahana Renewables, LLC",IL,2024,commercial,118.0,14600.0,0.12372881,False,False,False,False,False,0.12372881355932204,False,OK,100
Ameren Illinois Company,IL,2024,commercial,2353896.0,306949100.0,0.13040045,False,False,False,False,False,0.1304004509969854,False,OK,100
City of Batavia - (IL),IL,2024,commercial,130597.0,15642000.0,0.11977304,False,False,False,False,False,0.11977304225977625,False,OK,100
City of Geneva- (IL),IL,2024,commercial,125887.0,11991000.0,0.095252091,False,False,False,False,False,0.09525209116112068,False,OK,100
City of Naperville - (IL),IL,2024,commercial,609689.0,66085000.0,0.10839133000000001,False,False,False,False,False,0.10839132738166508,False,OK,100
City of Peru - (IL),IL,2024,commercial,81610.0,10364000.0,0.12699424,False,False,False,False,False,0.12699424090185027,False,OK,100
City of Springfield - (IL),IL,2024,commercial,874808.0,115980900.0,0.13257869,False,False,False,False,False,0.13257869155288932,False,OK,100
City of St Charles - (IL),IL,2024,commercial,170525.0,23492000.0,0.13776279,False,False,False,False,False,0.13776279137956313,False,OK,100
Coles-Moultrie Electric Coop,IL,2024,commercial,50271.0,7550000.0,0.15018599,False,False,False,False,False,0.15018599192377316,False,OK,100
Commonwealth Edison Co,IL,2024,commercial,8061455.0,992378600.0,0.12310167,False,False,False,False,False,0.1231016733331638,False,OK,100
Corn Belt Energy Corporation,IL,2024,commercial,178417.0,23698600.0,0.13282702999999998,False,False,False,False,False,0.1328270288145188,False,OK,100
Eastern Illinois Elec Coop,IL,2024,commercial,51770.0,7968000.0,0.15391153,False,False,False,False,False,0.15391153177515937,False,OK,100
Egyptian Electric Coop Assn,IL,2024,commercial,131959.0,16950000.0,0.12844898999999999,False,False,False,False,False,0.1284489879432248,False,OK,100
"Jo-Carroll Energy, Inc",IL,2024,commercial,84700.0,14430000.0,0.170366,False,False,False,False,False,0.17036599763872493,False,OK,100
Menard Electric Coop,IL,2024,commercial,32060.0,4901800.0,0.15289457,False,False,False,False,False,0.15289457267623208,False,OK,100
MidAmerican Energy Co,IL,2024,commercial,589356.0,44621800.0,0.07571281199999999,False,False,False,False,False,0.07571281195067157,False,OK,100
Mt Carmel Public Utility Co,IL,2024,commercial,15381.0,2953000.0,0.19199012,False,False,False,False,False,0.19199011767765425,False,OK,100
Norris Electric Coop,IL,2024,commercial,92927.0,12546000.0,0.1350092,False,False,False,False,False,0.13500920077049727,False,OK,100
Rochelle Municipal Utilities,IL,2024,commercial,43525.0,5238000.0,0.12034463000000001,False,False,False,False,False,0.1203446295232625,False,OK,100
Rock Energy Cooperative,IL,2024,commercial,85974.0,10163000.0,0.11821016000000001,False,False,False,False,False,0.11821015655895968,False,OK,100
"Shelby Electric Coop, Inc - (IL)",IL,2024,commercial,26695.0,3541100.0,0.13265031,False,False,False,False,False,0.13265030904663794,False,OK,100
"Southeastern IL Elec Coop, Inc",IL,2024,commercial,88535.0,12731000.0,0.14379624,False,False,False,False,False,0.14379623877562545,False,OK,100
Southwestern Electric Coop Inc - (IL),IL,2024,commercial,81391.0,10688400.0,0.13132164,False,False,False,False,False,0.1313216448993132,False,OK,100
"Tri-County Electric Coop, Inc (IL)",IL,2024,commercial,32935.0,4418900.0,0.13417034,False,False,False,False,False,0.13417033550933657,False,OK,100
Wayne-White Counties Elec Coop,IL,2024,commercial,81523.0,9950100.0,0.12205266999999999,False,False,False,False,False,0.1220526722520025,False,OK,100
AES Indiana,IN,2024,commercial,1774798.0,253634500.0,0.14290893999999998,False,False,False,False,False,0.14290893949621308,False,OK,100
"Ahana Renewables, LLC",IN,2024,commercial,1061.0,203200.0,0.19151744,False,False,False,False,False,0.19151743638077284,False,OK,100
Bartholomew County Rural E M C,IN,2024,commercial,47841.0,6318200.0,0.13206664,False,False,False,False,False,0.13206663740306432,False,OK,100
Boone County Rural EMC,IN,2024,commercial,241117.0,28779000.0,0.11935699,False,False,False,False,False,0.11935699266331283,False,OK,100
Carroll-White REMC,IN,2024,commercial,115768.0,13359000.0,0.11539458,False,False,False,False,False,0.11539458226798424,False,OK,100
City of Anderson - (IN),IN,2024,commercial,269337.0,29869700.0,0.11090083999999999,False,False,False,False,False,0.11090084169646205,False,OK,100
City of Auburn - (IN),IN,2024,commercial,28735.0,2367000.0,0.082373412,False,False,False,False,False,0.08237341221506873,False,OK,100
City of Bluffton - (IN),IN,2024,commercial,32106.0,3456000.0,0.10764343,False,False,False,False,False,0.1076434311343674,False,OK,100
City of Frankfort - (IN),IN,2024,commercial,59705.0,6958000.0,0.11653965,False,False,False,False,False,0.1165396532953689,False,OK,100
City of Greenfield - (IN),IN,2024,commercial,92837.0,11534000.0,0.12423926,False,False,False,False,False,0.1242392580544395,False,OK,100
City of Jasper - (IN),IN,2024,commercial,107550.0,11284900.0,0.10492701,False,False,False,False,False,0.10492701069270106,False,OK,100
City of Lebanon - (IN),IN,2024,commercial,29665.0,4025700.0,0.13570538000000001,False,False,False,False,False,0.13570537670655655,False,OK,100
City of Logansport - (IN),IN,2024,commercial,71870.0,7196000.0,0.10012523,False,False,False,False,False,0.1001252261026854,False,OK,100
City of Mishawaka,IN,2024,commercial,355874.0,38709700.0,0.10877361,False,False,False,False,False,0.10877361088475135,False,OK,100
City of Peru - (IN),IN,2024,commercial,73187.0,9498000.0,0.12977715,False,False,False,False,False,0.12977714621449166,False,OK,100
City of Richmond - (IN),IN,2024,commercial,167969.0,21886400.0,0.13030023,False,False,False,False,False,0.13030023397174478,False,OK,100
Clark County Rural E M C - (IN),IN,2024,commercial,71124.0,8526400.0,0.11988077000000001,False,False,False,False,False,0.11988077161014567,False,OK,100
"Crawfordsville Elec, Lgt & Pwr",IN,2024,commercial,38468.0,5147700.0,0.13381772,False,False,False,False,False,0.1338177186232713,False,OK,100
Daviess Martin County R E M C,IN,2024,commercial,31743.0,4484000.0,0.14125949000000002,False,False,False,False,False,0.14125949028132187,False,OK,100
Decatur County Rural E M C,IN,2024,commercial,37182.0,4648300.0,0.12501479,False,False,False,False,False,0.12501479210370608,False,OK,100
Dubois Rural Electric Coop Inc,IN,2024,commercial,19640.0,2695000.0,0.13721996,False,False,False,False,False,0.13721995926680244,False,OK,100
"Duke Energy Indiana, LLC",IN,2024,commercial,8229148.0,818253000.0,0.099433501,False,False,False,False,False,0.09943350149979074,False,OK,100
Greenbacker Renewable Energy Corporation,IN,2024,commercial,1530.0,490000.0,0.32026144,False,False,False,True,False,0.3202614379084967,False,HIGH_PRICE,90
Harrison County Rural E M C,IN,2024,commercial,80263.0,10524000.0,0.13111895,False,False,False,False,False,0.13111894646350125,False,OK,100
Heartland REMC,IN,2024,commercial,177748.0,22707000.0,0.12774827,False,False,False,False,False,0.12774827283569998,False,OK,100
Hendricks County Rural E M C,IN,2024,commercial,295743.0,31901200.0,0.10786797999999999,False,False,False,False,False,0.1078679799690948,False,OK,100
Indiana Michigan Power Co,IN,2024,commercial,4274678.0,508594800.0,0.11897851,False,False,False,False,False,0.11897850551550315,False,OK,100
Jackson County Rural E M C - (IN),IN,2024,commercial,50263.0,6687000.0,0.13304021,False,False,False,False,False,0.13304020850327278,False,OK,100
Jasper County Rural E M C,IN,2024,commercial,126305.0,15344100.0,0.12148450000000001,False,False,False,False,False,0.12148450180119552,False,OK,100
Johnson County Rural E M C,IN,2024,commercial,116190.0,15389800.0,0.13245374,False,False,False,False,False,0.1324537395645064,False,OK,100
Kankakee Valley Rural E M C,IN,2024,commercial,54191.0,8353700.000000001,0.1541529,False,False,False,False,False,0.15415290361868209,False,OK,100
Midwest Energy Cooperative - (MI),IN,2024,commercial,2695.0,468300.0,0.17376623,False,False,False,False,False,0.17376623376623376,False,OK,100
NineStar Connect,IN,2024,commercial,49559.0,6808700.0,0.13738574,False,False,False,False,False,0.13738574224661515,False,OK,100
Noble County R E M C,IN,2024,commercial,19151.0,2466000.0,0.12876611999999998,False,False,False,False,False,0.1287661218735314,False,OK,100
Northeastern Rural E M C,IN,2024,commercial,185453.0,23599000.0,0.12725057,False,False,False,False,False,0.12725057022534011,False,OK,100
Northern Indiana Pub Serv Co,IN,2024,commercial,3765256.0,633805100.0,0.16832988000000002,False,False,False,False,False,0.16832988248342212,False,OK,100
"Paulding-Putman Elec Coop, Inc",IN,2024,commercial,22751.0,1978600.0,0.08696760599999999,False,False,False,False,False,0.08696760581952441,False,OK,100
RushShelby Energy,IN,2024,commercial,48631.0,6635000.0,0.13643561,False,False,False,False,False,0.13643560691739837,False,OK,100
South Central Indiana REMC,IN,2024,commercial,56312.0,8168000.0,0.14504901,False,False,False,False,False,0.14504901264384146,False,OK,100
Southeastern Indiana R E M C,IN,2024,commercial,71536.0,9962400.0,0.13926415,False,False,False,False,False,0.13926414672332812,False,OK,100
Southern Indiana Gas & Elec Co,IN,2024,commercial,1161784.0,182118800.0,0.15675788000000002,False,False,False,False,False,0.15675788270453028,False,OK,100
"Southern Indiana R E C, Inc",IN,2024,commercial,33782.0,4447000.0,0.13163815,False,False,False,False,False,0.1316381504943461,False,OK,100
Tipmont Rural Elec Member Corp,IN,2024,commercial,124149.0,16471400.000000002,0.13267445,False,False,False,False,False,0.13267444763952993,False,OK,100
Utilities Dist-Western IN REMC,IN,2024,commercial,42638.0,6186900.0,0.14510296,False,False,False,False,False,0.14510295980111637,False,OK,100
Western Indiana Energy REMC,IN,2024,commercial,116997.0,15235900.0,0.13022471,False,False,False,False,False,0.13022470661640898,False,OK,100
Whitewater Valley Rural EMC,IN,2024,commercial,37094.0,4774000.0,0.12870006,False,False,False,False,False,0.1287000593087831,False,OK,100
"Alfalfa Electric Coop, Inc",KS,2024,commercial,4593.0,744000.0,0.16198563,False,False,False,False,False,0.1619856303069889,False,OK,100
CMS Electric Coop Inc,KS,2024,commercial,92459.0,12966900.0,0.14024487,False,False,False,False,False,0.1402448652916428,False,OK,100
City of Chanute,KS,2024,commercial,41735.0,4958000.0,0.11879717,False,False,False,False,False,0.11879717263687553,False,OK,100
City of Coffeyville - (KS),KS,2024,commercial,60638.0,7049700.0,0.11625878,False,False,False,False,False,0.11625878162208517,False,OK,100
City of Garden City,KS,2024,commercial,93217.0,9583000.0,0.10280314,False,False,False,False,False,0.10280313676689874,False,OK,100
City of Kansas City - (KS),KS,2024,commercial,1073013.0,129362000.0,0.12055958,False,False,False,False,False,0.1205595831550969,False,OK,100
City of McPherson - (KS),KS,2024,commercial,100638.0,8711000.0,0.08655776100000001,False,False,False,False,False,0.08655776148174646,False,OK,100
City of Winfield - (KS),KS,2024,commercial,70540.0,8152000.0,0.11556564,False,False,False,False,False,0.1155656365182875,False,OK,100
Empire District Electric Co,KS,2024,commercial,54727.0,8153100.0,0.14897765,False,False,False,False,False,0.14897765271255506,False,OK,100
"Evergy Kansas Central, Inc",KS,2024,commercial,4275484.0,470946500.0,0.11015045000000001,False,False,False,False,False,0.1101504531416794,False,OK,100
"Evergy Kansas South, Inc",KS,2024,commercial,3150612.0,354433400.0,0.11249668,False,False,False,False,False,0.11249668318409249,False,OK,100
Evergy Metro,KS,2024,commercial,3221176.0,344816300.0,0.10704670999999999,False,False,False,False,False,0.10704671213246342,False,OK,100
FreeState Electric Coop,KS,2024,commercial,37159.0,5600000.0,0.15070373,False,False,False,False,False,0.15070373260852013,False,OK,100
Midwest Energy Inc - (KS),KS,2024,commercial,379076.0,40537700.0,0.10693818999999999,False,False,False,False,False,0.1069381865377919,False,OK,100
"Pioneer Electric Coop, Inc - (KS)",KS,2024,commercial,328555.0,29398000.0,0.089476648,False,False,False,False,False,0.08947664774543075,False,OK,100
Prairie Land Electric Coop Inc,KS,2024,commercial,153986.0,20682200.0,0.13431221000000002,False,False,False,False,False,0.13431221020092735,False,OK,100
Southern Pioneer Electric Company,KS,2024,commercial,149572.0,21270000.0,0.14220576,False,False,False,False,False,0.1422057604364453,False,OK,100
"Tri-County Electric Coop, Inc (OK)",KS,2024,commercial,8539.0,1411000.0,0.16524183,False,False,False,False,False,0.16524183159620565,False,OK,100
Victory Electric Coop Assn Inc,KS,2024,commercial,216669.0,21856000.0,0.10087275999999999,False,False,False,False,False,0.10087275983181719,False,OK,100
Western Coop Electric Assn Inc,KS,2024,commercial,269367.0,24777100.0,0.091982685,False,False,False,False,False,0.09198268533265025,False,OK,100
"Wheatland Electric Coop, Inc",KS,2024,commercial,495614.0,54215000.0,0.10938957,False,False,False,False,False,0.1093895652665179,False,OK,100
Big Sandy Rural Elec Coop Corp,KY,2024,commercial,32228.0,4001000.0,0.1241467,False,False,False,False,False,0.12414670472880725,False,OK,100
Blue Grass Energy Coop Corp,KY,2024,commercial,191732.0,22466000.0,0.11717397,False,False,False,False,False,0.11717397200258695,False,OK,100
City of Benton - (KY),KY,2024,commercial,30935.0,4076000.0,0.13176014,False,False,False,False,False,0.13176014223371585,False,OK,100
City of Berea Municipal Utility,KY,2024,commercial,22227.0,1913800.0,0.086102488,False,False,False,False,False,0.0861024879650875,False,OK,100
City of Bowling Green - (KY),KY,2024,commercial,465487.0,49271000.0,0.10584828,False,False,False,False,False,0.10584828362553626,False,OK,100
City of Frankfort - (KY),KY,2024,commercial,279961.0,27290000.0,0.097477863,False,False,False,False,False,0.09747786298805905,False,OK,100
City of Franklin - (KY),KY,2024,commercial,51880.0,6406000.0,0.12347725999999999,False,False,False,False,False,0.12347725520431765,False,OK,100
City of Fulton - (KY),KY,2024,commercial,20603.0,2639000.0,0.12808814,False,False,False,False,False,0.1280881425035189,False,OK,100
City of Glasgow - (KY),KY,2024,commercial,139257.0,16415000.0,0.11787558000000001,False,False,False,False,False,0.11787558255599359,False,OK,100
City of Hickman,KY,2024,commercial,6661.0,1063000.0,0.15958565,False,False,False,False,False,0.15958564780063053,False,OK,100
City of Hopkinsville,KY,2024,commercial,126059.0,16489000.0,0.13080382999999998,False,False,False,False,False,0.13080382995264123,False,OK,100
City of Jellico,KY,2024,commercial,5360.0,802000.0,0.14962687,False,False,False,False,False,0.1496268656716418,False,OK,100
City of Mayfield Plant Board,KY,2024,commercial,66428.0,8192000.0,0.12332148999999999,False,False,False,False,False,0.12332149093755645,False,OK,100
City of Murray - (KY),KY,2024,commercial,147589.0,15871000.0,0.10753510999999999,False,False,False,False,False,0.10753511440554513,False,OK,100
City of Owensboro - (KY),KY,2024,commercial,242083.0,25809300.0,0.10661343000000001,False,False,False,False,False,0.10661343423536555,False,OK,100
City of Paducah - (KY),KY,2024,commercial,295270.0,42123200.0,0.14265993999999999,False,False,False,False,False,0.14265993836149965,False,OK,100
City of Russellville - (KY),KY,2024,commercial,43620.0,5519000.0,0.12652453,False,False,False,False,False,0.12652453003209538,False,OK,100
Clark Energy Coop Inc - (KY),KY,2024,commercial,91902.0,11648000.0,0.12674371,False,False,False,False,False,0.1267437052512459,False,OK,100
"Cumberland Valley Electric, Inc.",KY,2024,commercial,143506.0,11538000.0,0.08040081900000001,False,False,False,False,False,0.08040081947793123,False,OK,100
Duke Energy Kentucky,KY,2024,commercial,1767187.0,200525000.0,0.1134713,False,False,False,False,False,0.11347129647286903,False,OK,100
Farmers Rural Electric Coop Corp - (KY),KY,2024,commercial,79164.0,9934000.0,0.12548633,False,False,False,False,False,0.12548633217118893,False,OK,100
Fleming-Mason Energy Coop Inc,KY,2024,commercial,135943.0,14624000.0,0.1075745,False,False,False,False,False,0.10757449813524786,False,OK,100
Gibson Electric Members Corp,KY,2024,commercial,33166.0,4050000.0,0.12211301000000001,False,False,False,False,False,0.12211300729662908,False,OK,100
Grayson Rural Electric Coop Corp,KY,2024,commercial,93035.0,9278000.0,0.09972591,False,False,False,False,False,0.0997259096039125,False,OK,100
Henderson City Utility Comm,KY,2024,commercial,101629.0,10088600.0,0.099268909,False,False,False,False,False,0.09926890946481812,False,OK,100
Inter County Energy Coop Corp - (KY),KY,2024,commercial,59906.0,7421000.0,0.12387741000000001,False,False,False,False,False,0.1238774079391046,False,OK,100
Jackson Energy Coop Corp - (KY),KY,2024,commercial,139293.0,17008400.0,0.12210520000000001,False,False,False,False,False,0.12210520270221763,False,OK,100
Jackson Purchase Energy Corporation,KY,2024,commercial,471428.0,37798200.0,0.080178097,False,False,False,False,False,0.08017809718557235,False,OK,100
Kenergy Corp,KY,2024,commercial,304684.0,41625000.0,0.13661695,False,False,False,False,False,0.13661695395885573,False,OK,100
Kentucky Power Co,KY,2024,commercial,1446978.0,193074000.0,0.13343257,False,False,False,False,False,0.1334325746486816,False,OK,100
Kentucky Utilities Co,KY,2024,commercial,5536949.0,642277700.0,0.11599849000000001,False,False,False,False,False,0.11599848580870079,False,OK,100
Licking Valley Rural E C C,KY,2024,commercial,135596.0,10813000.0,0.07974424,False,False,False,False,False,0.07974424024307501,False,OK,100
Louisville Gas & Electric Co,KY,2024,commercial,4682305.0,524165000.0,0.11194593,False,False,False,False,False,0.11194593261224974,False,OK,100
Madisonville Municipal Utils,KY,2024,commercial,113419.0,11616000.0,0.10241669999999999,False,False,False,False,False,0.102416702668865,False,OK,100
Meade County Rural E C C,KY,2024,commercial,102306.0,14288000.0,0.13965945,False,False,False,False,False,0.1396594530135085,False,OK,100
Nolin Rural Electric Coop Corp,KY,2024,commercial,119508.0,13918000.0,0.11646081999999999,False,False,False,False,False,0.1164608227064297,False,OK,100
Owen Electric Coop Inc,KY,2024,commercial,208087.0,22278000.0,0.10706099,False,False,False,False,False,0.10706098891329108,False,OK,100
Pennyrile Rural Electric Coop,KY,2024,commercial,325262.0,43821000.0,0.13472524,False,False,False,False,False,0.13472523688595656,False,OK,100
Salt River Electric Coop Corp,KY,2024,commercial,299184.0,31360900.0,0.10482145,False,False,False,False,False,0.10482144767099845,False,OK,100
"Shelby Energy Coop, Inc - (KY)",KY,2024,commercial,87359.0,9240000.0,0.10577044000000001,False,False,False,False,False,0.10577044151146418,False,OK,100
South Kentucky Rural E C C,KY,2024,commercial,94108.0,13749000.0,0.1460981,False,False,False,False,False,0.14609810005525567,False,OK,100
Taylor County Rural E C C,KY,2024,commercial,131126.0,14787000.0,0.11276939999999999,False,False,False,False,False,0.1127693973735186,False,OK,100
Tennessee Valley Authority,KY,2024,commercial,286105.0,23544300.0,0.082292515,False,False,False,False,False,0.08229251498575697,False,OK,100
Tri-County Elec Member Corp (TN),KY,2024,commercial,330550.0,33578000.0,0.10158220999999999,False,False,False,False,False,0.10158221146573893,False,OK,100
Warren Rural Elec Coop Corp,KY,2024,commercial,455823.0,59302000.0,0.13009874,False,False,False,False,False,0.130098744468796,False,OK,100
West Kentucky Rural E C C,KY,2024,commercial,192566.0,27680000.0,0.14374292,False,False,False,False,False,0.1437429245038065,False,OK,100
"Beauregard Electric Coop, Inc",LA,2024,commercial,176294.0,23999000.0,0.13613055,False,False,False,False,False,0.13613055464167811,False,OK,100
City of Alexandria - (LA),LA,2024,commercial,363017.0,38444300.0,0.1059022,False,False,False,False,False,0.10590220292713565,False,OK,100
City of Lafayette - (LA),LA,2024,commercial,1119834.0,95725000.0,0.08548142,False,False,False,False,False,0.08548141956754304,False,OK,100
City of Natchitoches,LA,2024,commercial,107833.0,9669500.0,0.089671065,False,False,False,False,False,0.08967106544378808,False,OK,100
City of Ruston - (LA),LA,2024,commercial,163720.0,6892000.0,0.042096261999999995,False,False,False,False,True,0.04209626191057904,False,LOW_PRICE,85
"Claiborne Electric Coop, Inc",LA,2024,commercial,80672.0,10363800.0,0.12846837,False,False,False,False,False,0.12846836572788575,False,OK,100
Cleco Power LLC,LA,2024,commercial,2824748.0,318698000.0,0.11282352,False,False,False,False,False,0.11282351558439903,False,OK,100
"Concordia Electric Coop, Inc",LA,2024,commercial,45798.0,7770300.0,0.16966461,False,False,False,False,False,0.1696646141752915,False,OK,100
Dixie Electric Membership Corp - (LA),LA,2024,commercial,226972.0,27353000.0,0.12051266,False,False,False,False,False,0.12051266235482791,False,OK,100
Entergy Louisiana LLC,LA,2024,commercial,11914015.0,1185845300.0,0.09953364199999999,False,False,False,False,False,0.09953364168166651,False,OK,100
"Entergy New Orleans, LLC",LA,2024,commercial,2874888.0,305430000.0,0.10624065999999999,False,False,False,False,False,0.106240660505731,False,OK,100
"Jefferson Davis Elec Coop, Inc",LA,2024,commercial,38140.0,5223000.0,0.13694284,False,False,False,False,False,0.13694284216046146,False,OK,100
Northeast Louisiana Power Coop Inc.,LA,2024,commercial,60475.0,7554000.0,0.12491111999999999,False,False,False,False,False,0.12491112029764366,False,OK,100
"Panola-Harrison Elec Coop, Inc",LA,2024,commercial,25794.0,2345400.0,0.090928123,False,False,False,False,False,0.0909281228192603,False,OK,100
Pointe Coupee Elec Member Corp,LA,2024,commercial,50542.0,7374000.0,0.14589846,False,False,False,False,False,0.145898460686162,False,OK,100
South Louisiana Elec Coop Assn,LA,2024,commercial,191188.0,27438000.0,0.14351319,False,False,False,False,False,0.1435131912044689,False,OK,100
Southwest Louisiana E M C,LA,2024,commercial,483081.0,60015100.0,0.12423403000000001,False,False,False,False,False,0.12423403114591548,False,OK,100
Southwestern Electric Power Co,LA,2024,commercial,2202679.0,254470200.0,0.11552759,False,False,False,False,False,0.11552759162819458,False,OK,100
Terrebonne Parish Consol Gov't,LA,2024,commercial,131482.0,13839000.0,0.10525395,False,False,False,False,False,0.10525395111117872,False,OK,100
"Washington-St Tammany E C, Inc",LA,2024,commercial,216186.0,24747500.0,0.11447319,False,False,False,False,False,0.11447318512762159,False,OK,100
"Ahana Renewables, LLC",MA,2024,commercial,34287.0,6736900.0,0.19648555,False,False,False,False,False,0.19648554845859947,False,OK,100
City of Chicopee - (MA),MA,2024,commercial,121635.0,20106000.0,0.16529782,False,False,False,False,False,0.1652978172401036,False,OK,100
City of Holyoke - (MA),MA,2024,commercial,227354.0,33851000.0,0.14889116,False,False,False,False,False,0.14889115652242757,False,OK,100
City of Norwood - (MA),MA,2024,commercial,104543.0,20461500.0,0.19572329,False,False,False,False,False,0.1957232908946558,False,OK,100
City of Peabody - (MA),MA,2024,commercial,31571.0,5880600.0,0.18626588000000002,False,False,False,False,False,0.18626587691235627,False,OK,100
City of Taunton,MA,2024,commercial,137732.0,31161000.0,0.22624372,False,False,False,True,False,0.2262437196875091,False,HIGH_PRICE,90
City of Westfield - (MA),MA,2024,commercial,100674.0,20379000.0,0.20242564999999998,False,False,False,True,False,0.20242565111150843,False,HIGH_PRICE,90
"Constellation Solar Holding, LLC",MA,2024,commercial,3199.0,380300.0,0.1188809,False,False,False,False,False,0.11888090028133792,False,OK,100
Fitchburg Gas & Elec Light Co,MA,2024,commercial,7227.0,2631000.0,0.36405147,False,False,False,True,False,0.3640514736405147,False,HIGH_PRICE,90
Greenbacker Renewable Energy Corporation,MA,2024,commercial,16327.0,2268000.0,0.13891101,False,False,False,False,False,0.13891100630856862,False,OK,100
"Greenskies Renewable Energy, LLC",MA,2024,commercial,28912.0,2253500.0,0.077943414,False,False,False,False,False,0.07794341449916989,False,OK,100
Massachusetts Electric Co,MA,2024,commercial,1038014.0,239012300.0,0.23025922999999998,False,False,False,True,False,0.23025922579078895,False,HIGH_PRICE,90
NSTAR Electric Company,MA,2024,commercial,820406.0,221516000.0,0.27000778000000003,False,False,False,True,False,0.270007776637421,False,HIGH_PRICE,90
Nantucket Electric Co,MA,2024,commercial,2489.0,750200.0,0.30140619,False,False,False,True,False,0.30140618722378465,False,HIGH_PRICE,90
"TerraForm US Energy Services, LLC",MA,2024,commercial,17612.0,1891000.0,0.10736998,False,False,False,False,False,0.10736997501703384,False,OK,100
Tesla Inc.,MA,2024,commercial,4249.0,497000.0,0.11696870000000001,False,False,False,False,False,0.11696869851729819,False,OK,100
Town of Braintree - (MA),MA,2024,commercial,185048.0,31028000.0,0.16767541000000002,False,False,False,False,False,0.16767541394665167,False,OK,100
Town of Danvers,MA,2024,commercial,31795.0,5049900.0,0.15882686,False,False,False,False,False,0.15882685956911463,False,OK,100
Town of Hudson - (MA),MA,2024,commercial,41774.0,4502400.0,0.10777996,False,False,False,False,False,0.10777995882606406,False,OK,100
Town of Littleton - (MA),MA,2024,commercial,42493.0,6439700.0,0.15154731,False,False,False,False,False,0.15154731367519356,False,OK,100
Town of Mansfield - (MA),MA,2024,commercial,18915.0,3018600.0,0.15958762999999998,False,False,False,False,False,0.15958762886597938,False,OK,100
Town of Middleborough - (MA),MA,2024,commercial,130291.0,19472600.0,0.14945468,False,False,False,False,False,0.14945468221135766,False,OK,100
Town of North Attleborough - (MA),MA,2024,commercial,33397.0,5281000.0,0.15812798,False,False,False,False,False,0.15812797556666766,False,OK,100
Town of Reading - (MA),MA,2024,commercial,379553.0,49749500.0,0.13107392,False,False,False,False,False,0.13107392116516006,False,OK,100
Town of Shrewsbury - (MA),MA,2024,commercial,44781.0,6535000.0,0.14593243,False,False,False,False,False,0.14593242669882317,False,OK,100
Town of Wellesley - (MA),MA,2024,commercial,91679.0,13981500.0,0.15250494,False,False,False,False,False,0.15250493569956042,False,OK,100
A & N Electric Coop,MD,2024,commercial,567.0,76800.0,0.13544973999999999,False,False,False,False,False,0.13544973544973546,False,OK,100
"Ahana Renewables, LLC",MD,2024,commercial,1752.0,129500.0,0.07391552500000001,False,False,False,False,False,0.07391552511415525,False,OK,100
Baltimore Gas & Electric Co,MD,2024,commercial,2822301.0,456344200.0,0.16169225,False,False,False,False,False,0.1616922504013569,False,OK,100
"Choptank Electric Cooperative, Inc",MD,2024,commercial,234147.0,35797000.0,0.15288259,False,False,False,False,False,0.15288259085104655,False,OK,100
"Constellation Solar Holding, LLC",MD,2024,commercial,14432.0,1232300.0,0.085386641,False,False,False,False,False,0.08538664079822617,False,OK,100
Delmarva Power,MD,2024,commercial,410291.0,81293600.0,0.19813644,False,False,False,False,False,0.1981364446210129,False,OK,100
Easton Utilities Comm,MD,2024,commercial,132123.0,16750400.000000002,0.12677883,False,False,False,False,False,0.1267788348735648,False,OK,100
Greenbacker Renewable Energy Corporation,MD,2024,commercial,166.0,16600.0,0.1,False,False,False,False,False,0.1,False,OK,100
Hagerstown Light Department,MD,2024,commercial,86781.0,7015500.0,0.080841428,False,False,False,False,False,0.08084142842327237,False,OK,100
Potomac Electric Power Co,MD,2024,commercial,1425480.0,210545800.0,0.14770169,False,False,False,False,False,0.14770168644947668,False,OK,100
Southern Maryland Elec Coop Inc,MD,2024,commercial,1205262.0,151913900.0,0.12604222,False,False,False,False,False,0.12604222152527833,False,OK,100
"TerraForm US Energy Services, LLC",MD,2024,commercial,2604.0,233000.0,0.08947772699999999,False,False,False,False,False,0.08947772657450077,False,OK,100
Tesla Inc.,MD,2024,commercial,19930.0,1263000.0,0.063371801,False,False,False,False,False,0.06337180130456598,False,OK,100
The Potomac Edison Company,MD,2024,commercial,568567.0,77028100.0,0.13547761,False,False,False,False,False,0.1354776130165838,False,OK,100
"Ahana Renewables, LLC",ME,2024,commercial,7017.0,690200.0,0.098361123,False,False,False,False,False,0.0983611229870315,False,OK,100
Central Maine Power Co,ME,2024,commercial,997548.0,210292000.0,0.2108089,False,False,False,True,False,0.21080890343121333,False,HIGH_PRICE,90
Eastern Maine Electric Coop,ME,2024,commercial,23378.0,3644900.0,0.15591154,False,False,False,False,False,0.15591154076482164,False,OK,100
Houlton Water Company,ME,2024,commercial,20209.0,2435700.0,0.12052550999999999,False,False,False,False,False,0.12052550843683507,False,OK,100
Tesla Inc.,ME,2024,commercial,1302.0,152900.0,0.11743472,False,False,False,False,False,0.1174347158218126,False,OK,100
Town of Madison - (ME),ME,2024,commercial,3190.0,680000.0,0.21316614,False,False,False,True,False,0.21316614420062696,False,HIGH_PRICE,90
Versant Power,ME,2024,commercial,556589.0,111284400.0,0.19993998999999998,False,False,False,False,False,0.1999399916275744,False,OK,100
"Ahana Renewables, LLC",MI,2024,commercial,172.0,21300.0,0.12383720999999999,False,False,False,False,False,0.12383720930232558,False,OK,100
Alger-Delta Coop Electric Assn,MI,2024,commercial,11320.0,1834500.0,0.1620583,False,False,False,False,False,0.1620583038869258,False,OK,100
Alpena Power Co,MI,2024,commercial,89556.0,13651600.0,0.15243646,False,False,False,False,False,0.15243646433516458,False,OK,100
Cherryland Electric Coop Inc,MI,2024,commercial,113954.0,13125700.0,0.11518420000000001,False,False,False,False,False,0.11518419713217615,False,OK,100
City of Bay City - (MI),MI,2024,commercial,131259.0,24793800.0,0.18889219000000002,False,False,False,False,False,0.18889219024981144,False,OK,100
City of Crystal Falls,MI,2024,commercial,8993.0,1387700.0,0.15430891000000002,False,False,False,False,False,0.15430890692761037,False,OK,100
City of Gladstone,MI,2024,commercial,13400.0,1809000.0,0.135,False,False,False,False,False,0.135,False,OK,100
City of Grand Haven - (MI),MI,2024,commercial,85759.0,11765200.0,0.13718909999999998,False,False,False,False,False,0.1371890996863303,False,OK,100
City of Holland,MI,2024,commercial,319564.0,34099200.0,0.10670539,False,False,False,False,False,0.10670538608854564,False,OK,100
City of Lansing - (MI),MI,2024,commercial,970905.0,158172000.0,0.16291192,False,False,False,False,False,0.16291192238169544,False,OK,100
City of Marquette - (MI),MI,2024,commercial,166025.0,25414600.0,0.15307695000000002,False,False,False,False,False,0.1530769462430357,False,OK,100
City of Negaunee,MI,2024,commercial,9946.0,1608700.0,0.16174340999999998,False,False,False,False,False,0.161743414437965,False,OK,100
City of Norway,MI,2024,commercial,8961.0,1397000.0,0.15589778,False,False,False,False,False,0.15589777926570694,False,OK,100
City of Sturgis - (MI),MI,2024,commercial,37596.0,6416700.0,0.17067506999999998,False,False,False,False,False,0.17067507181615066,False,OK,100
City of Traverse City - (MI),MI,2024,commercial,144995.0,17577000.0,0.12122487,False,False,False,False,False,0.12122486982309735,False,OK,100
City of Zeeland - (MI),MI,2024,commercial,54045.0,5200400.0,0.096223517,False,False,False,False,False,0.09622351743917106,False,OK,100
Cloverland Electric Co-op,MI,2024,commercial,285591.0,34349900.0,0.12027655,False,False,False,False,False,0.12027654933103635,False,OK,100
Coldwater Board of Public Util,MI,2024,commercial,41953.0,6038900.0,0.14394441,False,False,False,False,False,0.14394441398708077,False,OK,100
Consumers Energy Co - (MI),MI,2024,commercial,11899731.0,1780928200.0,0.14966122,False,False,False,False,False,0.14966121503082716,False,OK,100
DTE Electric Company,MI,2024,commercial,16413078.0,2335247700.0,0.14227969,False,False,False,False,False,0.14227969305940055,False,OK,100
Great Lakes Energy Coop,MI,2024,commercial,184901.0,30329700.0,0.16403210000000001,False,False,False,False,False,0.1640321036662863,False,OK,100
Indiana Michigan Power Co,MI,2024,commercial,979208.0,118962800.0,0.12148880000000001,False,False,False,False,False,0.12148879502618443,False,OK,100
Midwest Energy Cooperative - (MI),MI,2024,commercial,226506.0,40072300.0,0.17691496,False,False,False,False,False,0.17691496031010215,False,OK,100
Northern States Power Co,MI,2024,commercial,47036.0,6167000.0,0.13111234,False,False,False,False,False,0.13111233948465006,False,OK,100
Presque Isle Elec & Gas Coop,MI,2024,commercial,40183.0,5788000.0,0.14404101,False,False,False,False,False,0.14404101236841452,False,OK,100
Tri-County Electric Coop (MI),MI,2024,commercial,47601.0,8650800.0,0.18173567999999998,False,False,False,False,False,0.1817356778218945,False,OK,100
Upper Michigan Energy Resources Corp.,MI,2024,commercial,133191.0,17824000.0,0.13382286000000002,False,False,False,False,False,0.13382285589867182,False,OK,100
Upper Peninsula Power Company,MI,2024,commercial,134650.0,31624000.0,0.23486075,False,False,False,True,False,0.23486075009283328,False,HIGH_PRICE,90
Village of Baraga - (MI),MI,2024,commercial,14206.0,1951800.0,0.13739265,False,False,False,False,False,0.13739265099253836,False,OK,100
Village of L'Anse - (MI),MI,2024,commercial,6735.0,972000.0,0.14432071000000002,False,False,False,False,False,0.1443207126948775,False,OK,100
Wyandotte Municipal Serv Comm,MI,2024,commercial,67781.0,8768200.0,0.12936074,False,False,False,False,False,0.12936073530930497,False,OK,100
"ALLETE, Inc.",MN,2024,commercial,1204294.0,174471200.0,0.14487426,False,False,False,False,False,0.14487425827912453,False,OK,100
Agralite Electric Coop,MN,2024,commercial,68440.0,6218000.0,0.090853302,False,False,False,False,False,0.09085330216247808,False,OK,100
BENCO Electric Cooperative,MN,2024,commercial,90700.0,11563000.0,0.12748621999999998,False,False,False,False,False,0.1274862183020948,False,OK,100
"Beltrami Electric Coop, Inc",MN,2024,commercial,147717.0,12338000.0,0.083524577,False,False,False,False,False,0.08352457740138237,False,OK,100
Brainerd Public Utilities,MN,2024,commercial,278324.0,21007200.0,0.075477501,False,False,False,False,False,0.07547750104195111,False,OK,100
City of Alexandria - (MN),MN,2024,commercial,32821.0,3893700.0,0.11863441,False,False,False,False,False,0.11863441089546327,False,OK,100
City of Anoka,MN,2024,commercial,80286.0,9534000.0,0.11875047,False,False,False,False,False,0.11875046708018833,False,OK,100
City of Austin - (MN),MN,2024,commercial,131027.0,16109000.0,0.12294413,False,False,False,False,False,0.12294412601982797,False,OK,100
City of Chaska - (MN),MN,2024,commercial,210864.0,27099100.0,0.12851459,False,False,False,False,False,0.1285145876014872,False,OK,100
City of Elk River,MN,2024,commercial,29416.0,4485000.0,0.15246804,False,False,False,False,False,0.15246804460157737,False,OK,100
City of Lake Crystal - (MN),MN,2024,commercial,7983.0,1418200.0,0.17765250999999999,False,False,False,False,False,0.17765251158712264,False,OK,100
City of Marshall - (MN),MN,2024,commercial,81855.0,6871700.0,0.08394966699999999,False,False,False,False,False,0.08394966709425203,False,OK,100
City of Moorhead - (MN),MN,2024,commercial,30796.0,3726300.0,0.12099947999999999,False,False,False,False,False,0.12099948045200676,False,OK,100
City of Owatonna - (MN),MN,2024,commercial,58727.0,7507500.0,0.12783728,False,False,False,False,False,0.12783728097808503,False,OK,100
City of Worthington - (MN),MN,2024,commercial,84335.0,8401000.0,0.09961463200000001,False,False,False,False,False,0.09961463212189482,False,OK,100
Connexus Energy,MN,2024,commercial,624680.0,66237300.0,0.10603396999999999,False,False,False,False,False,0.10603396939232887,False,OK,100
Crow Wing Cooperative Power & Light Comp,MN,2024,commercial,142396.0,16377900.0,0.11501657,False,False,False,False,False,0.11501657349925559,False,OK,100
Dakota Electric Association,MN,2024,commercial,886201.0,87149000.0,0.098339993,False,False,False,False,False,0.0983399928458668,False,OK,100
East Central Energy,MN,2024,commercial,262442.0,32480600.0,0.12376296,False,False,False,False,False,0.12376296476935857,False,OK,100
Federated Rural Electric Assn,MN,2024,commercial,71286.0,7841000.0,0.10999355,False,False,False,False,False,0.10999354712005162,False,OK,100
Freeborn Mower Electric Cooperative,MN,2024,commercial,136554.0,16565000.0,0.12130732,False,False,False,False,False,0.12130732164564934,False,OK,100
Glencoe Light & Power Comm,MN,2024,commercial,169714.0,7119900.0,0.041952343,False,False,False,False,True,0.04195234335411339,False,LOW_PRICE,85
Hutchinson Utilities Comm,MN,2024,commercial,95296.0,9051000.0,0.094977754,False,False,False,False,False,0.09497775352585627,False,OK,100
Itasca-Mantrap Co-op Electrical Assn,MN,2024,commercial,20292.0,2573900.0,0.12684309000000002,False,False,False,False,False,0.12684309087325055,False,OK,100
Lake Country Power,MN,2024,commercial,117384.0,17989900.0,0.15325683,False,False,False,False,False,0.15325683227697132,False,OK,100
Lake Region Electric Cooperative - (MN),MN,2024,commercial,116245.0,12171100.0,0.10470214,False,False,False,False,False,0.10470213772635382,False,OK,100
Meeker Coop Light & Power Assn,MN,2024,commercial,29543.0,3559100.0,0.12047185,False,False,False,False,False,0.12047185458484243,False,OK,100
MiEnergy Cooperative,MN,2024,commercial,72224.0,8763800.0,0.12134194000000001,False,False,False,False,False,0.12134193619849358,False,OK,100
Mille Lacs Energy Cooperative,MN,2024,commercial,37741.0,4890300.0,0.12957526,False,False,False,False,False,0.12957526297660368,False,OK,100
Minnesota Valley Coop L&P Assn,MN,2024,commercial,18418.0,2229800.0,0.12106635,False,False,False,False,False,0.12106634813769139,False,OK,100
Minnesota Valley Electric Coop,MN,2024,commercial,367261.0,38691000.0,0.10535014999999999,False,False,False,False,False,0.10535014608139716,False,OK,100
Northern States Power Co - Minnesota,MN,2024,commercial,12191505.0,1566594500.0,0.12849886,False,False,False,False,False,0.12849886047702888,False,OK,100
Northwestern Wisconsin Elec Co,MN,2024,commercial,167.0,25200.0,0.15089819999999998,False,False,False,False,False,0.15089820359281436,False,OK,100
Otter Tail Power Co,MN,2024,commercial,1014880.0,94469200.0,0.09308410800000001,False,False,False,False,False,0.09308410846602554,False,OK,100
People's Cooperative Services,MN,2024,commercial,79521.0,11081900.0,0.13935816,False,False,False,False,False,0.1393581569648269,False,OK,100
Rochester Public Utilities,MN,2024,commercial,673014.0,91288300.0,0.13564101,False,False,False,False,False,0.13564101192545772,False,OK,100
Runestone Electric Assn,MN,2024,commercial,22261.0,2938000.0,0.1319797,False,False,False,False,False,0.1319796954314721,False,OK,100
Shakopee Public Utilities Comm,MN,2024,commercial,14028.0,1852000.0,0.13202166999999998,False,False,False,False,False,0.13202167094382664,False,OK,100
Sioux Valley SW Elec Coop,MN,2024,commercial,6518.0,1064300.0,0.16328627999999998,False,False,False,False,False,0.1632862841362381,False,OK,100
South Central Electric Assn,MN,2024,commercial,52156.0,6926000.0,0.13279393,False,False,False,False,False,0.132793925914564,False,OK,100
Stearns Cooperative Elec Assn,MN,2024,commercial,95867.0,11251900.0,0.1173699,False,False,False,False,False,0.11736989787935369,False,OK,100
Steele-Waseca Cooperative Electric,MN,2024,commercial,68578.0,9237900.0,0.13470647,False,False,False,False,False,0.13470646563037708,False,OK,100
WAPA-- Western Area Power Administration,MN,2024,commercial,53422.0,1461300.0,0.027353899,False,False,False,False,True,0.027353899142675303,False,LOW_PRICE,85
"Wild Rice Electric Coop, Inc",MN,2024,commercial,52376.0,6036600.0,0.11525508000000001,False,False,False,False,False,0.11525507866198259,False,OK,100
Willmar Municipal Utilities,MN,2024,commercial,102569.0,11309000.0,0.11025749,False,False,False,False,False,0.11025748520508145,False,OK,100
Wright-Hennepin Coop Elec Assn,MN,2024,commercial,272150.0,31457800.0,0.11558993,False,False,False,False,False,0.11558993202278156,False,OK,100
Black River Electric Coop - (MO),MO,2024,commercial,138800.0,16384000.0,0.11804035,False,False,False,False,False,0.11804034582132565,False,OK,100
Boone Electric Coop,MO,2024,commercial,99157.0,10657000.0,0.10747602,False,False,False,False,False,0.10747602287281785,False,OK,100
Callaway Electric Cooperative,MO,2024,commercial,49865.0,5829500.0,0.11690565,False,False,False,False,False,0.11690564524215381,False,OK,100
Carroll Electric Coop Corp - (AR),MO,2024,commercial,26360.0,2991000.0,0.11346737,False,False,False,False,False,0.11346737481031867,False,OK,100
Central Missouri Elec Coop Inc,MO,2024,commercial,30985.0,3406500.0,0.10994029,False,False,False,False,False,0.1099402936904954,False,OK,100
Citizens Electric Corporation - (MO),MO,2024,commercial,90081.0,12151000.0,0.13488971,False,False,False,False,False,0.13488971037177652,False,OK,100
City Utilities of Springfield - (MO),MO,2024,commercial,1573861.0,147741700.0,0.09387214,False,False,False,False,False,0.09387213991578672,False,OK,100
City of Carthage - (MO),MO,2024,commercial,61500.0,7504000.0,0.12201625999999999,False,False,False,False,False,0.12201626016260163,False,OK,100
City of Columbia - (MO),MO,2024,commercial,451891.0,51441000.0,0.11383497000000001,False,False,False,False,False,0.11383497347811751,False,OK,100
City of Farmington - (MO),MO,2024,commercial,21050.0,2228900.0,0.10588599,False,False,False,False,False,0.10588598574821853,False,OK,100
City of Hannibal - (MO),MO,2024,commercial,27458.0,3627200.0,0.13209993,False,False,False,False,False,0.1320999344453347,False,OK,100
City of Independence - (MO),MO,2024,commercial,389891.0,58307200.0,0.14954744,False,False,False,False,False,0.14954743761718017,False,OK,100
City of Kirkwood - (MO),MO,2024,commercial,84685.0,11904000.0,0.14056799,False,False,False,False,False,0.14056798724685599,False,OK,100
City of Lebanon - (MO),MO,2024,commercial,85483.0,8266000.0,0.096697589,False,False,False,False,False,0.09669758899430296,False,OK,100
City of Monett - (MO),MO,2024,commercial,55061.0,6663500.0,0.12102032,False,False,False,False,False,0.12102032291458564,False,OK,100
City of Poplar Bluff - (MO),MO,2024,commercial,156280.0,17324600.0,0.11085616,False,False,False,False,False,0.11085615561812132,False,OK,100
City of Rolla - (MO),MO,2024,commercial,55003.0,5112000.0,0.09294038499999999,False,False,False,False,False,0.09294038506990528,False,OK,100
City of Sikeston - (MO),MO,2024,commercial,122501.0,12175300.0,0.09938939299999999,False,False,False,False,False,0.09938939273965111,False,OK,100
Clay County Electric Coop Corp - (AR),MO,2024,commercial,141.0,16500.0,0.11702128,False,False,False,False,False,0.11702127659574468,False,OK,100
Co-Mo Electric Coop Inc,MO,2024,commercial,66541.0,8775000.0,0.13187358,False,False,False,False,False,0.13187358170150734,False,OK,100
Consolidated Electric Coop,MO,2024,commercial,29945.0,3307000.0,0.1104358,False,False,False,False,False,0.11043579896476874,False,OK,100
"Crawford Electric Coop, Inc",MO,2024,commercial,49209.0,5322800.0,0.10816721,False,False,False,False,False,0.1081672051860432,False,OK,100
Cuivre River Electric Coop Inc,MO,2024,commercial,50072.0,5794500.0,0.11572336,False,False,False,False,False,0.1157233583639559,False,OK,100
Empire District Electric Co,MO,2024,commercial,1543586.0,198305600.0,0.12847072,False,False,False,False,False,0.12847071688911404,False,OK,100
Evergy Metro,MO,2024,commercial,4193265.0,435026100.0,0.103744,False,False,False,False,False,0.10374400377748604,False,OK,100
Evergy Missouri West,MO,2024,commercial,3535452.0,338432400.0,0.095725356,False,False,False,False,False,0.09572535562638101,False,OK,100
"Farmers Electric Coop, Inc - (MO)",MO,2024,commercial,40227.0,4503200.0,0.11194471,False,False,False,False,False,0.11194471374947175,False,OK,100
Gascosage Electric Coop,MO,2024,commercial,25873.0,3125000.0,0.12078227999999999,False,False,False,False,False,0.12078228268851698,False,OK,100
"Howell-Oregon Elec Coop, Inc",MO,2024,commercial,57345.0,6358100.0,0.11087453,False,False,False,False,False,0.11087453134536576,False,OK,100
Intercounty Electric Coop Assn - (MO),MO,2024,commercial,69384.0,7153000.0,0.10309293,False,False,False,False,False,0.10309293208808948,False,OK,100
"Laclede Electric Coop, Inc",MO,2024,commercial,114611.0,13303000.0,0.11607087999999999,False,False,False,False,False,0.1160708832485538,False,OK,100
Macon Electric Coop,MO,2024,commercial,40733.0,5353200.0,0.1314217,False,False,False,False,False,0.13142169739523238,False,OK,100
Missouri Rural Electric Coop,MO,2024,commercial,24911.0,2974000.0,0.11938501,False,False,False,False,False,0.11938501063787083,False,OK,100
"New-Mac Electric Coop, Inc",MO,2024,commercial,51801.0,6055000.0,0.11688964,False,False,False,False,False,0.11688963533522519,False,OK,100
Osage Valley Elec Coop Assn,MO,2024,commercial,36178.0,4532000.0,0.1252695,False,False,False,False,False,0.12526950080159213,False,OK,100
Ozark Border Electric Coop,MO,2024,commercial,158380.0,17154000.0,0.10830913,False,False,False,False,False,0.10830912994064908,False,OK,100
Ozark Electric Coop Inc - (MO),MO,2024,commercial,102930.0,12326000.0,0.11975129000000001,False,False,False,False,False,0.11975128728261926,False,OK,100
"Platte-Clay Electric Coop, Inc",MO,2024,commercial,122840.0,10896500.0,0.08870481899999999,False,False,False,False,False,0.08870481927710844,False,OK,100
SEMO Electric Cooperative,MO,2024,commercial,87105.0,15002600.0,0.17223581,False,False,False,False,False,0.17223580735893462,False,OK,100
"Southwest Electric Coop, Inc",MO,2024,commercial,97451.0,10676000.0,0.10955249,False,False,False,False,False,0.10955249304778812,False,OK,100
Three Rivers Electric Coop,MO,2024,commercial,72380.0,7657100.0,0.10579027,False,False,False,False,False,0.10579027355623101,False,OK,100
Union Electric Co - (MO),MO,2024,commercial,13645800.0,1327351000.0,0.097271761,False,False,False,False,False,0.09727176127453135,False,OK,100
Webster Electric Coop,MO,2024,commercial,105660.0,8965000.0,0.084847624,False,False,False,False,False,0.08484762445580163,False,OK,100
West Central Electric Coop Inc - (MO),MO,2024,commercial,72448.0,5079200.0,0.070108216,False,False,False,False,False,0.07010821554770318,False,OK,100
White River Valley El Coop Inc,MO,2024,commercial,246665.0,30996000.0,0.12566031,False,False,False,False,False,0.1256603085155981,False,OK,100
4-County Electric Power Assn,MS,2024,commercial,321662.0,48591000.0,0.1510623,False,False,False,False,False,0.15106229520428274,False,OK,100
Alcorn County Elec Power Assn,MS,2024,commercial,156737.0,21450000.0,0.13685345999999998,False,False,False,False,False,0.1368534551509854,False,OK,100
Central Electric Power Assn - (MS),MS,2024,commercial,265696.0,34555000.0,0.13005465,False,False,False,False,False,0.13005464892207635,False,OK,100
City of Aberdeen - (MS),MS,2024,commercial,29391.0,3550000.0,0.12078527,False,False,False,False,False,0.12078527440372903,False,OK,100
City of Amory,MS,2024,commercial,47462.0,5977000.0,0.12593232000000001,False,False,False,False,False,0.1259323248072142,False,OK,100
City of Columbus - (MS),MS,2024,commercial,204942.0,23706000.0,0.11567175,False,False,False,False,False,0.1156717510319993,False,OK,100
City of Holly Springs,MS,2024,commercial,45244.0,6301000.0,0.13926709,False,False,False,False,False,0.1392670851383609,False,OK,100
City of Macon - (MS),MS,2024,commercial,10299.0,1359000.0,0.13195456,False,False,False,False,False,0.13195455869501893,False,OK,100
City of New Albany - (MS),MS,2024,commercial,110561.0,14274000.0,0.1291052,False,False,False,False,False,0.12910519984442978,False,OK,100
City of Okolona,MS,2024,commercial,26445.0,3681000.0,0.13919455,False,False,False,False,False,0.13919455473624504,False,OK,100
City of Oxford - (MS),MS,2024,commercial,129444.0,14683000.0,0.11343128999999999,False,False,False,False,False,0.11343129075121287,False,OK,100
City of Philadelphia - (MS),MS,2024,commercial,63133.0,7483000.0,0.11852755,False,False,False,False,False,0.11852755294378534,False,OK,100
City of Starkville,MS,2024,commercial,279606.0,28859000.0,0.10321309,False,False,False,False,False,0.10321309270902627,False,OK,100
City of Tupelo - (MS),MS,2024,commercial,316663.0,34724000.0,0.10965601,False,False,False,False,False,0.10965600654323365,False,OK,100
City of Water Valley - (MS),MS,2024,commercial,15321.0,1996000.0,0.1302787,False,False,False,False,False,0.13027870243456693,False,OK,100
City of West Point - (MS),MS,2024,commercial,39562.0,5369000.0,0.13571104,False,False,False,False,False,0.1357110358424751,False,OK,100
Coast Electric Power Assn - (MS),MS,2024,commercial,447918.0,55316000.0,0.12349581999999999,False,False,False,False,False,0.12349581843105212,False,OK,100
Delta Electric Power Assn,MS,2024,commercial,43652.0,6914400.0,0.15839824,False,False,False,False,False,0.15839824063044075,False,OK,100
Dixie Electric Power Assn - (MS),MS,2024,commercial,197875.0,24391100.0,0.12326519,False,False,False,False,False,0.1232651926721415,False,OK,100
East Mississippi Elec Pwr Assn,MS,2024,commercial,91099.0,12626000.0,0.13859647,False,False,False,False,False,0.13859647197005456,False,OK,100
Entergy Mississippi LLC,MS,2024,commercial,4984401.0,633904100.0,0.12717758999999998,False,False,False,False,False,0.1271775886410423,False,OK,100
Greenwood Utilities Comm,MS,2024,commercial,121516.0,12338200.0,0.1015356,False,False,False,False,False,0.10153560025017282,False,OK,100
Louisville Electric System,MS,2024,commercial,49166.0,5759000.0,0.11713379,False,False,False,False,False,0.11713379164463247,False,OK,100
Magnolia Electric Power Assn,MS,2024,commercial,96208.0,14327000.0,0.14891693,False,False,False,False,False,0.14891692998503242,False,OK,100
Mississippi Power Co,MS,2024,commercial,2947843.0,326014000.0,0.11059409,False,False,False,False,False,0.11059408523452571,False,OK,100
Monroe County Elec Power Assn,MS,2024,commercial,45272.0,6592000.0,0.14560876,False,False,False,False,False,0.14560876479943452,False,OK,100
Natchez Trace Elec Power Assn,MS,2024,commercial,104438.0,14374000.0,0.1376319,False,False,False,False,False,0.13763189643616308,False,OK,100
North East Mississippi EPA,MS,2024,commercial,246558.0,25772000.0,0.10452713,False,False,False,False,False,0.10452712951922064,False,OK,100
Northcentral Mississippi E P A,MS,2024,commercial,450517.0,57509000.0,0.12765112,False,False,False,False,False,0.12765112082340954,False,OK,100
Pearl River Valley El Pwr Assn,MS,2024,commercial,196709.0,24259200.0,0.12332532,False,False,False,False,False,0.12332531810949168,False,OK,100
Pontotoc Electric Power Assn,MS,2024,commercial,140252.0,19543000.0,0.13934204,False,False,False,False,False,0.13934204146821436,False,OK,100
Prentiss County Elec Pwr Assn,MS,2024,commercial,109284.0,13074000.0,0.11963325,False,False,False,False,False,0.11963324914900626,False,OK,100
Singing River Elec Cooperative,MS,2024,commercial,345789.0,41270700.0,0.11935226,False,False,False,False,False,0.11935226395287299,False,OK,100
Southern Pine Electric Cooperative,MS,2024,commercial,327403.0,42076000.0,0.1285144,False,False,False,False,False,0.12851439968479214,False,OK,100
Southwest Mississippi E P A,MS,2024,commercial,81407.0,11065500.0,0.13592811,False,False,False,False,False,0.13592811428992593,False,OK,100
Tallahatchie Valley E P A,MS,2024,commercial,160096.0,23453000.0,0.14649335,False,False,False,False,False,0.14649335398760743,False,OK,100
Tennessee Valley Authority,MS,2024,commercial,110687.0,8775300.0,0.07928031299999999,False,False,False,False,False,0.0792803129545475,False,OK,100
Tippah Electric Power Assn,MS,2024,commercial,89557.0,12247000.0,0.1367509,False,False,False,False,False,0.13675089607735855,False,OK,100
Tishomingo County E P A,MS,2024,commercial,100077.0,13997000.0,0.13986231,False,False,False,False,False,0.13986230602436125,False,OK,100
Tombigbee Electric Power Assn,MS,2024,commercial,323181.0,43089000.0,0.13332776000000002,False,False,False,False,False,0.13332776369897983,False,OK,100
Yazoo Valley Elec Power Assn,MS,2024,commercial,36944.0,6352700.0,0.17195485000000002,False,False,False,False,False,0.1719548505846687,False,OK,100
Avista Corp,MT,2024,commercial,851.0,86000.0,0.10105758,False,False,False,False,False,0.10105757931844889,False,OK,100
"Black Hills Power, Inc.",MT,2024,commercial,344.0,32900.0,0.095639535,False,False,False,False,False,0.09563953488372093,False,OK,100
Fall River Rural Elec Coop Inc,MT,2024,commercial,34105.0,2749000.0,0.080604017,False,False,False,False,False,0.08060401700630405,False,OK,100
"Fergus Electric Coop, Inc",MT,2024,commercial,192382.0,17286000.0,0.089852481,False,False,False,False,False,0.08985248100134108,False,OK,100
Flathead Electric Coop Inc,MT,2024,commercial,484660.0,36941400.0,0.076221269,False,False,False,False,False,0.07622126851813643,False,OK,100
"Lower Yellowstone R E A, Inc",MT,2024,commercial,18571.0,2208600.0,0.11892736,False,False,False,False,False,0.11892735986215067,False,OK,100
McKenzie Electric Coop Inc,MT,2024,commercial,93.0,11200.0,0.12043010999999999,False,False,False,False,False,0.12043010752688173,False,OK,100
"Missoula Electric Coop, Inc",MT,2024,commercial,52803.0,5069300.0,0.096004015,False,False,False,False,False,0.0960040149233945,False,OK,100
Montana-Dakota Utilities Co,MT,2024,commercial,263207.0,30457000.0,0.11571501,False,False,False,False,False,0.11571500757958565,False,OK,100
NorthWestern Energy LLC - (MT),MT,2024,commercial,3090579.0,415977000.0,0.13459517,False,False,False,False,False,0.13459516808986277,False,OK,100
"Northern Lights, Inc",MT,2024,commercial,8497.0,841000.0,0.098976109,False,False,False,False,False,0.09897610921501707,False,OK,100
Powder River Energy Corp,MT,2024,commercial,115.0,20100.0,0.17478261,False,False,False,False,False,0.17478260869565218,False,OK,100
USBIA-Mission Valley Power,MT,2024,commercial,135525.0,11321000.0,0.08353440300000001,False,False,False,False,False,0.08353440324663346,False,OK,100
WAPA-- Western Area Power Administration,MT,2024,commercial,126069.0,3436900.0,0.027262054999999997,False,False,False,False,True,0.027262054906440125,False,LOW_PRICE,85
Yellowstone Valley Elec Co-op,MT,2024,commercial,73279.0,9466000.0,0.12917752999999998,False,False,False,False,False,0.12917752698590318,False,OK,100
Albemarle Electric Member Corp,NC,2024,commercial,34972.0,4363000.0,0.12475695,False,False,False,False,False,0.12475694841587556,False,OK,100
Blue Ridge Elec Member Corp - (NC),NC,2024,commercial,260865.0,32284000.0,0.1237575,False,False,False,False,False,0.1237574990895674,False,OK,100
Blue Ridge Mountain EMC - (GA),NC,2024,commercial,49566.0,8691000.0,0.17534196999999999,False,False,False,False,False,0.1753419682847113,False,OK,100
"Broad River Electric Coop, Inc",NC,2024,commercial,151.0,22500.0,0.14900662,False,False,False,False,False,0.1490066225165563,False,OK,100
Brunswick Electric Member Corp,NC,2024,commercial,404082.0,48265000.0,0.11944358,False,False,False,False,False,0.1194435782836157,False,OK,100
Carteret-Craven El Member Corp,NC,2024,commercial,139243.0,14648000.0,0.10519739,False,False,False,False,False,0.10519738873767442,False,OK,100
Central Electric Membership Corp. - (NC),NC,2024,commercial,54410.0,6794300.0,0.12487227000000001,False,False,False,False,False,0.12487226612755008,False,OK,100
City of Albemarle - (NC),NC,2024,commercial,124076.0,11813500.0,0.095211806,False,False,False,False,False,0.09521180566749411,False,OK,100
City of Concord - (NC),NC,2024,commercial,424490.0,45722200.0,0.1077109,False,False,False,False,False,0.10771090013899032,False,OK,100
City of Elizabeth City - (NC),NC,2024,commercial,152165.0,14455000.0,0.09499556399999999,False,False,False,False,False,0.09499556402589295,False,OK,100
City of Gastonia - (NC),NC,2024,commercial,323339.0,35294400.0,0.10915603000000001,False,False,False,False,False,0.10915602510059103,False,OK,100
City of Kinston - (NC),NC,2024,commercial,128892.0,14982500.0,0.11624072999999999,False,False,False,False,False,0.11624072867206654,False,OK,100
City of Lexington - (NC),NC,2024,commercial,131801.0,16094900.0,0.12211516,False,False,False,False,False,0.1221151584585853,False,OK,100
City of Lumberton - (NC),NC,2024,commercial,122044.0,15582000.0,0.12767526,False,False,False,False,False,0.1276752646586477,False,OK,100
City of Monroe - (NC),NC,2024,commercial,167292.0,18779300.0,0.11225462,False,False,False,False,False,0.11225462066327141,False,OK,100
City of Morganton - (NC),NC,2024,commercial,104382.0,8607000.0,0.082456745,False,False,False,False,False,0.0824567454158763,False,OK,100
City of New Bern - (NC),NC,2024,commercial,186521.0,20053000.0,0.10751068,False,False,False,False,False,0.10751068244326376,False,OK,100
City of Rocky Mount - (NC),NC,2024,commercial,301437.0,28846000.0,0.095694955,False,False,False,False,False,0.09569495450127224,False,OK,100
City of Statesville - (NC),NC,2024,commercial,186929.0,19394000.0,0.10375062,False,False,False,False,False,0.10375062189387414,False,OK,100
City of Washington - (NC),NC,2024,commercial,104206.0,13469900.0,0.12926223,False,False,False,False,False,0.12926223058173233,False,OK,100
City of Wilson - (NC),NC,2024,commercial,314449.0,37217800.0,0.11835878,False,False,False,False,False,0.11835877996113837,False,OK,100
"Duke Energy Carolinas, LLC",NC,2024,commercial,24528909.0,2421144300.0,0.098705748,False,False,False,False,False,0.09870574757320026,False,OK,100
Duke Energy Progress - (NC),NC,2024,commercial,13677330.0,1547776000.0,0.11316361000000001,False,False,False,False,False,0.11316360722450947,False,OK,100
Edgecombe-Martin County E M C,NC,2024,commercial,43033.0,4867000.0,0.11309925,False,False,False,False,False,0.113099249413241,False,OK,100
EnergyUnited Elec Member Corp,NC,2024,commercial,639488.0,62613000.0,0.097911141,False,False,False,False,False,0.09791114141313051,False,OK,100
Fayetteville Public Works Commission,NC,2024,commercial,694522.0,79048000.0,0.11381641,False,False,False,False,False,0.11381640898344472,False,OK,100
Four County Elec Member Corp,NC,2024,commercial,236798.0,23822200.0,0.10060136,False,False,False,False,False,0.10060135643037525,False,OK,100
French Broad Elec Member Corp,NC,2024,commercial,103231.0,12916000.0,0.12511746,False,False,False,False,False,0.1251174550280439,False,OK,100
Greenbacker Renewable Energy Corporation,NC,2024,commercial,1550.0,233000.0,0.15032258,False,False,False,False,False,0.1503225806451613,False,OK,100
Greenville Utilities Comm,NC,2024,commercial,609944.0,62614100.0,0.10265549,False,False,False,False,False,0.10265548968429888,False,OK,100
Haywood Electric Member Corp,NC,2024,commercial,25759.0,3366000.0,0.13067277,False,False,False,False,False,0.13067277456423,False,OK,100
Jones-Onslow Elec Member Corp,NC,2024,commercial,245005.0,24980900.0,0.10196078,False,False,False,False,False,0.10196077631068753,False,OK,100
Lumbee River Elec Member Corp,NC,2024,commercial,199424.0,19579800.0,0.09818176299999999,False,False,False,False,False,0.098181763478819,False,OK,100
Mecklenburg Electric Cooperative,NC,2024,commercial,7.0,1100.0,0.15714286,False,False,False,False,False,0.15714285714285714,False,OK,100
"Mountain Electric Coop, Inc",NC,2024,commercial,98201.0,13598000.0,0.13847109,False,False,False,False,False,0.1384710949990326,False,OK,100
New River Light & Power Co,NC,2024,commercial,144747.0,15003800.0,0.10365534,False,False,False,False,False,0.1036553434613498,False,OK,100
Pee Dee Electric Member Corp,NC,2024,commercial,116144.0,13755500.0,0.11843487,False,False,False,False,False,0.11843487394957983,False,OK,100
Piedmont Electric Member Corp,NC,2024,commercial,72524.0,10410300.0,0.14354283,False,False,False,False,False,0.14354282720202968,False,OK,100
Randolph Electric Member Corp,NC,2024,commercial,121585.0,15114200.0,0.12430974,False,False,False,False,False,0.12430974215569354,False,OK,100
Roanoke Electric Member Corp,NC,2024,commercial,63455.0,11535000.0,0.18178237,False,False,False,False,False,0.18178236545583484,False,OK,100
Rutherford Elec Member Corp,NC,2024,commercial,179707.0,22675000.0,0.12617761,False,False,False,False,False,0.1261776113340048,False,OK,100
South River Elec Member Corp,NC,2024,commercial,146124.0,14128000.0,0.09668500699999999,False,False,False,False,False,0.09668500725411294,False,OK,100
Surry-Yadkin Elec Member Corp,NC,2024,commercial,21594.0,2439900.0,0.11298971999999999,False,False,False,False,False,0.11298971936649069,False,OK,100
Tennessee Valley Authority,NC,2024,commercial,4832.0,492800.0,0.10198675,False,False,False,False,False,0.10198675496688742,False,OK,100
Tideland Electric Member Corp,NC,2024,commercial,94341.0,11812000.0,0.12520536999999998,False,False,False,False,False,0.12520537200156878,False,OK,100
Town of Apex- (NC),NC,2024,commercial,109744.0,15315000.0,0.13955204999999998,False,False,False,False,False,0.13955204840355737,False,OK,100
Town of High Point,NC,2024,commercial,591485.0,62234500.0,0.10521737999999999,False,False,False,False,False,0.10521737660295696,False,OK,100
Town of Huntersville - (NC),NC,2024,commercial,65751.0,6741900.0,0.10253684,False,False,False,False,False,0.10253684354610576,False,OK,100
Town of Murphy - (NC),NC,2024,commercial,79747.0,9974000.0,0.12507054,False,False,False,False,False,0.12507053556873612,False,OK,100
Town of Tarboro - (NC),NC,2024,commercial,66270.0,8083000.0,0.12197073,False,False,False,False,False,0.1219707258186208,False,OK,100
Tri-County Elec Member Corp (NC),NC,2024,commercial,118220.0,14566800.0,0.12321773,False,False,False,False,False,0.12321772965657249,False,OK,100
Tri-State Electric Member Corp,NC,2024,commercial,1081.0,215000.0,0.19888991999999997,False,False,False,False,False,0.19888991674375578,False,OK,100
Union Electric Membership Corp - (NC),NC,2024,commercial,197080.0,21396000.0,0.10856505,False,False,False,False,False,0.10856504972599959,False,OK,100
Virginia Electric & Power Co,NC,2024,commercial,922594.0,108456400.0,0.11755592999999999,False,False,False,False,False,0.11755593467982667,False,OK,100
Wake Electric Membership Corp,NC,2024,commercial,125070.0,13930200.0,0.11137923000000001,False,False,False,False,False,0.11137922763252578,False,OK,100
York Electric Coop Inc,NC,2024,commercial,126.0,15000.0,0.11904761999999999,False,False,False,False,False,0.11904761904761904,False,OK,100
Burke-Divide Electric Coop Inc,ND,2024,commercial,14244.0,1544000.0,0.10839652,False,False,False,False,False,0.10839651783206965,False,OK,100
"Capital Electric Coop, Inc",ND,2024,commercial,147812.0,15458300.0,0.10458081999999999,False,False,False,False,False,0.10458081887803426,False,OK,100
Cass County Elec Coop Inc,ND,2024,commercial,478106.0,51691000.0,0.10811619,False,False,False,False,False,0.10811619180683782,False,OK,100
Dakota Valley Elec Coop Inc,ND,2024,commercial,9139.0,1203200.0,0.13165554000000002,False,False,False,False,False,0.13165554218185796,False,OK,100
"Lower Yellowstone R E A, Inc",ND,2024,commercial,2985.0,307300.0,0.10294807,False,False,False,False,False,0.10294807370184254,False,OK,100
McKenzie Electric Coop Inc,ND,2024,commercial,2028065.0,155416300.0,0.0766328,False,False,False,False,False,0.07663280023076184,False,OK,100
"McLean Electric Coop, Inc",ND,2024,commercial,43075.0,5440000.0,0.12629135,False,False,False,False,False,0.12629135229251306,False,OK,100
Montana-Dakota Utilities Co,ND,2024,commercial,2086375.0,121899000.0,0.058426218,False,False,False,False,False,0.058426217722125695,False,OK,100
Mountrail-Williams Elec Coop,ND,2024,commercial,1632610.0,85895800.0,0.052612565,False,False,False,False,False,0.052612565156406,False,OK,100
Nodak Electric Coop Inc,ND,2024,commercial,851482.0,29050000.0,0.034116987,False,False,False,False,True,0.03411698661862494,False,LOW_PRICE,85
"North Central Elec Coop, Inc - (ND)",ND,2024,commercial,84389.0,11456400.0,0.13575703,False,False,False,False,False,0.13575702994466105,False,OK,100
Northern Plains Electric Coop,ND,2024,commercial,76917.0,8407000.0,0.10929963000000001,False,False,False,False,False,0.10929963467113903,False,OK,100
Northern States Power Co - Minnesota,ND,2024,commercial,985019.0,106696600.0,0.10831932999999999,False,False,False,False,False,0.10831933191136414,False,OK,100
Otter Tail Power Co,ND,2024,commercial,1882667.0,128757800.0,0.068391171,False,False,False,False,False,0.06839117061062844,False,OK,100
Roughrider Electric Cooperativ,ND,2024,commercial,328186.0,37904000.0,0.11549548,False,False,False,False,False,0.11549548122101491,False,OK,100
Slope Electric Coop Inc,ND,2024,commercial,19770.0,2827000.0,0.14299444,False,False,False,False,False,0.14299443601416287,False,OK,100
Verendrye Electric Coop Inc,ND,2024,commercial,139671.0,14429500.0,0.10331064,False,False,False,False,False,0.10331063714013647,False,OK,100
WAPA-- Western Area Power Administration,ND,2024,commercial,194517.0,5458900.0,0.028063870999999997,False,False,False,False,True,0.028063871024126427,False,LOW_PRICE,85
Butler Public Power District - (NE),NE,2024,commercial,38920.0,3606000.0,0.092651593,False,False,False,False,False,0.09265159301130524,False,OK,100
Cedar-Knox Public Power Dist,NE,2024,commercial,132351.0,9255800.0,0.069933737,False,False,False,False,False,0.06993373680591759,False,OK,100
City of Fremont - (NE),NE,2024,commercial,56649.0,6092700.0,0.10755176999999999,False,False,False,False,False,0.10755176613885506,False,OK,100
City of Grand Island - (NE),NE,2024,commercial,209903.0,22058000.0,0.10508664,False,False,False,False,False,0.10508663525533223,False,OK,100
City of Hastings - (NE),NE,2024,commercial,108334.0,11046000.0,0.10196245,False,False,False,False,False,0.10196244946184947,False,OK,100
City of Lexington - (NE),NE,2024,commercial,43445.0,4325400.0,0.099560364,False,False,False,False,False,0.09956036367821383,False,OK,100
City of North Platte,NE,2024,commercial,133653.0,13726000.0,0.10269878,False,False,False,False,False,0.10269877967572745,False,OK,100
City of South Sioux City,NE,2024,commercial,182924.0,14413900.0,0.07879720500000001,False,False,False,False,False,0.0787972053967768,False,OK,100
Cornhusker Public Power Dist,NE,2024,commercial,81441.0,6946100.0,0.085289965,False,False,False,False,False,0.08528996451418819,False,OK,100
Custer Public Power District,NE,2024,commercial,51368.0,6424000.0,0.1250584,False,False,False,False,False,0.12505840211805014,False,OK,100
Dawson Power District,NE,2024,commercial,71275.0,7451700.0,0.10454858,False,False,False,False,False,0.10454857944580849,False,OK,100
Elkhorn Rural Public Pwr Dist,NE,2024,commercial,39089.0,3779000.0,0.096676814,False,False,False,False,False,0.09667681444907775,False,OK,100
"High West Energy, Inc",NE,2024,commercial,8712.0,989500.0,0.11357897,False,False,False,False,False,0.11357897153351698,False,OK,100
Highline Electric Assn,NE,2024,commercial,8410.0,1081800.0,0.12863258,False,False,False,False,False,0.12863258026159335,False,OK,100
Lincoln Electric System,NE,2024,commercial,1473540.0,125712900.0,0.085313531,False,False,False,False,False,0.08531353068121666,False,OK,100
Loup River Public Power Dist,NE,2024,commercial,213715.0,21498500.0,0.10059425,False,False,False,False,False,0.10059424935077088,False,OK,100
Midwest Electric Member Corp - (NE),NE,2024,commercial,39628.0,5436900.0,0.13719845,False,False,False,False,False,0.13719844554355506,False,OK,100
Nebraska Public Power District,NE,2024,commercial,1081242.0,90397000.0,0.08360478,False,False,False,False,False,0.08360478042843322,False,OK,100
Norris Public Power District,NE,2024,commercial,154274.0,16191800.0,0.10495482,False,False,False,False,False,0.10495482064378962,False,OK,100
Northeast Power,NE,2024,commercial,201291.0,14495000.0,0.072010174,False,False,False,False,False,0.07201017432473385,False,OK,100
Omaha Public Power District,NE,2024,commercial,6415364.0,516016000.0,0.080434407,False,False,False,False,False,0.08043440715133233,False,OK,100
Perennial Public Power Dist,NE,2024,commercial,13100.0,1992800.0,0.15212214,False,False,False,False,False,0.15212213740458017,False,OK,100
South Central Public Pwr Dist,NE,2024,commercial,225222.0,10441000.0,0.046358704,False,False,False,False,True,0.046358703856639226,False,LOW_PRICE,85
Southern Public Power District,NE,2024,commercial,365095.0,18459300.0,0.050560265,False,False,False,False,False,0.05056026513647133,False,OK,100
Southwest Public Power Dist,NE,2024,commercial,51136.0,5358400.0,0.10478723000000001,False,False,False,False,False,0.10478723404255319,False,OK,100
WAPA-- Western Area Power Administration,NE,2024,commercial,153647.0,4206000.0,0.027374436000000002,False,False,False,False,True,0.02737443620767083,False,LOW_PRICE,85
"Ahana Renewables, LLC",NH,2024,commercial,1412.0,158900.0,0.11253541,False,False,False,False,False,0.11253541076487251,False,OK,100
Liberty Utilities (Granite State Electri,NH,2024,commercial,98541.0,17890000.0,0.18154879999999998,False,False,False,False,False,0.18154879694746348,False,OK,100
New Hampshire Elec Coop Inc,NH,2024,commercial,132949.0,29421400.0,0.22129839,False,False,False,True,False,0.2212983926167177,False,HIGH_PRICE,90
Public Service Co of NH,NH,2024,commercial,515269.0,101708700.0,0.19738952,False,False,False,False,False,0.1973895188726665,False,OK,100
"TerraForm US Energy Services, LLC",NH,2024,commercial,1105.0,95000.0,0.085972851,False,False,False,False,False,0.08597285067873303,False,OK,100
Unitil Energy Systems,NH,2024,commercial,99972.0,23531400.0,0.23537991000000003,False,False,False,True,False,0.23537990637378467,False,HIGH_PRICE,90
"Ahana Renewables, LLC",NJ,2024,commercial,2426.0,233100.0,0.09608408900000001,False,False,False,False,False,0.0960840890354493,False,OK,100
Atlantic City Electric Co,NJ,2024,commercial,1419625.0,277984300.0,0.1958153,False,False,False,False,False,0.1958153033371489,False,OK,100
City of Vineland - (NJ),NJ,2024,commercial,269223.0,46966000.0,0.17445018,False,False,False,False,False,0.17445017699082174,False,OK,100
Greenbacker Renewable Energy Corporation,NJ,2024,commercial,4843.0,379000.0,0.078257279,False,False,False,False,False,0.07825727854635557,False,OK,100
"Greenskies Renewable Energy, LLC",NJ,2024,commercial,35070.0,995700.0,0.028391788,False,False,False,False,True,0.028391787852865696,False,LOW_PRICE,85
Jersey Central Power & Lt Co,NJ,2024,commercial,2872532.0,431603300.0,0.15025187,False,False,False,False,False,0.15025186838649665,False,OK,100
Public Service Elec & Gas Co,NJ,2024,commercial,10245325.0,1504587600.0,0.14685601,False,False,False,False,False,0.14685601481651386,False,OK,100
Rockland Electric Co,NJ,2024,commercial,333254.0,64063600.0,0.19223655,False,False,False,False,False,0.19223655229944728,False,OK,100
"Scale Sustainable I, LLC",NJ,2024,commercial,2092.0,153600.0,0.073422562,False,False,False,False,False,0.0734225621414914,False,OK,100
"TerraForm US Energy Services, LLC",NJ,2024,commercial,34435.0,4462000.0,0.12957746,False,False,False,False,False,0.1295774647887324,False,OK,100
Tesla Inc.,NJ,2024,commercial,2826.0,228000.0,0.080679406,False,False,False,False,False,0.08067940552016985,False,OK,100
"Ahana Renewables, LLC",NM,2024,commercial,1012.0,85700.0,0.08468379399999999,False,False,False,False,False,0.08468379446640316,False,OK,100
"Central New Mexico El Coop, Inc",NM,2024,commercial,51915.0,11664000.0,0.22467494999999998,False,False,False,True,False,0.22467494943657904,False,HIGH_PRICE,90
"Central Valley Elec Coop, Inc",NM,2024,commercial,42791.0,5713900.0,0.13353042,False,False,False,False,False,0.13353041527423992,False,OK,100
City of Farmington - (NM),NM,2024,commercial,372913.0,41129000.0,0.11029114,False,False,False,False,False,0.11029114029277606,False,OK,100
Continental Divide El Coop Inc,NM,2024,commercial,118417.0,15734000.0,0.13286944,False,False,False,False,False,0.13286943597625342,False,OK,100
El Paso Electric Co,NM,2024,commercial,900520.0,75662000.0,0.084020344,False,False,False,False,False,0.08402034380135921,False,OK,100
"Farmers Electric Coop, Inc - (NM)",NM,2024,commercial,102977.0,12438400.0,0.12078813999999999,False,False,False,False,False,0.12078813715684085,False,OK,100
"Jemez Mountains Elec Coop, Inc",NM,2024,commercial,149381.0,21059800.0,0.14098045,False,False,False,False,False,0.1409804459737182,False,OK,100
"Kit Carson Electric Coop, Inc",NM,2024,commercial,112231.0,17617000.0,0.15697089,False,False,False,False,False,0.15697089039570172,False,OK,100
"Lea County Electric Coop, Inc - (NM)",NM,2024,commercial,338925.0,27648000.0,0.08157557,False,False,False,False,False,0.08157556981633104,False,OK,100
Los Alamos County,NM,2024,commercial,56271.0,7570800.0,0.13454177,False,False,False,False,False,0.13454177107213308,False,OK,100
Navajo Tribal Utility Authority,NM,2024,commercial,62451.0,10772000.0,0.17248723,False,False,False,False,False,0.17248722998831084,False,OK,100
"Navopache Electric Coop, Inc",NM,2024,commercial,2861.0,281000.0,0.09821740699999999,False,False,False,False,False,0.09821740650122335,False,OK,100
Otero County Electric Coop Inc,NM,2024,commercial,87939.0,13854000.0,0.15754102,False,False,False,False,False,0.15754102275440932,False,OK,100
Public Service Co of NM,NM,2024,commercial,3869779.0,473827000.0,0.12244291,False,False,False,False,False,0.12244290953049257,False,OK,100
"Rio Grande Electric Coop, Inc",NM,2024,commercial,488.0,91800.0,0.18811475000000002,False,False,False,False,False,0.18811475409836065,False,OK,100
Roosevelt County Elec Coop Inc,NM,2024,commercial,7515.0,1223000.0,0.16274118,False,False,False,False,False,0.16274118429807052,False,OK,100
Southwestern Electric Coop Inc - (NM),NM,2024,commercial,9534.0,1587900.0,0.16655129,False,False,False,False,False,0.16655129011957207,False,OK,100
Southwestern Public Service Co,NM,2024,commercial,2748781.0,216575300.0,0.07878958,False,False,False,False,False,0.07878957981738087,False,OK,100
"Springer Electric Coop, Inc",NM,2024,commercial,20908.0,3143000.0,0.15032523,False,False,False,False,False,0.15032523436005357,False,OK,100
Tesla Inc.,NM,2024,commercial,10459.0,945100.0,0.090362367,False,False,False,False,False,0.09036236733913376,False,OK,100
"Tri-County Electric Coop, Inc (OK)",NM,2024,commercial,8.0,2100.0,0.2625,False,False,False,True,False,0.2625,False,HIGH_PRICE,90
WAPA-- Western Area Power Administration,NM,2024,commercial,77095.0,2642300.0,0.034273299,False,False,False,False,True,0.03427329917634088,False,LOW_PRICE,85
City of Boulder City - (NV),NV,2024,commercial,53955.0,6958000.0,0.12895932,False,False,False,False,False,0.12895931795014365,False,OK,100
Greenbacker Renewable Energy Corporation,NV,2024,commercial,295.0,20600.0,0.069830508,False,False,False,False,False,0.06983050847457627,False,OK,100
"Mt Wheeler Power, Inc",NV,2024,commercial,41561.0,3978500.0,0.09572676299999999,False,False,False,False,False,0.09572676307114843,False,OK,100
Nevada Power Co,NV,2024,commercial,5856111.0,630060400.0,0.10759024,False,False,False,False,False,0.10759024205654572,False,OK,100
Overton Power District No 5,NV,2024,commercial,122800.0,11990200.0,0.09764006500000001,False,False,False,False,False,0.0976400651465798,False,OK,100
Raft Rural Elec Coop Inc,NV,2024,commercial,29292.0,1935000.0,0.066058992,False,False,False,False,False,0.06605899221630479,False,OK,100
Sierra Pacific Power Co,NV,2024,commercial,3647749.0,409562000.0,0.11227801,False,False,False,False,False,0.11227801035652399,False,OK,100
Surprise Valley Electrification,NV,2024,commercial,61.0,8500.0,0.13934426,False,False,False,False,False,0.13934426229508196,False,OK,100
Tesla Inc.,NV,2024,commercial,3315.0,293000.0,0.08838612400000001,False,False,False,False,False,0.08838612368024133,False,OK,100
"Valley Electric Assn, Inc",NV,2024,commercial,233068.0,32599800.0,0.13987248,False,False,False,False,False,0.13987248356702764,False,OK,100
WAPA-- Western Area Power Administration,NV,2024,commercial,26692.0,668000.0,0.025026225000000003,False,False,False,False,True,0.02502622508616814,False,LOW_PRICE,85
Wells Rural Electric Co,NV,2024,commercial,49388.0,4579800.0,0.09273102800000001,False,False,False,False,False,0.09273102778002754,False,OK,100
"Ahana Renewables, LLC",NY,2024,commercial,32616.0,3816800.0,0.11702232,False,False,False,False,False,0.11702232033357861,False,OK,100
Central Hudson Gas & Elec Corp,NY,2024,commercial,1005836.0,175177000.0,0.17416060000000003,False,False,False,False,False,0.17416059874571999,False,OK,100
City of Plattsburgh - (NY),NY,2024,commercial,97692.0,4756600.0,0.04868976,False,False,False,False,True,0.04868975965278631,False,LOW_PRICE,85
Consolidated Edison Co-NY Inc,NY,2024,commercial,10000499.0,2819770000.0,0.28196293,False,False,False,True,False,0.2819629300497905,False,HIGH_PRICE,90
FirstEnergy Pennsylvania Electric Co,NY,2024,commercial,21020.0,2831800.0,0.13471931,False,False,False,False,False,0.13471931493815414,False,OK,100
Fishers Island Utility Co Inc,NY,2024,commercial,2061.0,457600.0,0.22202814,False,False,False,True,False,0.2220281416787967,False,HIGH_PRICE,90
Greenbacker Renewable Energy Corporation,NY,2024,commercial,2434.0,259000.0,0.1064092,False,False,False,False,False,0.10640920295809367,False,OK,100
Jamestown Board of Public Util,NY,2024,commercial,148786.0,12969800.0,0.087170836,False,False,False,False,False,0.08717083596574947,False,OK,100
Long Island Power Authority,NY,2024,commercial,8379635.0,1798103700.0,0.21458019,False,False,False,True,False,0.21458019352871574,False,HIGH_PRICE,90
New York State Elec & Gas Corp,NY,2024,commercial,1914373.0,286343400.0,0.14957555,False,False,False,False,False,0.14957555293560867,False,OK,100
Niagara Mohawk Power Corp.,NY,2024,commercial,3963116.0,413300700.0,0.1042868,False,False,False,False,False,0.10428680361614447,False,OK,100
Orange & Rockland Utils Inc,NY,2024,commercial,638906.0,102879700.0,0.16102478,False,False,False,False,False,0.16102478298842082,False,OK,100
Rochester Gas & Electric Corp,NY,2024,commercial,696117.0,103284800.0,0.14837276,False,False,False,False,False,0.14837275917697743,False,OK,100
"TerraForm US Energy Services, LLC",NY,2024,commercial,629.0,99000.0,0.15739269,False,False,False,False,False,0.1573926868044515,False,OK,100
Tesla Inc.,NY,2024,commercial,13980.0,1153000.0,0.082474964,False,False,False,False,False,0.08247496423462089,False,OK,100
Town of Massena - (NY),NY,2024,commercial,16734.0,1317900.0,0.078755826,False,False,False,False,False,0.07875582646109716,False,OK,100
Village of Fairport - (NY),NY,2024,commercial,89145.0,6737600.0,0.075580234,False,False,False,False,False,0.0755802344494924,False,OK,100
Village of Freeport - (NY),NY,2024,commercial,126721.0,17427000.0,0.13752259,False,False,False,False,False,0.1375225889947207,False,OK,100
Village of Solvay - (NY),NY,2024,commercial,28889.0,1742000.0,0.060299768000000004,False,False,False,False,False,0.060299768077815084,False,OK,100
"Buckeye Rural Elec Coop, Inc",OH,2024,commercial,18933.0,4352600.0,0.22989489,False,False,False,True,False,0.2298948925157133,False,HIGH_PRICE,90
Butler Rural Electric Coop Inc - (OH),OH,2024,commercial,15520.0,2524000.0,0.16262886999999998,False,False,False,False,False,0.16262886597938145,False,OK,100
City of Bowling Green - (OH),OH,2024,commercial,59356.0,8743000.0,0.14729766,False,False,False,False,False,0.14729766156749108,False,OK,100
City of Celina - (OH),OH,2024,commercial,72386.0,8288000.0,0.11449728,False,False,False,False,False,0.11449727847926394,False,OK,100
City of Cleveland - (OH),OH,2024,commercial,618173.0,85754900.0,0.13872314,False,False,False,False,False,0.13872314060950575,False,OK,100
City of Columbus - (OH),OH,2024,commercial,112999.0,15633400.0,0.1383499,False,False,False,False,False,0.1383498969017425,False,OK,100
City of Cuyahoga Falls - (OH),OH,2024,commercial,55945.0,7324000.0,0.13091429,False,False,False,False,False,0.1309142908213424,False,OK,100
City of Dover - (OH),OH,2024,commercial,29249.0,4326000.0,0.14790249,False,False,False,False,False,0.14790249239290232,False,OK,100
City of Hamilton - (OH),OH,2024,commercial,358215.0,33763000.0,0.09425345099999999,False,False,False,False,False,0.09425345113967869,False,OK,100
City of Lebanon - (OH),OH,2024,commercial,16167.0,1554000.0,0.09612172899999999,False,False,False,False,False,0.09612172944887734,False,OK,100
City of Niles - (OH),OH,2024,commercial,95336.0,8035000.0,0.08428085899999999,False,False,False,False,False,0.0842808592766636,False,OK,100
City of Orrville - (OH),OH,2024,commercial,69356.0,7672000.0,0.11061768000000001,False,False,False,False,False,0.11061768268066209,False,OK,100
City of Painesville,OH,2024,commercial,86102.0,10287000.0,0.11947458,False,False,False,False,False,0.11947457666488584,False,OK,100
City of Piqua - (OH),OH,2024,commercial,85197.0,9203000.0,0.10802023999999999,False,False,False,False,False,0.10802023545430003,False,OK,100
City of Wadsworth - (OH),OH,2024,commercial,86195.0,8431000.0,0.097813098,False,False,False,False,False,0.09781309820755264,False,OK,100
City of Westerville - (OH),OH,2024,commercial,260296.0,31186000.0,0.11980976,False,False,False,False,False,0.11980975504809908,False,OK,100
Cleveland Electric Illum Co,OH,2024,commercial,344160.0,63996400.0,0.18594955999999999,False,False,False,False,False,0.18594955834495583,False,OK,100
Clyde Light & Power,OH,2024,commercial,18287.0,2562000.0,0.14009952,False,False,False,False,False,0.140099524252201,False,OK,100
Consolidated Cooperative,OH,2024,commercial,105064.0,15500000.0,0.14752913,False,False,False,False,False,0.1475291251046981,False,OK,100
Dayton Power & Light Co,OH,2024,commercial,387706.0,53784000.0,0.13872367,False,False,False,False,False,0.13872367206078834,False,OK,100
Duke Energy Ohio Inc,OH,2024,commercial,1141458.0,132804600.0,0.11634646,False,False,False,False,False,0.11634646215629485,False,OK,100
Guernsey-Muskingum El Coop Inc,OH,2024,commercial,46748.0,7625200.0,0.16311286,False,False,False,False,False,0.1631128604432275,False,OK,100
Hancock-Wood Electric Coop Inc,OH,2024,commercial,101735.0,14797600.0,0.1454524,False,False,False,False,False,0.14545240084533345,False,OK,100
Holmes-Wayne Electric Coop Inc,OH,2024,commercial,101643.0,14622200.0,0.14385841,False,False,False,False,False,0.14385840638312525,False,OK,100
Licking Rural Electric Inc,OH,2024,commercial,29867.0,5232900.0,0.17520675,False,False,False,False,False,0.17520674992466603,False,OK,100
"Lorain-Medina R E C, Inc",OH,2024,commercial,46454.0,7378800.0,0.158841,False,False,False,False,False,0.1588410040039609,False,OK,100
"Midwest Electric, Inc - (OH)",OH,2024,commercial,99538.0,11373400.0,0.11426189,False,False,False,False,False,0.11426188993148345,False,OK,100
Midwest Energy Cooperative - (MI),OH,2024,commercial,5713.0,1001200.0,0.17524943,False,False,False,False,False,0.17524943112200245,False,OK,100
"North Central Elec Coop, Inc - (OH)",OH,2024,commercial,32032.0,5253400.0,0.16400475,False,False,False,False,False,0.16400474525474526,False,OK,100
Ohio Edison Co,OH,2024,commercial,531605.0,91276500.0,0.17169985000000001,False,False,False,False,False,0.17169985233396978,False,OK,100
Ohio Power Co,OH,2024,commercial,1760606.0,290649000.0,0.16508464,False,False,False,False,False,0.16508463563114065,False,OK,100
"Paulding-Putman Elec Coop, Inc",OH,2024,commercial,53212.0,7771100.0,0.14604037,False,False,False,False,False,0.1460403668345486,False,OK,100
"Pioneer Rural Elec Coop, Inc - (OH)",OH,2024,commercial,43929.0,6818500.0,0.15521637,False,False,False,False,False,0.15521637187279475,False,OK,100
South Central Power Company,OH,2024,commercial,374616.0,50875200.0,0.13580627,False,False,False,False,False,0.13580626561599077,False,OK,100
Tesla Inc.,OH,2024,commercial,5549.0,506000.0,0.091187601,False,False,False,False,False,0.09118760136961615,False,OK,100
The Toledo Edison Co,OH,2024,commercial,139982.0,25999700.0,0.18573602,False,False,False,False,False,0.18573602320298324,False,OK,100
"Union Rural Electric Coop, Inc",OH,2024,commercial,87120.0,11177200.0,0.1282966,False,False,False,False,False,0.12829660238751148,False,OK,100
"Alfalfa Electric Coop, Inc",OK,2024,commercial,37743.0,5371000.0,0.14230453,False,False,False,False,False,0.14230453329094137,False,OK,100
Arkansas Valley Elec Coop Corp,OK,2024,commercial,31479.0,3405600.0,0.10818641,False,False,False,False,False,0.10818640998761078,False,OK,100
CKenergy Electric Cooperative,OK,2024,commercial,316967.0,35056300.0,0.11059920999999999,False,False,False,False,False,0.11059921064337928,False,OK,100
"Canadian Valley Elec Coop, Inc",OK,2024,commercial,216425.0,21560100.0,0.09961926800000001,False,False,False,False,False,0.09961926764468061,False,OK,100
"Central Rural Electric Cooperative, Inc",OK,2024,commercial,247180.0,27309200.0,0.11048304999999999,False,False,False,False,False,0.11048304879035521,False,OK,100
Choctaw Electric Coop Inc,OK,2024,commercial,110863.0,9055000.0,0.081677386,False,False,False,False,False,0.08167738560204937,False,OK,100
Cimarron Electric Coop,OK,2024,commercial,383554.0,41337000.0,0.10777361,False,False,False,False,False,0.10777361205984033,False,OK,100
City of Altus - (OK),OK,2024,commercial,64630.0,6814000.0,0.10543091,False,False,False,False,False,0.10543091443602043,False,OK,100
City of Claremore,OK,2024,commercial,31396.0,4390000.0,0.13982673,False,False,False,False,False,0.13982672951968403,False,OK,100
City of Edmond - (OK),OK,2024,commercial,389655.0,40232800.0,0.10325236,False,False,False,False,False,0.10325236427095764,False,OK,100
City of Ponca City - (OK),OK,2024,commercial,119862.0,12845000.0,0.10716491,False,False,False,False,False,0.10716490630892192,False,OK,100
"Cookson Hills Elec Coop, Inc",OK,2024,commercial,35111.0,4236000.0,0.12064595,False,False,False,False,False,0.12064595141123864,False,OK,100
"Cotton Electric Coop, Inc",OK,2024,commercial,205491.0,20718400.0,0.10082388,False,False,False,False,False,0.10082388036459018,False,OK,100
East Central Oklahoma Elec Coop Inc,OK,2024,commercial,203584.0,19663000.0,0.096584211,False,False,False,False,False,0.09658421093995599,False,OK,100
Empire District Electric Co,OK,2024,commercial,38313.0,6206200.0,0.16198679,False,False,False,False,False,0.16198679299454494,False,OK,100
Grand River Dam Authority,OK,2024,commercial,5179.0,467500.0,0.09026839199999999,False,False,False,False,False,0.09026839158138637,False,OK,100
"Indian Electric Coop, Inc",OK,2024,commercial,216997.0,23342500.0,0.10757061,False,False,False,False,False,0.10757061157527524,False,OK,100
Kay Electric Coop,OK,2024,commercial,130493.0,16305000.0,0.12494923,False,False,False,False,False,0.12494923099323335,False,OK,100
"Kiamichi Electric Coop, Inc",OK,2024,commercial,73838.0,9157000.0,0.12401472999999999,False,False,False,False,False,0.12401473496031853,False,OK,100
"Lake Region Electric Coop, Inc - (OK)",OK,2024,commercial,35232.0,3992000.0,0.11330609000000001,False,False,False,False,False,0.11330608537693006,False,OK,100
Northeast Oklahoma Electric Co,OK,2024,commercial,203758.0,22755000.0,0.1116766,False,False,False,False,False,0.11167659674712159,False,OK,100
Northwestern Electric Coop Inc - (OK),OK,2024,commercial,109967.0,13614000.0,0.12380078,False,False,False,False,False,0.12380077659661534,False,OK,100
Oklahoma Electric Coop Inc,OK,2024,commercial,312684.0,36010000.0,0.11516419000000001,False,False,False,False,False,0.11516419132414835,False,OK,100
Oklahoma Gas & Electric Co,OK,2024,commercial,12782432.0,1022448800.0,0.079988597,False,False,False,False,False,0.07998859684917549,False,OK,100
Ozarks Electric Coop Corp - (AR),OK,2024,commercial,61965.0,8146000.0,0.13146131,False,False,False,False,False,0.13146130880335674,False,OK,100
People's Electric Cooperative,OK,2024,commercial,232824.0,32231200.0,0.1384359,False,False,False,False,False,0.13843590007902964,False,OK,100
Public Service Co of Oklahoma,OK,2024,commercial,6952135.0,610771900.0,0.087853861,False,False,False,False,False,0.0878538607204837,False,OK,100
Red River Valley Rrl Elec Assn,OK,2024,commercial,97721.0,11258000.0,0.11520553,False,False,False,False,False,0.11520553412265531,False,OK,100
"Rural Electric Coop, Inc - (OK)",OK,2024,commercial,313625.0,31081000.0,0.099102431,False,False,False,False,False,0.09910243124750896,False,OK,100
Southeastern Electric Coop Inc - (OK),OK,2024,commercial,40944.0,4913300.0,0.12000049,False,False,False,False,False,0.1200004884720594,False,OK,100
Southwest Arkansas E C C,OK,2024,commercial,543.0,58600.0,0.10791897,False,False,False,False,False,0.10791896869244935,False,OK,100
Stillwater Utilities Authority,OK,2024,commercial,183115.0,21576000.0,0.11782759000000001,False,False,False,False,False,0.1178275946809382,False,OK,100
"Tri-County Electric Coop, Inc (OK)",OK,2024,commercial,250011.0,36305000.0,0.14521361,False,False,False,False,False,0.14521361060113355,False,OK,100
Verdigris Valley Elec Coop Inc,OK,2024,commercial,47700.0,5896800.0,0.12362263999999999,False,False,False,False,False,0.12362264150943396,False,OK,100
"Ahana Renewables, LLC",OR,2024,commercial,436.0,28900.0,0.06628440399999999,False,False,False,False,False,0.06628440366972477,False,OK,100
Bonneville Power Administration,OR,2024,commercial,5760.0,241000.0,0.041840278,False,False,False,False,True,0.041840277777777775,False,LOW_PRICE,85
Central Electric Coop Inc - (OR),OR,2024,commercial,139184.0,10862900.0,0.078047046,False,False,False,False,False,0.07804704563742959,False,OK,100
Central Lincoln People's Ut Dt,OR,2024,commercial,175177.0,16799100.0,0.095897863,False,False,False,False,False,0.09589786330397256,False,OK,100
City of Eugene - (OR),OR,2024,commercial,760734.0,76095100.0,0.10002853,False,False,False,False,False,0.10002852508235467,False,OK,100
City of Forest Grove,OR,2024,commercial,24176.0,2179000.0,0.09013070799999999,False,False,False,False,False,0.09013070814030444,False,OK,100
City of McMinnville - (OR),OR,2024,commercial,163461.0,12479000.0,0.07634236900000001,False,False,False,False,False,0.07634236912780419,False,OK,100
City of Springfield - (OR),OR,2024,commercial,233897.0,18293300.0,0.078210922,False,False,False,False,False,0.07821092190152075,False,OK,100
Clatskanie Peoples Util Dist,OR,2024,commercial,21775.0,1517900.0,0.069708381,False,False,False,False,False,0.06970838117106774,False,OK,100
Columbia River Peoples Ut Dist,OR,2024,commercial,94610.0,8563900.0,0.09051791599999999,False,False,False,False,False,0.09051791565373639,False,OK,100
"Columbia Rural Elec Assn, Inc",OR,2024,commercial,94.0,27800.0,0.29574468,False,False,False,True,False,0.2957446808510638,False,HIGH_PRICE,90
"Consumers Power, Inc",OR,2024,commercial,104148.0,12879600.0,0.12366632,False,False,False,False,False,0.12366632100472405,False,OK,100
"Coos-Curry Electric Coop, Inc",OR,2024,commercial,90035.0,10774000.0,0.11966457,False,False,False,False,False,0.11966457488754373,False,OK,100
Emerald People's Utility Dist,OR,2024,commercial,112866.0,11900000.0,0.10543476,False,False,False,False,False,0.10543476334768664,False,OK,100
Idaho Power Co,OR,2024,commercial,155552.0,15188400.0,0.097641946,False,False,False,False,False,0.09764194610162517,False,OK,100
Lane Electric Coop Inc,OR,2024,commercial,43047.0,4667000.0,0.10841637999999999,False,False,False,False,False,0.1084163820939903,False,OK,100
"Midstate Electric Coop, Inc",OR,2024,commercial,127546.0,11378000.0,0.089207031,False,False,False,False,False,0.0892070311887476,False,OK,100
Northern Wasco County PUD,OR,2024,commercial,121887.0,2814800.0,0.023093521,False,False,False,False,True,0.023093521048183973,False,LOW_PRICE,85
"Oregon Trail El Cons Coop, Inc",OR,2024,commercial,190990.0,16193000.0,0.084784544,False,False,False,False,False,0.08478454369338709,False,OK,100
PacifiCorp,OR,2024,commercial,6576188.0,699667000.0,0.10639401,False,False,False,False,False,0.10639400820049548,False,OK,100
Portland General Electric Co,OR,2024,commercial,6433391.0,892382000.0,0.13871098,False,False,False,False,False,0.13871098461138145,False,OK,100
Salem Electric - (OR),OR,2024,commercial,106192.0,10492000.0,0.09880217,False,False,False,False,False,0.09880216965496459,False,OK,100
"Scale Sustainable I, LLC",OR,2024,commercial,670.0,266000.0,0.39701493,False,False,False,True,False,0.3970149253731343,False,HIGH_PRICE,90
Surprise Valley Electrification,OR,2024,commercial,5275.0,729300.0,0.13825592,False,False,False,False,False,0.1382559241706161,False,OK,100
"TerraForm US Energy Services, LLC",OR,2024,commercial,1072.0,87000.0,0.081156716,False,False,False,False,False,0.08115671641791045,False,OK,100
Tesla Inc.,OR,2024,commercial,7693.0,596000.0,0.077473027,False,False,False,False,False,0.07747302742753152,False,OK,100
Tillamook Peoples Utility Dist,OR,2024,commercial,129604.0,10926000.0,0.084302954,False,False,False,False,False,0.08430295361254282,False,OK,100
Umatilla Electric Coop Assn,OR,2024,commercial,7507887.0,518443400.0,0.06905317,False,False,False,False,False,0.06905317035272374,False,OK,100
Adams Electric Cooperative Inc,PA,2024,commercial,86441.0,11393000.0,0.13180088,False,False,False,False,False,0.13180088152612765,False,OK,100
"Ahana Renewables, LLC",PA,2024,commercial,514.0,63900.0,0.12431907,False,False,False,False,False,0.12431906614785992,False,OK,100
"Bedford Rural Elec Coop, Inc",PA,2024,commercial,31218.0,3947000.0,0.12643347,False,False,False,False,False,0.12643346787110002,False,OK,100
Borough of Chambersburg,PA,2024,commercial,119572.0,12992200.0,0.10865587,False,False,False,False,False,0.10865587261231727,False,OK,100
"Central Electric Coop, Inc - (PA)",PA,2024,commercial,65626.0,9073000.0,0.13825313,False,False,False,False,False,0.13825313138085515,False,OK,100
Citizens Electric Co - (PA),PA,2024,commercial,22397.0,3124000.0,0.13948297,False,False,False,False,False,0.1394829664687235,False,OK,100
Claverack Rural Elec Coop Inc,PA,2024,commercial,70184.0,9650000.0,0.13749573,False,False,False,False,False,0.13749572552148637,False,OK,100
Duquesne Light Co,PA,2024,commercial,999403.0,159148000.0,0.15924307000000001,False,False,False,False,False,0.15924306811166267,False,OK,100
FirstEnergy Pennsylvania Electric Co,PA,2024,commercial,2932558.0,444909300.0,0.15171373000000002,False,False,False,False,False,0.15171372569613287,False,OK,100
"Greenskies Renewable Energy, LLC",PA,2024,commercial,423.0,29400.0,0.069503546,False,False,False,False,False,0.06950354609929078,False,OK,100
"Northwestern Rural E C A, Inc - (PA)",PA,2024,commercial,43111.0,6260000.0,0.14520656,False,False,False,False,False,0.14520655981072117,False,OK,100
PECO Energy Co,PA,2024,commercial,2648121.0,311773500.0,0.11773386000000001,False,False,False,False,False,0.11773385732751637,False,OK,100
PPL Electric Utilities Corp,PA,2024,commercial,1886520.0,262203900.00000003,0.13898814,False,False,False,False,False,0.13898813688696648,False,OK,100
Philadelphia Authority for Industrial Development,PA,2024,commercial,92551.0,11857800.0,0.12812179,False,False,False,False,False,0.12812179230910525,False,OK,100
Pike County Light & Power Co,PA,2024,commercial,40496.0,7035000.0,0.17372086,False,False,False,False,False,0.17372086131963652,False,OK,100
REA Energy Coop Inc,PA,2024,commercial,64486.0,8050000.0,0.12483330000000001,False,False,False,False,False,0.12483329714976894,False,OK,100
"Scale Sustainable I, LLC",PA,2024,commercial,37.0,4900.0,0.13243243,False,False,False,False,False,0.13243243243243244,False,OK,100
"Somerset Rural Elec Coop, Inc",PA,2024,commercial,52872.0,6517000.0,0.12325995000000001,False,False,False,False,False,0.12325994855500076,False,OK,100
"TerraForm US Energy Services, LLC",PA,2024,commercial,3940.0,306000.0,0.077664975,False,False,False,False,False,0.07766497461928934,False,OK,100
Tesla Inc.,PA,2024,commercial,1539.0,119000.0,0.077322937,False,False,False,False,False,0.07732293697205977,False,OK,100
Tri-County Rural Elec Coop Inc (PA),PA,2024,commercial,59371.0,7686000.0,0.12945714,False,False,False,False,False,0.12945714237590744,False,OK,100
"UGI Utilities, Inc",PA,2024,commercial,185609.0,24574900.0,0.13240145,False,False,False,False,False,0.13240144605056867,False,OK,100
Valley Rural Electric Coop Inc,PA,2024,commercial,76843.0,10919000.0,0.14209491999999999,False,False,False,False,False,0.1420949208125659,False,OK,100
Wellsborough Electric Co,PA,2024,commercial,23459.0,3594000.0,0.15320346,False,False,False,False,False,0.15320346135811416,False,OK,100
"Ahana Renewables, LLC",RI,2024,commercial,8445.0,1259400.0,0.14912966,False,False,False,False,False,0.1491296625222025,False,OK,100
Block Island Utility District,RI,2024,commercial,7148.0,2922000.0,0.40878567,False,False,False,True,False,0.4087856743144936,False,HIGH_PRICE,90
Greenbacker Renewable Energy Corporation,RI,2024,commercial,1313.0,243000.0,0.18507235000000002,False,False,False,False,False,0.18507235338918507,False,OK,100
Pascoag Utility District,RI,2024,commercial,3697.0,721000.0,0.19502299,False,False,False,False,False,0.19502299161482284,False,OK,100
Tesla Inc.,RI,2024,commercial,1995.0,225000.0,0.11278195,False,False,False,False,False,0.11278195488721804,False,OK,100
The Narragansett Electric Co,RI,2024,commercial,813526.0,188501800.0,0.23170962,False,False,False,True,False,0.23170961960650305,False,HIGH_PRICE,90
Aiken Electric Coop Inc,SC,2024,commercial,142543.0,18578600.0,0.13033681,False,False,False,False,False,0.1303368106466119,False,OK,100
Berkeley Electric Coop Inc,SC,2024,commercial,3386125.0,240829000.0,0.071122301,False,False,False,False,False,0.0711223005648049,False,OK,100
"Black River Electric Coop, Inc - (SC)",SC,2024,commercial,133573.0,17513800.0,0.13111782,False,False,False,False,False,0.1311178157262321,False,OK,100
Blue Ridge Electric Coop Inc - (SC),SC,2024,commercial,199683.0,27761200.0,0.13902636,False,False,False,False,False,0.13902635677548916,False,OK,100
"Broad River Electric Coop, Inc",SC,2024,commercial,43717.0,6417300.0,0.14679187000000002,False,False,False,False,False,0.14679186586453782,False,OK,100
City of Gaffney - (SC),SC,2024,commercial,94506.0,14098000.0,0.14917571000000002,False,False,False,False,False,0.14917571371129876,False,OK,100
City of Orangeburg - (SC),SC,2024,commercial,252377.0,32002700.0,0.12680514,False,False,False,False,False,0.12680513675968888,False,OK,100
City of Rock Hill - (SC),SC,2024,commercial,403075.0,51559000.0,0.12791416,False,False,False,False,False,0.12791415989580102,False,OK,100
"Dominion Energy South Carolina, Inc",SC,2024,commercial,7842225.0,919148500.0,0.11720507,False,False,False,False,False,0.11720506616425823,False,OK,100
"Duke Energy Carolinas, LLC",SC,2024,commercial,6069714.0,639009600.0,0.10527837,False,False,False,False,False,0.1052783706118608,False,OK,100
Duke Energy Progress - (NC),SC,2024,commercial,1654864.0,191543100.0,0.11574552,False,False,False,False,False,0.11574552349921202,False,OK,100
Easley Combined Utility System,SC,2024,commercial,117280.0,14282100.0,0.1217778,False,False,False,False,False,0.12177779672578445,False,OK,100
"Edisto Electric Coop, Inc",SC,2024,commercial,56887.0,10378000.0,0.18243183999999998,False,False,False,False,False,0.1824318385571396,False,OK,100
"Fairfield Electric Coop, Inc",SC,2024,commercial,84472.0,11310000.0,0.13389051999999999,False,False,False,False,False,0.13389051993559997,False,OK,100
Greenwood CPW,SC,2024,commercial,169303.0,12366000.0,0.073040643,False,False,False,False,False,0.07304064310732829,False,OK,100
Greer Commission of Public Wks,SC,2024,commercial,201467.0,22872000.0,0.11352728000000001,False,False,False,False,False,0.11352727742012339,False,OK,100
Haywood Electric Member Corp,SC,2024,commercial,60.0,9800.0,0.16333333,False,False,False,False,False,0.16333333333333333,False,OK,100
Horry Electric Coop Inc,SC,2024,commercial,260638.0,35355000.0,0.13564790999999998,False,False,False,False,False,0.13564791012822383,False,OK,100
"Laurens Electric Coop, Inc",SC,2024,commercial,232117.0,32212000.0,0.13877484,False,False,False,False,False,0.1387748419977856,False,OK,100
Lockhart Power Co,SC,2024,commercial,547375.0,29504300.0,0.053901439,False,False,False,False,False,0.053901438684631195,False,OK,100
"Lynches River Elec Coop, Inc",SC,2024,commercial,57077.0,7878000.0,0.13802407,False,False,False,False,False,0.13802407274383727,False,OK,100
MPD Electric Cooperative,SC,2024,commercial,476280.0,37587000.0,0.07891786299999999,False,False,False,False,False,0.07891786344167297,False,OK,100
Mid-Carolina Electric Coop Inc,SC,2024,commercial,231506.0,30053800.0,0.12981867,False,False,False,False,False,0.12981866560693892,False,OK,100
"Newberry Electric Coop, Inc",SC,2024,commercial,142968.0,10059200.0,0.070359801,False,False,False,False,False,0.0703598007945834,False,OK,100
Palmetto Electric Coop Inc,SC,2024,commercial,471914.0,56687500.0,0.12012252,False,False,False,False,False,0.12012252232398275,False,OK,100
"Santee Electric Coop, Inc",SC,2024,commercial,136962.0,20465300.0,0.1494232,False,False,False,False,False,0.1494231976752676,False,OK,100
South Carolina Public Service Authority,SC,2024,commercial,1989136.0,187643100.0,0.094333972,False,False,False,False,False,0.09433397213664627,False,OK,100
"Tri-County Electric Coop, Inc (SC)",SC,2024,commercial,40286.0,6470000.0,0.1606017,False,False,False,False,False,0.16060169786029888,False,OK,100
York Electric Coop Inc,SC,2024,commercial,257703.0,30976000.0,0.12020039,False,False,False,False,False,0.12020038571533898,False,OK,100
"Black Hills Electric Coop, Inc",SD,2024,commercial,36002.0,5163200.0,0.14341425,False,False,False,False,False,0.14341425476362424,False,OK,100
"Black Hills Power, Inc.",SD,2024,commercial,779797.0,102789600.0,0.13181584000000002,False,False,False,False,False,0.13181584438001173,False,OK,100
"Central Electric Coop, Inc - (SD)",SD,2024,commercial,28131.0,3572200.0,0.12698447,False,False,False,False,False,0.12698446553624115,False,OK,100
City of Brookings - (SD),SD,2024,commercial,38506.0,4460000.0,0.11582611,False,False,False,False,False,0.11582610502259388,False,OK,100
City of Madison - (SD),SD,2024,commercial,32470.0,3261000.0,0.10043117,False,False,False,False,False,0.10043116723129042,False,OK,100
City of Pierre - (SD),SD,2024,commercial,24901.0,2859400.0,0.11483072999999999,False,False,False,False,False,0.1148307296895707,False,OK,100
City of Volga - (SD),SD,2024,commercial,1700.0,216800.0,0.12752941,False,False,False,False,False,0.1275294117647059,False,OK,100
Dakota Energy Coop Inc,SD,2024,commercial,47095.0,4658800.0,0.09892345300000001,False,False,False,False,False,0.09892345259581696,False,OK,100
MidAmerican Energy Co,SD,2024,commercial,64465.0,4905000.0,0.0760878,False,False,False,False,False,0.07608779958116807,False,OK,100
Montana-Dakota Utilities Co,SD,2024,commercial,64294.0,8307000.0,0.12920335,False,False,False,False,False,0.12920334712414844,False,OK,100
Nebraska Public Power District,SD,2024,commercial,20681.0,1508000.0,0.07291717,False,False,False,False,False,0.07291717034959624,False,OK,100
NorthWestern Energy - (SD),SD,2024,commercial,668834.0,80339000.0,0.12011799999999999,False,False,False,False,False,0.120117996393724,False,OK,100
"Northern Electric Coop, Inc",SD,2024,commercial,52760.0,5203700.0,0.09862964399999999,False,False,False,False,False,0.09862964366944656,False,OK,100
Northern States Power Co - Minnesota,SD,2024,commercial,1016559.0,116870100.0,0.11496637,False,False,False,False,False,0.1149663718485597,False,OK,100
Otter Tail Power Co,SD,2024,commercial,385612.0,28273500.0,0.07332111000000001,False,False,False,False,False,0.07332111033888987,False,OK,100
Rosebud Electric Coop Inc,SD,2024,commercial,23349.0,2139100.0,0.091614202,False,False,False,False,False,0.0916142018930147,False,OK,100
Sioux Valley SW Elec Coop,SD,2024,commercial,49192.0,7691500.0,0.15635672,False,False,False,False,False,0.15635672467067815,False,OK,100
Southeastern Electric Coop Inc - (SD),SD,2024,commercial,207515.0,21187700.0,0.10210202,False,False,False,False,False,0.10210201672168277,False,OK,100
WAPA-- Western Area Power Administration,SD,2024,commercial,341375.0,9483600.0,0.027780593,False,False,False,False,True,0.027780593189307947,False,LOW_PRICE,85
Watertown Municipal Utilities,SD,2024,commercial,128940.0,11065000.0,0.085815108,False,False,False,False,False,0.08581510780207849,False,OK,100
West River Electric Assn Inc,SD,2024,commercial,102611.0,13356000.0,0.13016148,False,False,False,False,False,0.13016148366159574,False,OK,100
Appalachian Electric Coop,TN,2024,commercial,248037.0,32066000.0,0.1292791,False,False,False,False,False,0.12927909948918911,False,OK,100
Athens Utility Board,TN,2024,commercial,147230.0,18877000.0,0.12821436,False,False,False,False,False,0.12821435848672147,False,OK,100
Benton County,TN,2024,commercial,53806.0,8168000.0,0.15180463,False,False,False,False,False,0.1518046314537412,False,OK,100
Bolivar Energy Authority,TN,2024,commercial,77047.0,11215000.0,0.1455605,False,False,False,False,False,0.1455605020312277,False,OK,100
"Caney Fork Electric Coop, Inc",TN,2024,commercial,135795.0,21314000.0,0.15695718,False,False,False,False,False,0.15695717809934093,False,OK,100
Carroll County - (TN),TN,2024,commercial,107426.0,13035000.0,0.12133934,False,False,False,False,False,0.12133934056932213,False,OK,100
"Chickasaw Electric Coop, Inc",TN,2024,commercial,180362.0,20326000.0,0.11269558,False,False,False,False,False,0.11269557889134074,False,OK,100
City of Alcoa Utilities,TN,2024,commercial,261925.0,30222000.0,0.11538417000000001,False,False,False,False,False,0.11538417485921543,False,OK,100
City of Bristol - (TN),TN,2024,commercial,310905.0,37814000.0,0.12162558000000001,False,False,False,False,False,0.12162557694472588,False,OK,100
City of Brownsville,TN,2024,commercial,57247.0,6976000.0,0.12185791,False,False,False,False,False,0.1218579139518228,False,OK,100
City of Chattanooga - (TN),TN,2024,commercial,2142926.0,253847000.0,0.11845813,False,False,False,False,False,0.11845812687885629,False,OK,100
City of Clarksville - (TN),TN,2024,commercial,575059.0,69667000.0,0.12114757000000001,False,False,False,False,False,0.12114756920594234,False,OK,100
City of Cleveland - (TN),TN,2024,commercial,376139.0,44672000.0,0.11876461,False,False,False,False,False,0.11876460563780943,False,OK,100
City of Clinton - (TN),TN,2024,commercial,183352.0,24259000.0,0.13230835000000002,False,False,False,False,False,0.13230834678650902,False,OK,100
City of Cookeville - (TN),TN,2024,commercial,326551.0,35633000.0,0.10911925,False,False,False,False,False,0.10911924936686766,False,OK,100
City of Covington - (TN),TN,2024,commercial,93136.0,10365000.0,0.11128887000000001,False,False,False,False,False,0.11128886789211476,False,OK,100
City of Dayton - (TN),TN,2024,commercial,91097.0,11635000.0,0.127721,False,False,False,False,False,0.12772100069157052,False,OK,100
City of Dickson,TN,2024,commercial,252454.0,31635000.0,0.12530996,False,False,False,False,False,0.12530995745759624,False,OK,100
City of Dyersburg,TN,2024,commercial,138532.0,15951000.0,0.11514307,False,False,False,False,False,0.11514307163687812,False,OK,100
City of Elizabethton - (TN),TN,2024,commercial,162229.0,18845000.0,0.11616294999999999,False,False,False,False,False,0.11616295483544865,False,OK,100
City of Etowah,TN,2024,commercial,27440.0,3974000.0,0.14482507,False,False,False,False,False,0.14482507288629737,False,OK,100
City of Fayetteville,TN,2024,commercial,125196.0,16495000.0,0.13175341,False,False,False,False,False,0.1317534106520975,False,OK,100
City of Gallatin - (TN),TN,2024,commercial,316944.0,33467000.0,0.10559279,False,False,False,False,False,0.10559278610732495,False,OK,100
City of Greeneville - (TN),TN,2024,commercial,291839.0,36709000.0,0.12578511,False,False,False,False,False,0.12578510754217223,False,OK,100
City of Harriman - (TN),TN,2024,commercial,63606.0,9435000.0,0.14833506,False,False,False,False,False,0.14833506272993113,False,OK,100
City of Humboldt,TN,2024,commercial,60710.0,6769000.0,0.11149727999999999,False,False,False,False,False,0.11149728216109372,False,OK,100
City of Jackson - (TN),TN,2024,commercial,547092.0,63373000.0,0.11583608999999999,False,False,False,False,False,0.11583609338100356,False,OK,100
City of Jellico,TN,2024,commercial,16565.0,2345000.0,0.14156354000000002,False,False,False,False,False,0.14156353757923332,False,OK,100
City of LaFollette,TN,2024,commercial,171619.0,19612000.0,0.11427638999999999,False,False,False,False,False,0.11427639130865463,False,OK,100
City of Lawrenceburg,TN,2024,commercial,150115.0,21164000.0,0.14098523999999998,False,False,False,False,False,0.14098524464577158,False,OK,100
City of Lenoir - (TN),TN,2024,commercial,744498.0,87482000.0,0.11750468,False,False,False,False,False,0.11750468100653058,False,OK,100
City of Lewisburg - (TN),TN,2024,commercial,89951.0,10553000.0,0.11731942999999999,False,False,False,False,False,0.11731942946715435,False,OK,100
City of Lexington - (TN),TN,2024,commercial,157783.0,20353000.0,0.12899362,False,False,False,False,False,0.12899361781687507,False,OK,100
City of Memphis - (TN),TN,2024,commercial,6007246.0,721756500.0,0.12014765000000001,False,False,False,False,False,0.12014765168598056,False,OK,100
City of Milan - (TN),TN,2024,commercial,62081.0,7583000.0,0.12214686999999999,False,False,False,False,False,0.12214687263413927,False,OK,100
City of Morristown - (TN),TN,2024,commercial,308118.0,35193000.0,0.11421922999999999,False,False,False,False,False,0.11421922769847916,False,OK,100
City of Mt Pleasant - (TN),TN,2024,commercial,32733.0,4531000.0,0.138423,False,False,False,False,False,0.13842299819753764,False,OK,100
City of Newbern,TN,2024,commercial,20925.0,2276000.0,0.10876941000000001,False,False,False,False,False,0.10876941457586618,False,OK,100
City of Newport - (TN),TN,2024,commercial,127248.0,17849000.0,0.1402694,False,False,False,False,False,0.14026939519678108,False,OK,100
City of Oak Ridge,TN,2024,commercial,305349.0,36715000.0,0.12023946,False,False,False,False,False,0.12023946369564006,False,OK,100
City of Paris - (TN),TN,2024,commercial,185299.0,22301000.0,0.12035143,False,False,False,False,False,0.12035143200988672,False,OK,100
City of Pulaski - (TN),TN,2024,commercial,107211.0,14385000.0,0.13417466,False,False,False,False,False,0.13417466491311525,False,OK,100
City of Ripley - (TN),TN,2024,commercial,64821.0,8516000.0,0.13137717999999998,False,False,False,False,False,0.1313771771493806,False,OK,100
City of Rockwood - (TN),TN,2024,commercial,88881.0,12356000.0,0.13901734,False,False,False,False,False,0.13901733778872874,False,OK,100
City of Shelbyville - (TN),TN,2024,commercial,133061.0,15390000.0,0.11566124,False,False,False,False,False,0.1156612380787759,False,OK,100
City of Smithville - (TN),TN,2024,commercial,44203.0,5534000.0,0.12519512,False,False,False,False,False,0.12519512250299752,False,OK,100
City of Sparta,TN,2024,commercial,47364.0,5638000.0,0.11903555,False,False,False,False,False,0.11903555442952453,False,OK,100
City of Springfield - (TN),TN,2024,commercial,118479.0,11259000.0,0.095029499,False,False,False,False,False,0.09502949889853898,False,OK,100
City of Sweetwater,TN,2024,commercial,82018.0,9958000.0,0.12141237,False,False,False,False,False,0.12141237289375503,False,OK,100
City of Trenton - (TN),TN,2024,commercial,29503.0,3671000.0,0.12442802,False,False,False,False,False,0.12442802426871843,False,OK,100
City of Union City,TN,2024,commercial,86905.0,10290000.0,0.11840516,False,False,False,False,False,0.11840515505436972,False,OK,100
City of Winchester - (TN),TN,2024,commercial,72813.0,8749000.0,0.12015711,False,False,False,False,False,0.1201571148009284,False,OK,100
Columbia Power System - (TN),TN,2024,commercial,316202.0,36281000.0,0.11473994,False,False,False,False,False,0.11473994471888223,False,OK,100
Cumberland Elec Member Corp,TN,2024,commercial,565206.0,73133000.0,0.12939176,False,False,False,False,False,0.12939176158781046,False,OK,100
Duck River Elec Member Corp,TN,2024,commercial,525914.0,70285000.0,0.13364352000000002,False,False,False,False,False,0.1336435234658138,False,OK,100
Entergy Arkansas LLC,TN,2024,commercial,24.0,4400.0,0.18333333,False,False,False,False,False,0.18333333333333332,False,OK,100
"Forked Deer Electric Coop, Inc",TN,2024,commercial,25347.0,4982000.0,0.19655186,False,False,False,False,False,0.19655186018069198,False,OK,100
Fort Loudoun Electric Coop,TN,2024,commercial,145628.0,19706000.0,0.13531738000000001,False,False,False,False,False,0.13531738401955667,False,OK,100
French Broad Elec Member Corp,TN,2024,commercial,810.0,116700.0,0.14407407,False,False,False,False,False,0.14407407407407408,False,OK,100
Gibson Electric Members Corp,TN,2024,commercial,215316.0,27632000.0,0.12833231,False,False,False,False,False,0.12833231157926026,False,OK,100
Greenbacker Renewable Energy Corporation,TN,2024,commercial,5025.0,484000.0,0.09631840800000001,False,False,False,False,False,0.096318407960199,False,OK,100
"Holston Electric Coop, Inc",TN,2024,commercial,145281.0,20856000.0,0.14355627999999998,False,False,False,False,False,0.14355628058727568,False,OK,100
Johnson City - (TN),TN,2024,commercial,731665.0,83210000.0,0.11372691,False,False,False,False,False,0.11372691053965954,False,OK,100
Kingsport Power Co,TN,2024,commercial,386067.0,53303000.0,0.13806671,False,False,False,False,False,0.1380667086282951,False,OK,100
Knoxville Utilities Board,TN,2024,commercial,2324105.0,276829000.0,0.11911208999999999,False,False,False,False,False,0.11911208830926313,False,OK,100
Loudon Utilities Board,TN,2024,commercial,131687.0,15128000.0,0.11487845999999999,False,False,False,False,False,0.11487846180716396,False,OK,100
Maryville Utilities,TN,2024,commercial,244884.0,28689000.0,0.11715343,False,False,False,False,False,0.11715342774538148,False,OK,100
McMinnville Electric System,TN,2024,commercial,85186.0,10580000.0,0.12419881,False,False,False,False,False,0.12419881201136337,False,OK,100
Meriwether Lewis Electric Coop,TN,2024,commercial,215638.0,31657000.0,0.14680622,False,False,False,False,False,0.14680622153794787,False,OK,100
Middle Tennessee E M C,TN,2024,commercial,3173415.0,363416000.0,0.1145189,False,False,False,False,False,0.11451890156188207,False,OK,100
"Mountain Electric Coop, Inc",TN,2024,commercial,75008.0,10437000.0,0.13914516000000002,False,False,False,False,False,0.13914515784982937,False,OK,100
Nashville Electric Service,TN,2024,commercial,6069079.0,730152000.0,0.12030689,False,False,False,False,False,0.1203068867615663,False,OK,100
Pickwick Electric Coop,TN,2024,commercial,120660.0,17312000.0,0.14347754000000001,False,False,False,False,False,0.14347754019559092,False,OK,100
Plateau Electric Cooperative,TN,2024,commercial,132109.0,17315000.0,0.13106600999999998,False,False,False,False,False,0.13106601367052964,False,OK,100
Powell Valley Electric Coop,TN,2024,commercial,119103.0,15079000.0,0.12660470000000001,False,False,False,False,False,0.12660470349193556,False,OK,100
Sequachee Valley Electric Coop,TN,2024,commercial,270051.0,33406000.0,0.12370255999999999,False,False,False,False,False,0.12370255988683619,False,OK,100
Sevier County Electric System,TN,2024,commercial,1118298.0,130336000.0,0.11654854,False,False,False,False,False,0.1165485407288576,False,OK,100
South Kentucky Rural E C C,TN,2024,commercial,671.0,93000.0,0.13859911,False,False,False,False,False,0.13859910581222057,False,OK,100
Southwest Tennessee E M C,TN,2024,commercial,238284.0,34189000.0,0.14348005,False,False,False,False,False,0.1434800490171392,False,OK,100
Tennessee Valley Authority,TN,2024,commercial,390077.0,26751800.0,0.068580819,False,False,False,False,False,0.06858081865888017,False,OK,100
Tennessee Valley Electric Coop,TN,2024,commercial,152368.0,19336000.0,0.12690329,False,False,False,False,False,0.12690328677937623,False,OK,100
Town of Erwin - (TN),TN,2024,commercial,53274.0,7014000.0,0.13165897,False,False,False,False,False,0.13165897060479784,False,OK,100
Tri-County Elec Member Corp (TN),TN,2024,commercial,172614.0,22321000.0,0.12931164,False,False,False,False,False,0.12931164331977707,False,OK,100
Tri-State Electric Member Corp,TN,2024,commercial,14413.0,2178000.0,0.15111358,False,False,False,False,False,0.1511135780198432,False,OK,100
Tullahoma Board-Public Utils,TN,2024,commercial,134176.0,15131000.0,0.11276979000000001,False,False,False,False,False,0.11276979489625566,False,OK,100
Upper Cumberland E M C,TN,2024,commercial,272359.0,37244000.0,0.13674599,False,False,False,False,False,0.13674598599642385,False,OK,100
Volunteer Electric Coop,TN,2024,commercial,628824.0,79529000.0,0.12647259,False,False,False,False,False,0.12647259010470338,False,OK,100
Weakley County Mun Elec Sys,TN,2024,commercial,188404.0,22158000.0,0.11760897,False,False,False,False,False,0.11760896796246365,False,OK,100
3000 Energy Corp,TX,2024,commercial,9214.0,799300.0,0.086748426,False,False,False,False,False,0.08674842630779249,False,OK,100
AP Holdings LLC,TX,2024,commercial,1679794.0,117969600.0,0.070228611,False,False,False,False,False,0.07022861136544124,False,OK,100
"Accent Energy Holdings, LLC",TX,2024,commercial,18300.0,2521000.0,0.13775956,False,False,False,False,False,0.13775956284153004,False,OK,100
"Alliance Power Company, LLC.",TX,2024,commercial,128107.0,9131500.0,0.071280258,False,False,False,False,False,0.07128025790940386,False,OK,100
"Ambit Energy Holdings, LLC",TX,2024,commercial,441432.0,82828900.0,0.18763683,False,False,False,False,False,0.1876368274162272,False,OK,100
Amigo Energy,TX,2024,commercial,239304.0,26932300.0,0.11254429999999999,False,False,False,False,False,0.11254429512252198,False,OK,100
Ammper Power LLC,TX,2024,commercial,127732.0,10618000.0,0.083127173,False,False,False,False,False,0.08312717251745842,False,OK,100
Atlantic Energy LLC,TX,2024,commercial,405.0,51300.0,0.12666667,False,False,False,False,False,0.12666666666666668,False,OK,100
Austin Energy,TX,2024,commercial,5909072.0,617209800.0,0.10445122,False,False,False,False,False,0.10445122347468434,False,OK,100
"BKV-BPP Retail, LLC",TX,2024,commercial,7424.0,1068800.0,0.14396551999999999,False,False,False,False,False,0.14396551724137932,False,OK,100
BP Energy Retail LLC,TX,2024,commercial,16891941.0,741241000.0,0.04388134,False,False,False,False,True,0.04388133962816943,False,LOW_PRICE,85
Bailey County Elec Coop Assn,TX,2024,commercial,68865.0,5019000.0,0.072881725,False,False,False,False,False,0.07288172511435417,False,OK,100
"Bandera Electric Coop, Inc",TX,2024,commercial,189317.0,19804000.0,0.10460762000000001,False,False,False,False,False,0.10460761579784171,False,OK,100
"Bartlett Electric Coop, Inc",TX,2024,commercial,58796.0,9764600.0,0.16607592000000002,False,False,False,False,False,0.16607592353221307,False,OK,100
"Base Texas REP, LLC",TX,2024,commercial,20.0,2300.0,0.115,False,False,False,False,False,0.115,False,OK,100
"Big Country Electric Coop, Inc",TX,2024,commercial,255720.0,24729200.0,0.096704208,False,False,False,False,False,0.09670420772720163,False,OK,100
"Bluebonnet Electric Coop, Inc",TX,2024,commercial,1704548.0,89212700.0,0.052338038999999996,False,False,False,False,False,0.052338039175194834,False,OK,100
"Bowie-Cass Electric Coop, Inc",TX,2024,commercial,115542.0,13586600.0,0.11759014000000001,False,False,False,False,False,0.11759014038185249,False,OK,100
Brooklet Energy Distribution,TX,2024,commercial,2309.0,177000.0,0.076656561,False,False,False,False,False,0.07665656128194023,False,OK,100
Brownsville Public Utilities Board,TX,2024,commercial,685671.0,87336000.0,0.12737304,False,False,False,False,False,0.1273730404231767,False,OK,100
"Calpine Energy Solutions, LLC",TX,2024,commercial,8110991.0,483070500.0,0.059557519,False,False,False,False,False,0.05955751892709534,False,OK,100
Capital Energy PA LLC,TX,2024,commercial,2380.0,282200.0,0.11857143,False,False,False,False,False,0.11857142857142858,False,OK,100
"Central Texas Elec Coop, Inc",TX,2024,commercial,77510.0,8428600.0,0.1087421,False,False,False,False,False,0.10874209779383305,False,OK,100
Champion Energy Services,TX,2024,commercial,333586.0,17664200.0,0.052952462000000006,False,False,False,False,False,0.052952462033778396,False,OK,100
Chariot Energy,TX,2024,commercial,87637.0,14819300.0,0.16909866999999998,False,False,False,False,False,0.16909866837066537,False,OK,100
Cherokee County Elec Coop Assn - (TX),TX,2024,commercial,58533.0,8396000.0,0.14344045,False,False,False,False,False,0.14344045239437583,False,OK,100
City of Brenham - (TX),TX,2024,commercial,79152.0,7280300.0,0.091978724,False,False,False,False,False,0.09197872447948252,False,OK,100
City of Bryan - (TX),TX,2024,commercial,665412.0,63628000.0,0.09562196099999999,False,False,False,False,False,0.09562196052971693,False,OK,100
City of College Station - (TX),TX,2024,commercial,456623.0,59496000.0,0.13029567,False,False,False,False,False,0.13029567060791944,False,OK,100
City of Denton - (TX),TX,2024,commercial,1241113.0,48485600.0,0.039066225,False,False,False,False,True,0.03906622523493026,False,LOW_PRICE,85
City of Floresville,TX,2024,commercial,129723.0,16773300.0,0.12930089,False,False,False,False,False,0.1293008949839273,False,OK,100
City of Garland - (TX),TX,2024,commercial,809954.0,100348000.0,0.12389346,False,False,False,False,False,0.12389345567772984,False,OK,100
City of Georgetown - (TX),TX,2024,commercial,347997.0,38060900.0,0.10937134999999999,False,False,False,False,False,0.10937134515527433,False,OK,100
City of Greenville - (TX),TX,2024,commercial,351199.0,35430000.0,0.10088298,False,False,False,False,False,0.10088297517931429,False,OK,100
City of Lubbock - (TX),TX,2024,commercial,320854.0,34716000.0,0.10819874,False,False,False,False,False,0.10819874460034783,False,OK,100
City of New Braunfels - (TX),TX,2024,commercial,482519.0,58920000.0,0.12210918,False,False,False,False,False,0.12210918119286494,False,OK,100
City of San Antonio - (TX),TX,2024,commercial,13566138.0,1366184600.0,0.10070549,False,False,False,False,False,0.10070549186511298,False,OK,100
City of San Marcos - (TX),TX,2024,commercial,399413.0,41801000.0,0.10465608,False,False,False,False,False,0.10465608280151122,False,OK,100
City of Seguin - (TX),TX,2024,commercial,111444.0,11618000.0,0.10424967,False,False,False,False,False,0.10424966799468792,False,OK,100
Comanche County Elec Coop Assn,TX,2024,commercial,430743.0,27085000.0,0.062879722,False,False,False,False,False,0.06287972178305858,False,OK,100
Concho Valley Elec Coop Inc,TX,2024,commercial,25895.0,3766700.0,0.14546051000000002,False,False,False,False,False,0.14546051361266654,False,OK,100
ConocoPhillips Company,TX,2024,commercial,19631.0,1031800.0,0.052559727,False,False,False,False,False,0.05255972696245734,False,OK,100
"Constellation NewEnergy, Inc",TX,2024,commercial,9063868.0,687079400.0,0.075804215,False,False,False,False,False,0.07580421515406005,False,OK,100
Cooke County Elec Coop Assn,TX,2024,commercial,126177.0,15023000.0,0.1190629,False,False,False,False,False,0.11906290369877236,False,OK,100
David Energy Supply LLC,TX,2024,commercial,16262.0,1683500.0,0.10352354999999999,False,False,False,False,False,0.10352355183864223,False,OK,100
"Deaf Smith Electric Coop, Inc",TX,2024,commercial,150741.0,8108400.0,0.053790276,False,False,False,False,False,0.05379027603638028,False,OK,100
Declaration Energy LLC,TX,2024,commercial,6098.0,1019800.0,0.16723516,False,False,False,False,False,0.16723515906854705,False,OK,100
Deep East Texas Elec Coop Inc,TX,2024,commercial,203246.0,24234000.0,0.11923482,False,False,False,False,False,0.11923481888942464,False,OK,100
"Denton County Elec Coop, Inc",TX,2024,commercial,653218.0,93048100.0,0.14244571,False,False,False,False,False,0.14244570725240271,False,OK,100
Direct Energy Business,TX,2024,commercial,5827724.0,580741600.0,0.099651528,False,False,False,False,False,0.09965152776624288,False,OK,100
Direct Energy Services,TX,2024,commercial,224240.0,36703300.0,0.16367864999999998,False,False,False,False,False,0.16367864787727435,False,OK,100
ENGIE Resources LLC,TX,2024,commercial,11954704.0,945456500.0,0.079086567,False,False,False,False,False,0.07908656709526225,False,OK,100
El Paso Electric Co,TX,2024,commercial,3191326.0,298425000.0,0.093511287,False,False,False,False,False,0.09351128653105324,False,OK,100
Entergy Texas Inc.,TX,2024,commercial,5140970.0,493772900.0,0.096046641,False,False,False,False,False,0.09604664100354603,False,OK,100
Fannin County Electric Coop,TX,2024,commercial,59069.0,6779000.0,0.11476409,False,False,False,False,False,0.11476408945470551,False,OK,100
"Farmers Electric Coop, Inc - (TX)",TX,2024,commercial,253915.0,27708000.0,0.10912313,False,False,False,False,False,0.10912313175669024,False,OK,100
"Fayette Electric Coop, Inc",TX,2024,commercial,66480.0,7967000.0,0.11984054999999999,False,False,False,False,False,0.11984055354993983,False,OK,100
"FlowX, LLC",TX,2024,commercial,149784.0,4388000.0,0.029295519,False,False,False,False,True,0.029295518880521284,False,LOW_PRICE,85
Freepoint Energy Solutions LLC,TX,2024,commercial,1787843.0,188807000.0,0.10560603,False,False,False,False,False,0.10560602916475328,False,OK,100
"Frontier Utilities, LLC",TX,2024,commercial,33050.0,5673800.0,0.17167322,False,False,False,False,False,0.1716732223903177,False,OK,100
"Gexa Energy, LP",TX,2024,commercial,8342871.0,611223400.0,0.073262957,False,False,False,False,False,0.07326295708036239,False,OK,100
"Grayson-Collin Elec Coop, Inc",TX,2024,commercial,301890.0,44627000.0,0.14782536999999998,False,False,False,False,False,0.14782536685547715,False,OK,100
Green Mountain Energy Company,TX,2024,commercial,1019430.0,119924400.0,0.11763868000000001,False,False,False,False,False,0.11763868043906889,False,OK,100
"Greenbelt Electric Coop, Inc",TX,2024,commercial,22177.0,3158000.0,0.14239978,False,False,False,False,False,0.14239978355954366,False,OK,100
Gridmatic Retail LLC,TX,2024,commercial,56824.0,4247000.0,0.074739547,False,False,False,False,False,0.07473954667042094,False,OK,100
Guadalupe Valley Elec Coop Inc,TX,2024,commercial,366237.0,41649700.0,0.11372335,False,False,False,False,False,0.11372335400300898,False,OK,100
"HILCO Electric Cooperative, Inc.",TX,2024,commercial,180767.0,26228000.0,0.14509285,False,False,False,False,False,0.1450928543373514,False,OK,100
Hamilton County Elec Coop Assn,TX,2024,commercial,31170.0,3995500.0,0.12818415,False,False,False,False,False,0.1281841514276548,False,OK,100
Heart of Texas Electric Coop,TX,2024,commercial,86604.0,11987000.0,0.13841162,False,False,False,False,False,0.1384116207103598,False,OK,100
Heritage Power LLC,TX,2024,commercial,32140.0,4181100.0000000005,0.13009023,False,False,False,False,False,0.13009023024268826,False,OK,100
Houston County Elec Coop Inc,TX,2024,commercial,59552.0,7600400.0,0.12762627999999998,False,False,False,False,False,0.12762627619559377,False,OK,100
Hudson Energy Services,TX,2024,commercial,3113514.0,322534700.0,0.10359186,False,False,False,False,False,0.10359185794571664,False,OK,100
Ironhorse Power Services LLC,TX,2024,commercial,304359.0,22366700.0,0.073487888,False,False,False,False,False,0.07348788765898166,False,OK,100
"JP Energy Resources, LLC",TX,2024,commercial,9790.0,906100.0,0.092553626,False,False,False,False,False,0.09255362614913176,False,OK,100
"Jackson Electric Coop, Inc - (TX)",TX,2024,commercial,47660.0,5752000.0,0.12068821,False,False,False,False,False,0.12068820814099875,False,OK,100
"Jasper-Newton Elec Coop, Inc",TX,2024,commercial,44456.0,6814000.0,0.15327515,False,False,False,False,False,0.15327514846140003,False,OK,100
Just Energy,TX,2024,commercial,444623.0,64146900.0,0.14427256,False,False,False,False,False,0.14427256349761483,False,OK,100
Karnes Electric Coop Inc,TX,2024,commercial,640754.0,59235000.0,0.09244577500000001,False,False,False,False,False,0.09244577482153837,False,OK,100
Kerrville Public Utility Board,TX,2024,commercial,222391.0,18341100.0,0.08247231199999999,False,False,False,False,False,0.08247231227882423,False,OK,100
Lamar County Elec Coop Assn,TX,2024,commercial,126944.0,14316700.0,0.11277965,False,False,False,False,False,0.11277965086967481,False,OK,100
"Lamb County Electric Coop, Inc",TX,2024,commercial,61242.0,5141000.0,0.083945658,False,False,False,False,False,0.08394565820841905,False,OK,100
"Lea County Electric Coop, Inc - (NM)",TX,2024,commercial,440854.0,34218000.0,0.077617533,False,False,False,False,False,0.0776175332422979,False,OK,100
"Lighthouse Electric Coop, Inc",TX,2024,commercial,442650.0,14781900.0,0.033394104,False,False,False,False,True,0.03339410369366316,False,LOW_PRICE,85
"Lyntegar Electric Coop, Inc",TX,2024,commercial,375771.0,25238000.0,0.067163246,False,False,False,False,False,0.06716324570017378,False,OK,100
"MEMS Industrial Supply, LLC",TX,2024,commercial,1350240.0,46564700.0,0.034486239,False,False,False,False,True,0.03448623948335111,False,LOW_PRICE,85
MP2 Energy LLC,TX,2024,commercial,12203130.0,847934300.0,0.069484985,False,False,False,False,False,0.06948498459001912,False,OK,100
Magic Valley Electric Coop Inc,TX,2024,commercial,292304.0,31795600.0,0.1087758,False,False,False,False,False,0.10877579506267447,False,OK,100
Maison Energy LLC,TX,2024,commercial,25.0,3800.0,0.152,False,False,False,False,False,0.152,False,OK,100
"Medina Electric Coop, Inc",TX,2024,commercial,314086.0,32024500.0,0.10196092999999999,False,False,False,False,False,0.10196092789872838,False,OK,100
Mid-South Electric Coop Assn,TX,2024,commercial,161693.0,23294100.0,0.14406375000000002,False,False,False,False,False,0.14406375044064987,False,OK,100
"MidAmerican Energy Services, LLC",TX,2024,commercial,724263.0,62872500.0,0.086808935,False,False,False,False,False,0.08680893542815248,False,OK,100
Morgan Stanley Capital Grp Inc,TX,2024,commercial,237168.0,26763800.0,0.11284743000000001,False,False,False,False,False,0.11284743304324361,False,OK,100
Mothership,TX,2024,commercial,2720798.0,120670000.0,0.044350959,False,False,False,False,True,0.044350958799587475,False,LOW_PRICE,85
"Navarro County Elec Coop, Inc",TX,2024,commercial,48369.0,7105000.0,0.14689159999999998,False,False,False,False,False,0.14689160412661,False,OK,100
"Navasota Valley Elec Coop, Inc",TX,2024,commercial,87007.0,13114100.0,0.15072465,False,False,False,False,False,0.1507246543381567,False,OK,100
North Plains Electric Coop Inc,TX,2024,commercial,107126.0,9035000.0,0.084339936,False,False,False,False,False,0.08433993614995426,False,OK,100
Nueces Electric Cooperative,TX,2024,commercial,149849.0,14538000.0,0.097017664,False,False,False,False,False,0.09701766444887854,False,OK,100
"Panola-Harrison Elec Coop, Inc",TX,2024,commercial,77863.0,7007600.0,0.089999101,False,False,False,False,False,0.08999910098506352,False,OK,100
"Pedernales Electric Coop, Inc",TX,2024,commercial,1760388.0,224622700.0,0.1275984,False,False,False,False,False,0.12759840444265697,False,OK,100
"Pulse Power, LLC",TX,2024,commercial,122235.0,17247100.0,0.14109789,False,False,False,False,False,0.1410978852210905,False,OK,100
Pumpjack Power LLC,TX,2024,commercial,249968.0,11651800.0,0.046613166000000004,False,False,False,False,True,0.04661316648531012,False,LOW_PRICE,85
Reliant Energy Retail Services,TX,2024,commercial,4997940.0,662359700.0,0.13252654,False,False,False,False,False,0.13252654093486516,False,OK,100
Revolution Energy LLC,TX,2024,commercial,4090.0,491000.0,0.1200489,False,False,False,False,False,0.12004889975550122,False,OK,100
Rhythm Ops LLC,TX,2024,commercial,32609.0,5209300.0,0.15975038,False,False,False,False,False,0.15975037566316047,False,OK,100
"Rio Grande Electric Coop, Inc",TX,2024,commercial,131929.0,18733000.0,0.14199304,False,False,False,False,False,0.14199304171182986,False,OK,100
"Rita Blanca Electric Coop, Inc",TX,2024,commercial,975488.0,56055000.0,0.057463546000000004,False,False,False,False,False,0.057463546450597036,False,OK,100
"Rusk County Electric Coop, Inc",TX,2024,commercial,97638.0,13806500.0,0.14140499,False,False,False,False,False,0.14140498576373953,False,OK,100
"SFE Energy Texas, Inc.",TX,2024,commercial,34725.0,4379500.0,0.12611951,False,False,False,False,False,0.12611951043916486,False,OK,100
Sam Houston Electric Coop Inc,TX,2024,commercial,164368.0,20792000.0,0.12649664,False,False,False,False,False,0.12649664168207925,False,OK,100
"San Bernard Electric Coop, Inc",TX,2024,commercial,111002.0,12533500.0,0.11291237999999999,False,False,False,False,False,0.11291237995711789,False,OK,100
San Patricio Electric Coop Inc,TX,2024,commercial,43298.0,5989200.0,0.13832509999999998,False,False,False,False,False,0.13832509584738326,False,OK,100
Selfserve Energy Corp.,TX,2024,commercial,44505.0,1368900.0,0.030758342,False,False,False,False,True,0.03075834175935288,False,LOW_PRICE,85
South Plains Electric Coop Inc,TX,2024,commercial,395786.0,41249800.0,0.10422247999999999,False,False,False,False,False,0.10422248386754458,False,OK,100
Southwest Arkansas E C C,TX,2024,commercial,1252.0,183700.0,0.14672523999999998,False,False,False,False,False,0.1467252396166134,False,OK,100
"Southwest Texas Elec Coop, Inc",TX,2024,commercial,32219.0,4341000.0,0.13473416,False,False,False,False,False,0.13473416307147956,False,OK,100
Southwestern Electric Power Co,TX,2024,commercial,2072701.0,205280400.0,0.099040045,False,False,False,False,False,0.0990400448496913,False,OK,100
Southwestern Public Service Co,TX,2024,commercial,3381322.0,311550800.0,0.092138755,False,False,False,False,False,0.09213875519693185,False,OK,100
"Spark Energy, LP",TX,2024,commercial,20371.0,3458000.0,0.16975112,False,False,False,False,False,0.16975111678366306,False,OK,100
"Stream SPE, LTD",TX,2024,commercial,230935.0,42879700.0,0.18567865,False,False,False,False,False,0.18567865416675688,False,OK,100
Summer Energy LLC,TX,2024,commercial,2039384.0,227781000.0,0.11169108,False,False,False,False,False,0.11169107926707281,False,OK,100
"TXU Energy Retail Co, LLC",TX,2024,commercial,2721232.0,463093000.0,0.1701777,False,False,False,False,False,0.17017769892460474,False,OK,100
"Tara Energy, LLC",TX,2024,commercial,858428.0,83116700.0,0.09682431100000001,False,False,False,False,False,0.09682431141575065,False,OK,100
Taylor Electric Coop Inc - (TX),TX,2024,commercial,79117.0,10970900.0,0.13866678,False,False,False,False,False,0.13866678463541338,False,OK,100
Tenaska Power Services,TX,2024,commercial,163704.0,15626400.0,0.095455212,False,False,False,False,False,0.09545521184577041,False,OK,100
"TerraForm Renewable Energy Services, LLC",TX,2024,commercial,939575.0,56043000.0,0.059647181,False,False,False,False,False,0.05964718090626081,False,OK,100
"TerraForm US Energy Services, LLC",TX,2024,commercial,991.0,67000.0,0.067608476,False,False,False,False,False,0.06760847628657922,False,OK,100
Tesla Energy Ventures,TX,2024,commercial,126820.0,10871600.0,0.085724649,False,False,False,False,False,0.08572464910897334,False,OK,100
Tesla Inc.,TX,2024,commercial,20454.0,2007000.0,0.09812261700000001,False,False,False,False,False,0.09812261660310942,False,OK,100
"Texas A&M, Utilities & Energy Services",TX,2024,commercial,35481.0,3071000.0,0.08655336699999999,False,False,False,False,False,0.0865533665905696,False,OK,100
Texas General Land Office,TX,2024,commercial,179847.0,11989000.0,0.066662218,False,False,False,False,False,0.0666622184412306,False,OK,100
"Texas Retail Energy, LLC",TX,2024,commercial,1684185.0,138798500.0,0.082412858,False,False,False,False,False,0.0824128584448858,False,OK,100
Total Gas & Power North America Inc,TX,2024,commercial,156259.0,5943500.0,0.038036209,False,False,False,False,True,0.03803620911435501,False,LOW_PRICE,85
"Tri-County Electric Coop, Inc (OK)",TX,2024,commercial,73499.0,4314900.0,0.058706921,False,False,False,False,False,0.058706921182601124,False,OK,100
"Tri-County Electric Coop, Inc (TX)",TX,2024,commercial,1153776.0,128365500.0,0.11125686,False,False,False,False,False,0.11125686441735658,False,OK,100
"TriEagle Energy, L.P.",TX,2024,commercial,41118.0,4988300.0,0.1213167,False,False,False,False,False,0.12131669828299042,False,OK,100
Trinity Valley Elec Coop Inc,TX,2024,commercial,218539.0,23967400.0,0.10967104000000001,False,False,False,False,False,0.10967104269718449,False,OK,100
"US Retailers, LLC",TX,2024,commercial,2865821.0,327696400.0,0.11434643,False,False,False,False,False,0.11434642987123061,False,OK,100
United Electric Coop Service Inc - (TX),TX,2024,commercial,541512.0,67199000.0,0.12409513,False,False,False,False,False,0.12409512623912305,False,OK,100
Upshur Rural Elec Coop Corp,TX,2024,commercial,171085.0,20589000.0,0.12034369,False,False,False,False,False,0.12034368880965601,False,OK,100
Varsity Energy,TX,2024,commercial,1063.0,151300.0,0.14233302,False,False,False,False,False,0.1423330197554092,False,OK,100
"Victoria Electric Coop, Inc",TX,2024,commercial,51033.0,6213000.0,0.12174475,False,False,False,False,False,0.12174475339486215,False,OK,100
Weatherford Mun Utility System,TX,2024,commercial,192779.0,21502000.0,0.11153705,False,False,False,False,False,0.11153704501008928,False,OK,100
"Wharton County Elec Coop, Inc",TX,2024,commercial,60493.0,7168000.0,0.11849304999999999,False,False,False,False,False,0.11849304878250376,False,OK,100
Wise Electric Coop Inc,TX,2024,commercial,403269.0,45026000.0,0.11165252,False,False,False,False,False,0.11165251978208095,False,OK,100
"Wolverine Alternative Investments, LLC",TX,2024,commercial,33023.0,2780400.0,0.08419586300000001,False,False,False,False,False,0.08419586348908337,False,OK,100
"Wood County Electric Coop, Inc",TX,2024,commercial,294249.0,26341000.0,0.089519421,False,False,False,False,False,0.0895194206267481,False,OK,100
"XOOM Energy Texas, LLC",TX,2024,commercial,57310.0,10765800.0,0.18785203,False,False,False,False,False,0.18785203280404816,False,OK,100
City of Bountiful,UT,2024,commercial,88010.0,10495300.0,0.11925122,False,False,False,False,False,0.11925122145210772,False,OK,100
City of Logan - (UT),UT,2024,commercial,202490.0,23039700.0,0.11378192000000001,False,False,False,False,False,0.11378191515630401,False,OK,100
City of Murray - (UT),UT,2024,commercial,224319.0,17805000.0,0.079373571,False,False,False,False,False,0.07937357067390635,False,OK,100
City of Springville - (UT),UT,2024,commercial,113685.0,13221100.0,0.11629591,False,False,False,False,False,0.11629590535250912,False,OK,100
City of St George,UT,2024,commercial,381696.0,37972100.0,0.099482573,False,False,False,False,False,0.099482572518444,False,OK,100
"Dixie Escalante R E A, Inc",UT,2024,commercial,231816.0,16633300.0,0.07175216599999999,False,False,False,False,False,0.07175216551057735,False,OK,100
"Empire Electric Assn, Inc",UT,2024,commercial,9919.0,1315100.0,0.13258393,False,False,False,False,False,0.13258392983163625,False,OK,100
"Garkane Energy Coop, Inc",UT,2024,commercial,102279.0,11057700.0,0.1081131,False,False,False,False,False,0.10811310239638636,False,OK,100
Lehi City Corporation,UT,2024,commercial,232986.0,25790800.0,0.11069678,False,False,False,False,False,0.11069678006403819,False,OK,100
Moon Lake Electric Assn Inc,UT,2024,commercial,126929.0,11130300.0,0.087689181,False,False,False,False,False,0.087689180565513,False,OK,100
"Mt Wheeler Power, Inc",UT,2024,commercial,2443.0,252900.0,0.10352026,False,False,False,False,False,0.10352026197298404,False,OK,100
Navajo Tribal Utility Authority,UT,2024,commercial,13451.0,1916000.0,0.14244294,False,False,False,False,False,0.14244294104527544,False,OK,100
PacifiCorp,UT,2024,commercial,11252182.0,1038345800.0,0.092279506,False,False,False,False,False,0.09227950632152945,False,OK,100
Provo City Corp,UT,2024,commercial,384365.0,35845500.0,0.093259012,False,False,False,False,False,0.09325901161656239,False,OK,100
Raft Rural Elec Coop Inc,UT,2024,commercial,2714.0,193000.0,0.071112749,False,False,False,False,False,0.07111274871039057,False,OK,100
Spanish Fork City Corporation,UT,2024,commercial,117231.0,11025000.0,0.09404509,False,False,False,False,False,0.09404509046242035,False,OK,100
Strawberry Electric Serv Dist,UT,2024,commercial,10455.0,1674000.0,0.16011478,False,False,False,False,False,0.16011477761836443,False,OK,100
Tesla Inc.,UT,2024,commercial,2959.0,178000.0,0.060155458,False,False,False,False,False,0.060155457924974655,False,OK,100
WAPA-- Western Area Power Administration,UT,2024,commercial,34308.0,1154000.0,0.03363647,False,False,False,False,True,0.03363646962807509,False,LOW_PRICE,85
Wells Rural Electric Co,UT,2024,commercial,11084.0,1054700.0,0.095155179,False,False,False,False,False,0.09515517863587153,False,OK,100
A & N Electric Coop,VA,2024,commercial,172568.0,20100400.0,0.11647814000000001,False,False,False,False,False,0.11647814194984006,False,OK,100
Appalachian Power Co,VA,2024,commercial,3626187.0,493540000.0,0.13610440000000001,False,False,False,False,False,0.13610439836665897,False,OK,100
Bristol Virginia Utilities,VA,2024,commercial,178798.0,20643000.0,0.11545431,False,False,False,False,False,0.11545431156948065,False,OK,100
Central Virginia Electric Coop,VA,2024,commercial,112296.0,15784000.0,0.1405571,False,False,False,False,False,0.14055709909524827,False,OK,100
City of Danville - (VA),VA,2024,commercial,282358.0,30513300.0,0.108066,False,False,False,False,False,0.1080660013174764,False,OK,100
City of Harrisonburg - (VA),VA,2024,commercial,371332.0,37053000.0,0.099784021,False,False,False,False,False,0.09978402076847673,False,OK,100
City of Manassas - (VA),VA,2024,commercial,190715.0,19930000.0,0.10450148000000001,False,False,False,False,False,0.10450148126786042,False,OK,100
City of Salem - (VA),VA,2024,commercial,96855.0,14485900.0,0.14956275,False,False,False,False,False,0.14956274843838727,False,OK,100
Kentucky Utilities Co,VA,2024,commercial,230757.0,28782900.0,0.12473250999999999,False,False,False,False,False,0.12473251082307363,False,OK,100
Mecklenburg Electric Cooperative,VA,2024,commercial,1309871.0,69197100.0,0.052827415999999995,False,False,False,False,False,0.052827415829497716,False,OK,100
"Northern Neck Elec Coop, Inc",VA,2024,commercial,40629.0,6248000.0,0.15378178,False,False,False,False,False,0.1537817814861306,False,OK,100
Northern Virginia Elec Coop,VA,2024,commercial,9912583.0,616008000.0,0.062144044999999995,False,False,False,False,False,0.0621440445946329,False,OK,100
Powell Valley Electric Coop,VA,2024,commercial,33596.0,4236000.0,0.12608644,False,False,False,False,False,0.12608643886176926,False,OK,100
Prince George Electric Coop,VA,2024,commercial,73281.0,8579000.0,0.11706991,False,False,False,False,False,0.11706990898049972,False,OK,100
Rappahannock Electric Coop,VA,2024,commercial,453437.0,54652000.0,0.12052832000000001,False,False,False,False,False,0.12052832036203485,False,OK,100
Shenandoah Valley Elec Coop,VA,2024,commercial,525096.0,64563700.0,0.12295598999999999,False,False,False,False,False,0.12295599280893399,False,OK,100
"Southside Electric Coop, Inc",VA,2024,commercial,115000.0,13896900.0,0.12084261,False,False,False,False,False,0.12084260869565218,False,OK,100
Tesla Inc.,VA,2024,commercial,244.0,25000.0,0.10245902,False,False,False,False,False,0.10245901639344263,False,OK,100
Virginia Electric & Power Co,VA,2024,commercial,55935962.0,4956829900.0,0.08861615499999999,False,False,False,False,False,0.08861615538139847,False,OK,100
Virginia Tech Electric Service,VA,2024,commercial,266131.0,37413400.0,0.14058265,False,False,False,False,False,0.140582645388925,False,OK,100
"Ahana Renewables, LLC",VT,2024,commercial,723.0,164200.0,0.22710927000000003,False,False,False,True,False,0.22710926694329184,False,HIGH_PRICE,90
City of Burlington Electric - (VT),VT,2024,commercial,167696.0,29791200.0,0.17765003000000001,False,False,False,False,False,0.17765003339376015,False,OK,100
Green Mountain Power Corp,VT,2024,commercial,1471398.0,283180000.0,0.19245643,False,False,False,False,False,0.19245642579370095,False,OK,100
Greenbacker Renewable Energy Corporation,VT,2024,commercial,21159.0,3097000.0,0.14636798,False,False,False,False,False,0.14636797580225908,False,OK,100
"TerraForm US Energy Services, LLC",VT,2024,commercial,2352.0,632000.0,0.26870748,False,False,False,True,False,0.2687074829931973,False,HIGH_PRICE,90
"Vermont Electric Cooperative, Inc",VT,2024,commercial,133028.0,24544000.0,0.18450251,False,False,False,False,False,0.18450251074961663,False,OK,100
Avista Corp,WA,2024,commercial,2152148.0,274894000.0,0.12773006,False,False,False,False,False,0.12773006317409397,False,OK,100
Benton Rural Electric Assn,WA,2024,commercial,172650.0,12069900.0,0.069909644,False,False,False,False,False,0.06990964378801043,False,OK,100
"Big Bend Electric Coop, Inc",WA,2024,commercial,124100.0,10348300.0,0.083386785,False,False,False,False,False,0.08338678485092667,False,OK,100
Bonneville Power Administration,WA,2024,commercial,681918.0,30673000.0,0.044980482,False,False,False,False,True,0.04498048152417153,False,LOW_PRICE,85
City of Centralia - (WA),WA,2024,commercial,32928.0,3836500.0,0.11651178,False,False,False,False,False,0.11651178328474247,False,OK,100
City of Ellensburg - (WA),WA,2024,commercial,119740.0,9245000.0,0.077208953,False,False,False,False,False,0.07720895273091699,False,OK,100
City of Port Angeles - (WA),WA,2024,commercial,96981.0,7693000.0,0.079324816,False,False,False,False,False,0.07932481620111156,False,OK,100
City of Richland - (WA),WA,2024,commercial,410500.0,27712000.0,0.067507917,False,False,False,False,False,0.06750791717417783,False,OK,100
City of Seattle - (WA),WA,2024,commercial,4954390.0,583327900.0,0.1177396,False,False,False,False,False,0.11773960063701082,False,OK,100
City of Tacoma - (WA),WA,2024,commercial,319870.0,32954300.000000004,0.10302404,False,False,False,False,False,0.10302404101666303,False,OK,100
"Columbia Rural Elec Assn, Inc",WA,2024,commercial,81835.0,8472800.0,0.10353516000000001,False,False,False,False,False,0.10353516221665547,False,OK,100
Elmhurst Mutual Power & Light Co,WA,2024,commercial,47127.0,3919300.0,0.08316464,False,False,False,False,False,0.08316464022747046,False,OK,100
Inland Power & Light Company,WA,2024,commercial,209378.0,18210900.0,0.086976187,False,False,False,False,False,0.0869761866098635,False,OK,100
Kootenai Electric Cooperative,WA,2024,commercial,226.0,24500.0,0.10840707999999999,False,False,False,False,False,0.1084070796460177,False,OK,100
Lakeview Light & Power,WA,2024,commercial,82879.0,7806000.0,0.094185499,False,False,False,False,False,0.09418549934241485,False,OK,100
Modern Electric Water Company,WA,2024,commercial,122895.0,8563900.0,0.06968469,False,False,False,False,False,0.06968469018267627,False,OK,100
Orcas Power & Light Coop,WA,2024,commercial,56915.0,9490000.0,0.16673988,False,False,False,False,False,0.1667398752525696,False,OK,100
PUD No 1 of Benton County,WA,2024,commercial,564214.0,39104900.0,0.069308631,False,False,False,False,False,0.06930863112223376,False,OK,100
PUD No 1 of Chelan County,WA,2024,commercial,487575.0,19956200.0,0.040929498,False,False,False,False,True,0.04092949802594473,False,LOW_PRICE,85
PUD No 1 of Clallam County,WA,2024,commercial,174021.0,16940200.0,0.097345723,False,False,False,False,False,0.09734572264266957,False,OK,100
PUD No 1 of Clark County - (WA),WA,2024,commercial,1365364.0,116227000.0,0.085125285,False,False,False,False,False,0.08512528527191283,False,OK,100
PUD No 1 of Cowlitz County,WA,2024,commercial,378239.0,33320000.0,0.08809244899999999,False,False,False,False,False,0.08809244948299884,False,OK,100
PUD No 1 of Douglas County,WA,2024,commercial,1099016.0,43060000.0,0.039180503,False,False,False,False,True,0.03918050328657636,False,LOW_PRICE,85
PUD No 1 of Franklin County,WA,2024,commercial,435005.0,32470000.0,0.07464282,False,False,False,False,False,0.074642820197469,False,OK,100
PUD No 1 of Grays Harbor County,WA,2024,commercial,314970.0,33836000.0,0.10742610000000001,False,False,False,False,False,0.10742610407340382,False,OK,100
PUD No 1 of Jefferson County,WA,2024,commercial,66107.0,8499600.0,0.12857337,False,False,False,False,False,0.12857337347028303,False,OK,100
PUD No 1 of Klickitat County,WA,2024,commercial,112111.0,11226000.0,0.1001329,False,False,False,False,False,0.10013290399693162,False,OK,100
PUD No 1 of Lewis County,WA,2024,commercial,190531.0,16407400.000000002,0.08611407099999999,False,False,False,False,False,0.08611407067616295,False,OK,100
PUD No 1 of Okanogan County,WA,2024,commercial,315880.0,25333200.0,0.08019881,False,False,False,False,False,0.08019880967455996,False,OK,100
PUD No 1 of Pend Oreille County,WA,2024,commercial,448506.0,25804200.0,0.057533678000000005,False,False,False,False,False,0.05753367847921767,False,OK,100
PUD No 1 of Snohomish County,WA,2024,commercial,2431764.0,229745000.0,0.09447668399999999,False,False,False,False,False,0.09447668441509949,False,OK,100
PUD No 2 of Grant County,WA,2024,commercial,3621318.0,157723800.0,0.043554253,False,False,False,False,True,0.0435542528990826,False,LOW_PRICE,85
PUD No 2 of Pacific County,WA,2024,commercial,90423.0,7993000.0,0.08839565199999999,False,False,False,False,False,0.0883956515488316,False,OK,100
PUD No 3 of Mason County,WA,2024,commercial,177258.0,18198000.0,0.10266391000000001,False,False,False,False,False,0.10266391361743898,False,OK,100
PacifiCorp,WA,2024,commercial,1558707.0,157279400.0,0.10090376,False,False,False,False,False,0.10090376190008771,False,OK,100
Peninsula Light Company,WA,2024,commercial,77296.0,6072300.0,0.078559046,False,False,False,False,False,0.07855904574622231,False,OK,100
Puget Sound Energy Inc,WA,2024,commercial,8625073.0,1180702100.0,0.13689184,False,False,False,False,False,0.1368918384806714,False,OK,100
Vera Irrigation District #15,WA,2024,commercial,78080.0,6997000.0,0.089613217,False,False,False,False,False,0.08961321721311476,False,OK,100
Adams-Columbia Electric Coop,WI,2024,commercial,92563.0,11973000.0,0.12934974,False,False,False,False,False,0.12934974017696055,False,OK,100
Algoma Utility Comm,WI,2024,commercial,17010.0,1881400.0,0.11060553000000001,False,False,False,False,False,0.11060552616108171,False,OK,100
Barron Electric Coop,WI,2024,commercial,27675.0,3103000.0,0.11212285,False,False,False,False,False,0.11212285456187895,False,OK,100
Brodhead Water & Lighting Comm,WI,2024,commercial,13944.0,1651700.0,0.11845238,False,False,False,False,False,0.11845238095238095,False,OK,100
Cedarburg Light & Water Comm,WI,2024,commercial,48200.0,5275100.0,0.10944191,False,False,False,False,False,0.10944190871369294,False,OK,100
City of Black River Falls,WI,2024,commercial,33861.0,4075200.0,0.12035085000000001,False,False,False,False,False,0.1203508461061398,False,OK,100
City of Boscobel - (WI),WI,2024,commercial,26061.0,2336800.0,0.089666552,False,False,False,False,False,0.0896665515521277,False,OK,100
City of Columbus - (WI),WI,2024,commercial,24225.0,2693200.0,0.11117441,False,False,False,False,False,0.11117440660474716,False,OK,100
City of Cuba City,WI,2024,commercial,9950.0,1060200.0,0.10655276000000001,False,False,False,False,False,0.10655276381909548,False,OK,100
City of Eagle River - (WI),WI,2024,commercial,23076.0,2673000.0,0.11583463,False,False,False,False,False,0.11583463338533541,False,OK,100
City of Evansville,WI,2024,commercial,27375.0,3813000.0,0.13928767,False,False,False,False,False,0.13928767123287672,False,OK,100
City of Kaukauna,WI,2024,commercial,133536.0,13855400.0,0.10375779,False,False,False,False,False,0.10375778816199377,False,OK,100
City of Lodi - (WI),WI,2024,commercial,15471.0,1851200.0,0.11965613,False,False,False,False,False,0.11965613082541529,False,OK,100
City of Marshfield - (WI),WI,2024,commercial,87088.0,8519000.0,0.09782059500000001,False,False,False,False,False,0.09782059525996693,False,OK,100
City of Menasha - (WI),WI,2024,commercial,55759.0,5782100.0,0.10369806000000001,False,False,False,False,False,0.10369805771265625,False,OK,100
City of New Holstein - (WI),WI,2024,commercial,21486.0,2497100.0,0.11621986,False,False,False,False,False,0.11621986409755189,False,OK,100
City of New Richmond,WI,2024,commercial,65940.0,6522600.0,0.098917197,False,False,False,False,False,0.0989171974522293,False,OK,100
City of Plymouth - (WI),WI,2024,commercial,95261.0,9086300.0,0.09538321,False,False,False,False,False,0.09538321033791373,False,OK,100
City of Richland Center - (WI),WI,2024,commercial,39754.0,3665400.0,0.09220204300000001,False,False,False,False,False,0.0922020425617548,False,OK,100
City of River Falls,WI,2024,commercial,64077.0,7278100.0,0.11358366,False,False,False,False,False,0.1135836571624764,False,OK,100
City of Stoughton - (WI),WI,2024,commercial,57526.0,6068200.0,0.10548621000000001,False,False,False,False,False,0.10548621492890171,False,OK,100
City of Sturgeon Bay - (WI),WI,2024,commercial,79748.0,8424200.0,0.10563525,False,False,False,False,False,0.10563525104077845,False,OK,100
City of Westby,WI,2024,commercial,16145.0,1693400.0,0.10488695999999999,False,False,False,False,False,0.10488696190771137,False,OK,100
Consolidated Water Power Co,WI,2024,commercial,1433.0,144400.0,0.10076762,False,False,False,False,False,0.10076762037683182,False,OK,100
Dahlberg Light & Power Co,WI,2024,commercial,18931.0,2311000.0,0.1220749,False,False,False,False,False,0.12207490359727431,False,OK,100
Dunn County Electric Coop,WI,2024,commercial,50910.0,5849000.0,0.11488902,False,False,False,False,False,0.11488901983893145,False,OK,100
East Central Energy,WI,2024,commercial,6613.0,959100.0,0.14503251,False,False,False,False,False,0.1450325117193407,False,OK,100
Florence Utility Comm,WI,2024,commercial,7916.0,1182300.0,0.14935574000000001,False,False,False,False,False,0.149355735219808,False,OK,100
Hartford Electric,WI,2024,commercial,79832.0,7554000.0,0.09462370999999999,False,False,False,False,False,0.09462370979056017,False,OK,100
Hustisford Utilities,WI,2024,commercial,7160.0,939000.0,0.13114525,False,False,False,False,False,0.13114525139664804,False,OK,100
Jefferson Utilities,WI,2024,commercial,49595.0,5229700.0,0.10544813,False,False,False,False,False,0.10544812985179958,False,OK,100
Juneau Utility Comm,WI,2024,commercial,20928.0,2079600.0,0.099369266,False,False,False,False,False,0.09936926605504587,False,OK,100
Lake Mills Light & Water,WI,2024,commercial,32955.0,3963500.0,0.12027006999999999,False,False,False,False,False,0.12027006524047944,False,OK,100
Madison Gas & Electric Co,WI,2024,commercial,2151231.0,296563000.0,0.13785735000000002,False,False,False,False,False,0.13785734772323383,False,OK,100
Manitowoc Public Utilities,WI,2024,commercial,88598.0,8491700.0,0.09584527899999999,False,False,False,False,False,0.09584527867446217,False,OK,100
New London Electric&Water Util,WI,2024,commercial,35104.0,3772100.0,0.10745499,False,False,False,False,False,0.10745499088422972,False,OK,100
North Central Power Co Inc,WI,2024,commercial,7545.0,1078400.0,0.14292909,False,False,False,False,False,0.14292909211398278,False,OK,100
Northern States Power Co,WI,2024,commercial,2673561.0,310838400.0,0.11626381000000001,False,False,False,False,False,0.11626381444074027,False,OK,100
Northwestern Wisconsin Elec Co,WI,2024,commercial,51133.0,6037300.0,0.11807052000000001,False,False,False,False,False,0.11807052197211194,False,OK,100
Oakdale Electric Coop,WI,2024,commercial,51759.0,6659000.0,0.12865395,False,False,False,False,False,0.1286539539017369,False,OK,100
Oconomowoc Utilities,WI,2024,commercial,113253.0,12484800.0,0.11023814,False,False,False,False,False,0.11023813938703611,False,OK,100
Oconto Falls Water & Light Comm,WI,2024,commercial,15743.0,1834600.0,0.11653432999999999,False,False,False,False,False,0.11653433271930382,False,OK,100
Pioneer Power and Light Co,WI,2024,commercial,4508.0,768000.0,0.1703638,False,False,False,False,False,0.17036379769299023,False,OK,100
Polk-Burnett Electric Coop,WI,2024,commercial,53106.0,6301000.0,0.11864949,False,False,False,False,False,0.1186494934658984,False,OK,100
Reedsburg Utility Comm,WI,2024,commercial,67758.0,6953200.0,0.10261814,False,False,False,False,False,0.10261814103131733,False,OK,100
Riverland Energy Cooperative,WI,2024,commercial,36632.0,4803300.0,0.13112306,False,False,False,False,False,0.1311230618038873,False,OK,100
Rock Energy Cooperative,WI,2024,commercial,55445.0,5849000.0,0.10549193000000001,False,False,False,False,False,0.10549192893858779,False,OK,100
Scenic Rivers Energy Coop,WI,2024,commercial,1258.0,223300.0,0.17750396999999998,False,False,False,False,False,0.1775039745627981,False,OK,100
Shawano Municipal Utilities,WI,2024,commercial,11443.0,1677500.0,0.14659617,False,False,False,False,False,0.1465961723324303,False,OK,100
Slinger Utilities,WI,2024,commercial,21120.0,2472400.0,0.11706438999999999,False,False,False,False,False,0.11706439393939394,False,OK,100
Sun Prairie Utilities,WI,2024,commercial,141336.0,14416600.0,0.10200232,False,False,False,False,False,0.10200232071092999,False,OK,100
Superior Water and Light Co,WI,2024,commercial,119525.0,14069100.0,0.11770842999999999,False,False,False,False,False,0.11770842919891236,False,OK,100
Two Rivers Water & Light,WI,2024,commercial,41643.0,4389800.0,0.10541508000000001,False,False,False,False,False,0.1054150757630334,False,OK,100
Village of Mt. Horeb - (WI),WI,2024,commercial,27826.0,3327500.0,0.1195824,False,False,False,False,False,0.11958240494501546,False,OK,100
Village of Muscoda - (WI),WI,2024,commercial,8813.0,1026900.0000000001,0.11652105,False,False,False,False,False,0.11652104845115172,False,OK,100
Village of New Glarus - (WI),WI,2024,commercial,15340.0,1642000.0,0.10704042,False,False,False,False,False,0.10704041720990874,False,OK,100
Village of Prairie Du Sac - (WI),WI,2024,commercial,23120.0,2414900.0,0.10445069,False,False,False,False,False,0.10445069204152249,False,OK,100
Village of Waunakee - (WI),WI,2024,commercial,55542.0,5981900.0,0.10770047999999999,False,False,False,False,False,0.10770047891685572,False,OK,100
Waterloo Light & Water Comm,WI,2024,commercial,19824.0,2567400.0,0.12950969,False,False,False,False,False,0.1295096852300242,False,OK,100
Waupun Utilities,WI,2024,commercial,39280.0,4105300.0,0.10451375,False,False,False,False,False,0.10451374745417515,False,OK,100
Westfield Electric Company,WI,2024,commercial,4538.0,770000.0,0.16967827,False,False,False,False,False,0.16967827236668137,False,OK,100
Whitehall Electric Utility,WI,2024,commercial,20094.0,1943200.0,0.096705484,False,False,False,False,False,0.09670548422414652,False,OK,100
Wisconsin Electric Power Co,WI,2024,commercial,8752660.0,1209999400.0,0.13824362,False,False,False,False,False,0.13824361965391094,False,OK,100
Wisconsin Power & Light Co,WI,2024,commercial,2354882.0,302132000.0,0.12830027,False,False,False,False,False,0.12830027152103587,False,OK,100
Wisconsin Public Service Corp,WI,2024,commercial,4051564.0,453690900.0,0.1119792,False,False,False,False,False,0.11197920111838293,False,OK,100
Wisconsin Rapids W W & L Comm,WI,2024,commercial,111031.0,13716000.0,0.12353307,False,False,False,False,False,0.12353306734155325,False,OK,100
Appalachian Power Co,WV,2024,commercial,3102967.0,383165000.0,0.12348343,False,False,False,False,False,0.12348342731327791,False,OK,100
Black Diamond Power Co,WV,2024,commercial,13864.0,1949400.0,0.14060877,False,False,False,False,False,0.14060877091748414,False,OK,100
Monongahela Power Co,WV,2024,commercial,3269443.0,357066000.0,0.10921310000000001,False,False,False,False,False,0.10921309837791941,False,OK,100
The Potomac Edison Company,WV,2024,commercial,835967.0,93349400.0,0.11166637,False,False,False,False,False,0.11166636960549878,False,OK,100
Wheeling Power Co,WV,2024,commercial,377859.0,46831000.0,0.12393777,False,False,False,False,False,0.12393776514519966,False,OK,100
"Black Hills Power, Inc.",WY,2024,commercial,42058.0,5222000.0,0.12416187000000001,False,False,False,False,False,0.12416187170098436,False,OK,100
Cheyenne Light Fuel & Power,WY,2024,commercial,1742799.0,155800000.0,0.089396425,False,False,False,False,False,0.08939642494630763,False,OK,100
City of Gillette - (WY),WY,2024,commercial,189837.0,18707000.0,0.098542434,False,False,False,False,False,0.09854243377213083,False,OK,100
Fall River Rural Elec Coop Inc,WY,2024,commercial,7134.0,592000.0,0.082982899,False,False,False,False,False,0.08298289879450518,False,OK,100
High Plains Power Inc,WY,2024,commercial,41551.0,4521000.0,0.10880604999999999,False,False,False,False,False,0.10880604558253712,False,OK,100
"High West Energy, Inc",WY,2024,commercial,327640.0,16004700.0,0.048848431000000005,False,False,False,False,True,0.04884843120498108,False,LOW_PRICE,85
Lower Valley Energy Inc,WY,2024,commercial,272075.0,17218000.0,0.063284021,False,False,False,False,False,0.06328402095010567,False,OK,100
Montana-Dakota Utilities Co,WY,2024,commercial,142155.0,12888000.0,0.09066160200000001,False,False,False,False,False,0.09066160177271289,False,OK,100
NorthWestern Energy LLC - (MT),WY,2024,commercial,28331.0,5533000.0,0.19529844000000002,False,False,False,False,False,0.19529843634181637,False,OK,100
PacifiCorp,WY,2024,commercial,1422012.0,149710300.0,0.10528062,False,False,False,False,False,0.10528061647862325,False,OK,100
Powder River Energy Corp,WY,2024,commercial,716160.0,64110900.0,0.08952035900000001,False,False,False,False,False,0.08952035857908847,False,OK,100
WAPA-- Western Area Power Administration,WY,2024,commercial,32721.0,1220700.0,0.037306317,False,False,False,False,True,0.03730631704410012,False,LOW_PRICE,85
Yampa Valley Electric Assn Inc,WY,2024,commercial,4138.0,578900.0,0.1398985,False,False,False,False,False,0.13989850169163848,False,OK,100
Adjustment 2024,AK,2024,commercial,341424.0,103069400.0,,True,False,False,False,False,0.3018809456863021,False,MISSING_PRICE,60
Adjustment 2024,AL,2024,commercial,311301.0,40386900.0,,True,False,False,False,False,0.12973585051124153,False,MISSING_PRICE,60
Adjustment 2024,AR,2024,commercial,144274.0,15890500.0,,True,False,False,False,False,0.11014112036818831,False,MISSING_PRICE,60
Adjustment 2024,AZ,2024,commercial,430781.0,51312000.0,,True,False,False,False,False,0.11911388849554647,False,MISSING_PRICE,60
Adjustment 2024,CA,2024,commercial,755502.0,149818100.0,,True,False,False,False,False,0.19830271792794724,False,MISSING_PRICE,60
Adjustment 2024,CO,2024,commercial,535932.0,67670400.0,,True,False,False,False,False,0.12626676518662816,False,MISSING_PRICE,60
Adjustment 2024,CT,2024,commercial,198652.0,29691700.0,,True,False,False,False,False,0.14946590016712644,False,MISSING_PRICE,60
Adjustment 2024,DE,2024,commercial,95044.0,14101800.0,,True,False,False,False,False,0.14837128067000546,False,MISSING_PRICE,60
Adjustment 2024,FL,2024,commercial,526384.0,56622400.0,,True,False,False,False,False,0.10756861910696373,False,MISSING_PRICE,60
Adjustment 2024,GA,2024,commercial,1230237.0,139573400.0,,True,False,False,False,False,0.11345244859323854,False,MISSING_PRICE,60
Adjustment 2024,IA,2024,commercial,1626214.0,160675200.0,,True,False,False,False,False,0.09880323253889095,False,MISSING_PRICE,60
Adjustment 2024,ID,2024,commercial,287446.0,20697800.0,,True,False,False,False,False,0.07200587240733912,False,MISSING_PRICE,60
Adjustment 2024,IL,2024,commercial,778332.0,106435800.0,,True,False,False,False,False,0.13674858543654891,False,MISSING_PRICE,60
Adjustment 2024,IN,2024,commercial,852476.0,108133400.0,,True,False,False,False,False,0.12684626898587173,False,MISSING_PRICE,60
Adjustment 2024,KS,2024,commercial,1513351.0,187630800.0,,True,False,False,False,False,0.12398366274578733,False,MISSING_PRICE,60
Adjustment 2024,KY,2024,commercial,178961.0,19786000.0,,True,False,False,False,False,0.11056040142824414,False,MISSING_PRICE,60
Adjustment 2024,LA,2024,commercial,354533.0,39919400.0,,True,False,False,False,False,0.11259713482242838,False,MISSING_PRICE,60
Adjustment 2024,MA,2024,commercial,374823.0,71146700.0,,True,False,False,False,False,0.18981412560061683,False,MISSING_PRICE,60
Adjustment 2024,MD,2024,commercial,22179.0,2182600.0,,True,False,False,False,False,0.09840840434645386,False,MISSING_PRICE,60
Adjustment 2024,ME,2024,commercial,48701.0,6437000.0,,True,False,False,False,False,0.1321738773331143,False,MISSING_PRICE,60
Adjustment 2024,MI,2024,commercial,645330.0,75734000.0,,True,False,False,False,False,0.11735701114158648,False,MISSING_PRICE,60
Adjustment 2024,MN,2024,commercial,2054626.0,233228100.0,,True,False,False,False,False,0.11351365163294926,False,MISSING_PRICE,60
Adjustment 2024,MO,2024,commercial,1408924.0,156184600.0,,True,False,False,False,False,0.11085381468411355,False,MISSING_PRICE,60
Adjustment 2024,MS,2024,commercial,261521.0,34519200.0,,True,False,False,False,False,0.13199398901044276,False,MISSING_PRICE,60
Adjustment 2024,MT,2024,commercial,439457.0,47922700.0,,True,False,False,False,False,0.10904980464527815,False,MISSING_PRICE,60
Adjustment 2024,NC,2024,commercial,1336610.0,151295100.0,,True,False,False,False,False,0.11319315282692782,False,MISSING_PRICE,60
Adjustment 2024,ND,2024,commercial,304305.0,28954900.0,,True,False,False,False,False,0.09515091766484284,False,MISSING_PRICE,60
Adjustment 2024,NE,2024,commercial,1294992.0,138224000.0,,True,False,False,False,False,0.10673733891792382,False,MISSING_PRICE,60
Adjustment 2024,NH,2024,commercial,47171.0,8417200.0,,True,False,False,False,False,0.17844014330838862,False,MISSING_PRICE,60
Adjustment 2024,NJ,2024,commercial,215796.0,32781400.0,,True,False,False,False,False,0.1519092105507053,False,MISSING_PRICE,60
Adjustment 2024,NM,2024,commercial,441192.0,49268900.0,,True,False,False,False,False,0.11167224247039838,False,MISSING_PRICE,60
Adjustment 2024,NV,2024,commercial,104828.0,12941900.0,,True,False,False,False,False,0.12345842713778761,False,MISSING_PRICE,60
Adjustment 2024,NY,2024,commercial,522591.0,41008300.0,,True,False,False,False,False,0.07847111794883571,False,MISSING_PRICE,60
Adjustment 2024,OH,2024,commercial,922249.0,123092300.0,,True,False,False,False,False,0.13346970286766371,False,MISSING_PRICE,60
Adjustment 2024,OK,2024,commercial,928975.0,99087200.0,,True,False,False,False,False,0.10666293495519255,False,MISSING_PRICE,60
Adjustment 2024,OR,2024,commercial,440412.0,40878900.0,,True,False,False,False,False,0.09281967793793085,False,MISSING_PRICE,60
Adjustment 2024,PA,2024,commercial,342136.0,54942400.0,,True,False,False,False,False,0.16058643346505483,False,MISSING_PRICE,60
Adjustment 2024,SC,2024,commercial,610391.0,83198500.0,,True,False,False,False,False,0.1363036152236845,False,MISSING_PRICE,60
Adjustment 2024,SD,2024,commercial,996689.0,101948200.0,,True,False,False,False,False,0.10228687183263786,False,MISSING_PRICE,60
Adjustment 2024,TX,2024,commercial,1622749.0,184982600.0,,True,False,False,False,False,0.11399335325426176,False,MISSING_PRICE,60
Adjustment 2024,UT,2024,commercial,580925.0,66226200.0,,True,False,False,False,False,0.11400129104445496,False,MISSING_PRICE,60
Adjustment 2024,VA,2024,commercial,435654.0,52915200.0,,True,False,False,False,False,0.12146152680797147,False,MISSING_PRICE,60
Adjustment 2024,VT,2024,commercial,150375.0,26167600.0,,True,False,False,False,False,0.17401562759767247,False,MISSING_PRICE,60
Adjustment 2024,WA,2024,commercial,512859.0,45430700.0,,True,False,False,False,False,0.08858321682957694,False,MISSING_PRICE,60
Adjustment 2024,WI,2024,commercial,714428.0,84072200.0,,True,False,False,False,False,0.11767763861438801,False,MISSING_PRICE,60
Adjustment 2024,WV,2024,commercial,64985.0,8335900.0,,True,False,False,False,False,0.12827421712702933,False,MISSING_PRICE,60
Adjustment 2024,WY,2024,commercial,306041.0,36941900.0,,True,False,False,False,False,0.12070898997193187,False,MISSING_PRICE,60
Short form utilities are aggregated in the state level adjustments,NAN,2024,commercial,,,,True,True,True,False,False,,False,MISSING_PRICE; MISSING_SALES; MISSING_REVENUE,10
Alaska Electric Light & Power Co.,AK,2024,industrial,130040.0,14392100.0,0.11067441,False,False,False,False,False,0.11067440787450016,False,OK,100
Chugach Electric Assn Inc,AK,2024,industrial,52775.0,7514700.0,0.14239127999999998,False,False,False,False,False,0.1423912837517764,False,OK,100
Golden Valley Elec Assn Inc,AK,2024,industrial,819779.0,179535300.0,0.21900451,False,False,False,True,False,0.21900451219170045,False,HIGH_PRICE,90
Homer Electric Assn Inc,AK,2024,industrial,150301.0,18653400.0,0.12410696,False,False,False,False,False,0.12410695870286957,False,OK,100
Ketchikan Public Utilities,AK,2024,industrial,22752.0,2361100.0,0.10377549,False,False,False,False,False,0.10377549226441632,False,OK,100
Kodiak Electric Assn Inc,AK,2024,industrial,84636.0,14128000.0,0.1669266,False,False,False,False,False,0.1669266033366416,False,OK,100
Alabama Power Co,AL,2024,industrial,20504435.0,1631001000.0,0.07954381599999999,False,False,False,False,False,0.07954381576473578,False,OK,100
Albertville Municipal Utilities Board,AL,2024,industrial,333519.0,21329000.0,0.063951379,False,False,False,False,False,0.0639513790818514,False,OK,100
Arab Electric Coop Inc,AL,2024,industrial,4003.0,370000.0,0.09243067699999999,False,False,False,False,False,0.09243067699225581,False,OK,100
Black Warrior Elec Member Corp,AL,2024,industrial,3695.0,364900.0,0.098755074,False,False,False,False,False,0.09875507442489852,False,OK,100
Central Alabama Electric Coop,AL,2024,industrial,8952.0,1088000.0,0.12153708999999999,False,False,False,False,False,0.12153708668453976,False,OK,100
Cherokee Electric Coop - (AL),AL,2024,industrial,29752.0,3137000.0,0.10543829,False,False,False,False,False,0.10543828986286637,False,OK,100
City of Andalusia,AL,2024,industrial,218731.0,13226000.0,0.060466966,False,False,False,False,False,0.06046696627364205,False,OK,100
City of Athens - (AL),AL,2024,industrial,463426.0,32055000.0,0.069169619,False,False,False,False,False,0.06916961931354736,False,OK,100
City of Bessemer Utilities,AL,2024,industrial,9433.0,712000.0,0.075479699,False,False,False,False,False,0.07547969892929078,False,OK,100
City of Dothan - (AL),AL,2024,industrial,166069.0,12518000.0,0.07537830699999999,False,False,False,False,False,0.07537830660749448,False,OK,100
City of Florence - (AL),AL,2024,industrial,117919.0,7239000.0,0.061389598000000004,False,False,False,False,False,0.06138959794435163,False,OK,100
City of Hartselle,AL,2024,industrial,28737.0,1765000.0,0.061419075999999996,False,False,False,False,False,0.06141907645196089,False,OK,100
City of Huntsville - (AL),AL,2024,industrial,466766.0,33338000.0,0.071423368,False,False,False,False,False,0.07142336845442898,False,OK,100
City of Muscle Shoals,AL,2024,industrial,102752.0,7767000.0,0.07558977,False,False,False,False,False,0.07558976954219869,False,OK,100
City of Opelika - (AL),AL,2024,industrial,22776.0,2352000.0,0.1032666,False,False,False,False,False,0.10326659641728135,False,OK,100
City of Russellville - (AL),AL,2024,industrial,26048.0,1773000.0,0.06806664600000001,False,False,False,False,False,0.0680666461916462,False,OK,100
City of Scottsboro - (AL),AL,2024,industrial,96370.0,6671000.0,0.069222787,False,False,False,False,False,0.06922278717443188,False,OK,100
City of Tarrant,AL,2024,industrial,6490.0,480000.0,0.073959938,False,False,False,False,False,0.07395993836671803,False,OK,100
City of Troy - (AL),AL,2024,industrial,317249.0,20022000.0,0.06311130999999999,False,False,False,False,False,0.06311131004353047,False,OK,100
City of Tuscumbia,AL,2024,industrial,11731.0,1465000.0,0.12488279000000001,False,False,False,False,False,0.12488278919103231,False,OK,100
Clarke-Washington E M C,AL,2024,industrial,21231.0,2631000.0,0.12392257000000001,False,False,False,False,False,0.12392256605906457,False,OK,100
Coosa Valley Electric Coop Inc,AL,2024,industrial,66364.0,8551000.0,0.12884998,False,False,False,False,False,0.12884997890422517,False,OK,100
"Covington Electric Coop, Inc",AL,2024,industrial,23724.0,2229800.0,0.093989209,False,False,False,False,False,0.0939892092395886,False,OK,100
"Cullman Electric Coop, Inc",AL,2024,industrial,274103.0,21828000.0,0.079634298,False,False,False,False,False,0.07963429805584032,False,OK,100
Cullman Power Board,AL,2024,industrial,19807.0,1908000.0,0.09632958,False,False,False,False,False,0.09632958045135558,False,OK,100
Decatur Utilities,AL,2024,industrial,532532.0,31357000.0,0.058882846,False,False,False,False,False,0.05888284647683144,False,OK,100
Dixie Electric Coop - (AL),AL,2024,industrial,100948.0,10980000.0,0.10876887,False,False,False,False,False,0.10876887110195348,False,OK,100
Foley Board of Utilities,AL,2024,industrial,45973.0,4446000.0,0.096708938,False,False,False,False,False,0.09670893785482783,False,OK,100
Fort Payne Improvement Authority,AL,2024,industrial,79431.0,6347000.0,0.07990583,False,False,False,False,False,0.07990583021742141,False,OK,100
Franklin Electric Coop - (AL),AL,2024,industrial,45050.0,3471000.0,0.077047725,False,False,False,False,False,0.07704772475027746,False,OK,100
Guntersville Electric Board,AL,2024,industrial,84609.0,6985000.0,0.08255622900000001,False,False,False,False,False,0.08255622924275195,False,OK,100
Joe Wheeler Elec Member Corp,AL,2024,industrial,872520.0,52702000.0,0.060402054,False,False,False,False,False,0.060402053821115846,False,OK,100
Marshall-De Kalb Electric Coop,AL,2024,industrial,30154.0,2721000.0,0.09023678500000001,False,False,False,False,False,0.0902367845062015,False,OK,100
North Alabama Electric Coop,AL,2024,industrial,145448.0,7232000.0,0.049722238,False,False,False,False,True,0.04972223750068753,False,LOW_PRICE,85
Pea River Electric Coop,AL,2024,industrial,20008.0,1775000.0,0.088714514,False,False,False,False,False,0.08871451419432227,False,OK,100
Sand Mountain Electric Coop,AL,2024,industrial,67617.0,5673000.0,0.083899019,False,False,False,False,False,0.08389901947735037,False,OK,100
Sheffield Utilities,AL,2024,industrial,319756.0,17700000.0,0.055354707999999996,False,False,False,False,False,0.055354707964823176,False,OK,100
"South Alabama Elec Coop, Inc",AL,2024,industrial,153956.0,17011000.0,0.11049260999999999,False,False,False,False,False,0.11049260827768972,False,OK,100
"Southern Pine Elec Coop, Inc",AL,2024,industrial,40406.0,4223000.0,0.10451418,False,False,False,False,False,0.10451418106221848,False,OK,100
Tallapoosa River Elec Coop Inc,AL,2024,industrial,141563.0,15139500.0,0.10694532000000001,False,False,False,False,False,0.1069453176324322,False,OK,100
Tennessee Valley Authority,AL,2024,industrial,5355914.0,247093500.0,0.046134703000000006,False,False,False,False,True,0.046134702685666724,False,LOW_PRICE,85
Arkansas Valley Elec Coop Corp,AR,2024,industrial,280289.0,16641900.000000002,0.059374075,False,False,False,False,False,0.05937407461584294,False,OK,100
C & L Electric Coop Corp,AR,2024,industrial,15968.0,1569000.0,0.098259018,False,False,False,False,False,0.09825901803607215,False,OK,100
Carroll Electric Coop Corp - (AR),AR,2024,industrial,364278.0,27686000.0,0.076002394,False,False,False,False,False,0.07600239377618193,False,OK,100
City Water and Light Plant,AR,2024,industrial,577644.0,29367000.0,0.050839271000000005,False,False,False,False,False,0.050839271246650185,False,OK,100
City of Benton - (AR),AR,2024,industrial,39037.0,2993000.0,0.076670851,False,False,False,False,False,0.07667085073135743,False,OK,100
City of Hope - (AR),AR,2024,industrial,44823.0,4256000.0,0.094951253,False,False,False,False,False,0.09495125270508445,False,OK,100
City of North Little Rock - (AR),AR,2024,industrial,322557.0,31745000.0,0.09841671399999999,False,False,False,False,False,0.09841671394513218,False,OK,100
City of Siloam Springs - (AR),AR,2024,industrial,196645.0,15995000.0,0.08133947,False,False,False,False,False,0.08133946960258334,False,OK,100
City of West Memphis - (AR),AR,2024,industrial,125626.0,15705000.0,0.12501393,False,False,False,False,False,0.12501393023737126,False,OK,100
Clarksville Connected Utilities,AR,2024,industrial,116217.0,7982800.0,0.068688746,False,False,False,False,False,0.0686887460526429,False,OK,100
Clay County Electric Coop Corp - (AR),AR,2024,industrial,92833.0,7938000.0,0.085508386,False,False,False,False,False,0.08550838602652074,False,OK,100
Conway Corporation,AR,2024,industrial,277336.0,18092000.0,0.06523495,False,False,False,False,False,0.06523494966394554,False,OK,100
Craighead Electric Coop Corp,AR,2024,industrial,71433.0,9790000.0,0.1370515,False,False,False,False,False,0.137051502806826,False,OK,100
Empire District Electric Co,AR,2024,industrial,83712.0,6106500.0,0.072946531,False,False,False,False,False,0.07294653096330275,False,OK,100
Entergy Arkansas LLC,AR,2024,industrial,9932422.0,632141600.0,0.063644255,False,False,False,False,False,0.06364425514743534,False,OK,100
First Electric Coop Corp,AR,2024,industrial,505212.0,38310000.0,0.075829553,False,False,False,False,False,0.07582955274221514,False,OK,100
Mississippi County Electric Co,AR,2024,industrial,3129990.0,159029000.0,0.05080815,False,False,False,False,False,0.05080814954680366,False,OK,100
"North Arkansas Elec Coop, Inc",AR,2024,industrial,97849.0,7856800.0,0.08029514900000001,False,False,False,False,False,0.0802951486474057,False,OK,100
Oklahoma Gas & Electric Co,AR,2024,industrial,1055315.0,73086000.0,0.069255151,False,False,False,False,False,0.06925515130553436,False,OK,100
Ouachita Electric Coop Corp,AR,2024,industrial,118382.0,10796000.0,0.09119629700000001,False,False,False,False,False,0.09119629673430082,False,OK,100
Ozarks Electric Coop Corp - (AR),AR,2024,industrial,125576.0,11988000.0,0.095464101,False,False,False,False,False,0.09546410142065363,False,OK,100
Paragould Municipal Utilities,AR,2024,industrial,290890.0,20974000.0,0.072102857,False,False,False,False,False,0.07210285674997421,False,OK,100
Petit Jean Electric Coop Corp,AR,2024,industrial,15440.0,2184000.0,0.14145078,False,False,False,False,False,0.14145077720207253,False,OK,100
"South Central Ark El Coop, Inc",AR,2024,industrial,109945.0,8571000.0,0.07795716,False,False,False,False,False,0.077957160398381,False,OK,100
Southwest Arkansas E C C,AR,2024,industrial,186236.0,13985000.0,0.075092893,False,False,False,False,False,0.07509289288859297,False,OK,100
Southwestern Electric Power Co,AR,2024,industrial,1075933.0,72490300.0,0.06737436299999999,False,False,False,False,False,0.06737436253000884,False,OK,100
Woodruff Electric Coop Corp,AR,2024,industrial,104725.0,22703800.0,0.21679446,False,False,False,True,False,0.21679446168536642,False,HIGH_PRICE,90
Ak-Chin Electric Utility Authority,AZ,2024,industrial,1127.0,155400.0,0.1378882,False,False,False,False,False,0.13788819875776398,False,OK,100
Arizona Public Service Co,AZ,2024,industrial,2051331.0,209390600.0,0.10207548,False,False,False,False,False,0.10207548172381736,False,OK,100
Electrical Dist No2 Pinal County,AZ,2024,industrial,61078.0,6210000.0,0.10167327,False,False,False,False,False,0.10167327024460526,False,OK,100
Electrical Dist No3 Pinal County,AZ,2024,industrial,222524.0,11621200.0,0.052224479,False,False,False,False,False,0.05222447915730438,False,OK,100
Electrical Dist No8 Maricopa,AZ,2024,industrial,391510.0,23288000.0,0.059482516,False,False,False,False,False,0.05948251641081965,False,OK,100
"Mohave Electric Cooperative, Inc.",AZ,2024,industrial,91312.0,8203299.999999999,0.08983813700000001,False,False,False,False,False,0.08983813737515331,False,OK,100
Morenci Water and Electric,AZ,2024,industrial,2702496.0,123443600.0,0.045677625,False,False,False,False,True,0.045677625424792485,False,LOW_PRICE,85
Navajo Tribal Utility Authority,AZ,2024,industrial,79935.0,6362000.0,0.079589667,False,False,False,False,False,0.07958966660411584,False,OK,100
"Navopache Electric Coop, Inc",AZ,2024,industrial,104004.0,10577000.0,0.10169800999999999,False,False,False,False,False,0.10169801161493788,False,OK,100
Salt River Project,AZ,2024,industrial,4491678.0,346996000.0,0.077253089,False,False,False,False,False,0.07725308893469211,False,OK,100
Sulphur Springs Valley E C Inc,AZ,2024,industrial,47879.0,5737000.0,0.11982289,False,False,False,False,False,0.11982288686062784,False,OK,100
Trico Electric Cooperative Inc,AZ,2024,industrial,45234.0,3933700.0,0.086963346,False,False,False,False,False,0.08696334615554671,False,OK,100
Tucson Electric Power Co,AZ,2024,industrial,3029758.0,302414000.0,0.099814573,False,False,False,False,False,0.09981457264903666,False,OK,100
"UNS Electric, Inc",AZ,2024,industrial,114290.0,13686400.0,0.11975151,False,False,False,False,False,0.11975150931840056,False,OK,100
USBIA-San Carlos Project,AZ,2024,industrial,6386.0,1002000.0,0.15690573,False,False,False,False,False,0.15690573128719074,False,OK,100
WAPA-- Western Area Power Administration,AZ,2024,industrial,216819.0,4193500.0,0.019341017000000002,False,False,False,False,True,0.019341017161780102,False,LOW_PRICE,85
Bear Valley Electric Service,CA,2024,industrial,17623.0,3689000.0,0.20932872,False,False,False,True,False,0.20932871815241447,False,HIGH_PRICE,90
City & County of San Francisco,CA,2024,industrial,69575.0,16466800.0,0.23667697000000001,False,False,False,True,False,0.23667696730147322,False,HIGH_PRICE,90
City of Anaheim - (CA),CA,2024,industrial,819612.0,127256000.0,0.15526371,False,False,False,False,False,0.1552637101457763,False,OK,100
City of Azusa,CA,2024,industrial,61391.0,10455000.0,0.17030183999999998,False,False,False,False,False,0.17030183577397337,False,OK,100
City of Colton - (CA),CA,2024,industrial,153120.0,27500600.0,0.17960162000000002,False,False,False,False,False,0.1796016196447231,False,OK,100
City of Corona - (CA),CA,2024,industrial,27932.0,3232900.0,0.1157418,False,False,False,False,False,0.11574180151797221,False,OK,100
City of Glendale - (CA),CA,2024,industrial,22759.0,5104200.0,0.22427171999999998,False,False,False,True,False,0.22427171668350981,False,HIGH_PRICE,90
City of Lodi - (CA),CA,2024,industrial,117724.0,18178900.0,0.15441966000000001,False,False,False,False,False,0.1544196595426591,False,OK,100
City of Moreno Valley - (CA),CA,2024,industrial,15208.0,3621000.0,0.23809837,False,False,False,True,False,0.23809836927932668,False,HIGH_PRICE,90
City of Palo Alto - (CA),CA,2024,industrial,115063.0,21843000.0,0.18983513,False,False,False,False,False,0.18983513379626812,False,OK,100
City of Redding - (CA),CA,2024,industrial,12638.0,2531000.0,0.20026903000000001,False,False,False,True,False,0.20026902990979586,False,HIGH_PRICE,90
City of Riverside - (CA),CA,2024,industrial,928560.0,136098000.0,0.14656888,False,False,False,False,False,0.1465688808477643,False,OK,100
City of Roseville - (CA),CA,2024,industrial,190320.0,24554800.0,0.1290185,False,False,False,False,False,0.12901849516603614,False,OK,100
City of Santa Clara - (CA),CA,2024,industrial,4309793.0,651648200.0,0.15120174,False,False,False,False,False,0.15120173985154275,False,OK,100
City of Shasta Lake - (CA),CA,2024,industrial,140150.0,23466500.0,0.16743846,False,False,False,False,False,0.16743845879414912,False,OK,100
City of Vernon,CA,2024,industrial,638818.0,105950500.0,0.16585397000000002,False,False,False,False,False,0.16585396779677467,False,OK,100
"Constellation Solar Holding, LLC",CA,2024,industrial,1059.0,148200.0,0.13994334,False,False,False,False,False,0.13994334277620396,False,OK,100
Imperial Irrigation District,CA,2024,industrial,88354.0,18371000.0,0.20792494,False,False,False,True,False,0.20792493831631845,False,HIGH_PRICE,90
Los Angeles Department of Water & Power,CA,2024,industrial,1049637.0,216919000.0,0.20666097,False,False,False,True,False,0.20666096945896534,False,HIGH_PRICE,90
Merced Irrigation District,CA,2024,industrial,167623.0,26091700.0,0.15565704,False,False,False,False,False,0.15565703990502497,False,OK,100
Modesto Irrigation District,CA,2024,industrial,808929.0,99166800.0,0.12259024,False,False,False,False,False,0.12259023968729023,False,OK,100
PacifiCorp,CA,2024,industrial,134944.0,21291400.0,0.15777952,False,False,False,False,False,0.15777952335783732,False,OK,100
Pacific Gas & Electric Co.,CA,2024,industrial,7835738.0,2597539000.0,0.33149896,False,False,False,True,False,0.3314989602766198,False,HIGH_PRICE,90
Sacramento Municipal Util Dist,CA,2024,industrial,1549024.0,208942200.0,0.13488635000000002,False,False,False,False,False,0.1348863542462867,False,OK,100
San Diego Gas & Electric Co,CA,2024,industrial,545010.0,143087500.0,0.26254105,False,False,False,True,False,0.2625410542925818,False,HIGH_PRICE,90
Southern California Edison Co,CA,2024,industrial,3271801.0,673107000.0,0.20572980999999999,False,False,False,True,False,0.2057298105844457,False,HIGH_PRICE,90
Surprise Valley Electrification,CA,2024,industrial,59888.0,7136200.0,0.1191591,False,False,False,False,False,0.11915909698103126,False,OK,100
Turlock Irrigation District,CA,2024,industrial,863283.0,109861000.0,0.12725954,False,False,False,False,False,0.1272595429308813,False,OK,100
"Valley Electric Assn, Inc",CA,2024,industrial,9010.0,1053700.0,0.11694784,False,False,False,False,False,0.11694783573806881,False,OK,100
WAPA-- Western Area Power Administration,CA,2024,industrial,1856379.0,53847700.0,0.029006846,False,False,False,False,True,0.02900684612355559,False,LOW_PRICE,85
"Black Hills Colorado Electric, LLC",CO,2024,industrial,351971.0,34814000.0,0.098911558,False,False,False,False,False,0.0989115580544988,False,OK,100
CORE Electric Cooperative,CO,2024,industrial,64652.0,6057000.0,0.093686197,False,False,False,False,False,0.09368619686939306,False,OK,100
City of Colorado Springs - (CO),CO,2024,industrial,1811428.0,165911000.0,0.091591275,False,False,False,False,False,0.09159127494992901,False,OK,100
City of Fort Collins - (CO),CO,2024,industrial,453613.0,38469900.0,0.084807755,False,False,False,False,False,0.08480775462784355,False,OK,100
City of Fort Morgan,CO,2024,industrial,74720.0,6501200.0,0.087007495,False,False,False,False,False,0.08700749464668094,False,OK,100
City of Longmont,CO,2024,industrial,136584.0,12141800.0,0.08889621,False,False,False,False,False,0.08889621039067533,False,OK,100
City of Loveland - (CO),CO,2024,industrial,328791.0,32394800.0,0.09852702799999999,False,False,False,False,False,0.09852702780793879,False,OK,100
Delta Montrose Electric Assn,CO,2024,industrial,118410.0,10860900.0,0.091722827,False,False,False,False,False,0.09172282746389664,False,OK,100
"Empire Electric Assn, Inc",CO,2024,industrial,320361.0,22918700.0,0.071540231,False,False,False,False,False,0.07154023117670379,False,OK,100
Grand Valley Power,CO,2024,industrial,11598.0,1399000.0,0.12062424999999999,False,False,False,False,False,0.12062424555957924,False,OK,100
"High West Energy, Inc",CO,2024,industrial,161661.0,17191400.0,0.10634228,False,False,False,False,False,0.10634228416253766,False,OK,100
Highline Electric Assn,CO,2024,industrial,293349.0,30921100.0,0.10540721,False,False,False,False,False,0.10540721120576514,False,OK,100
"Holy Cross Electric Assn, Inc",CO,2024,industrial,66272.0,6631000.0,0.10005734000000001,False,False,False,False,False,0.10005733944954129,False,OK,100
K C Electric Association,CO,2024,industrial,77042.0,8561300.0,0.1111251,False,False,False,False,False,0.11112510059448093,False,OK,100
"La Plata Electric Assn, Inc",CO,2024,industrial,309449.0,24757000.0,0.08000349,False,False,False,False,False,0.08000349007429335,False,OK,100
Moon Lake Electric Assn Inc,CO,2024,industrial,449468.0,34711100.0,0.077227077,False,False,False,False,False,0.07722707734477204,False,OK,100
Morgan County Rural Elec Assn,CO,2024,industrial,146336.0,18153400.0,0.12405286,False,False,False,False,False,0.1240528646402799,False,OK,100
"Mountain Parks Electric, Inc",CO,2024,industrial,41723.0,3532000.0,0.084653548,False,False,False,False,False,0.08465354840255974,False,OK,100
"Mountain View Elec Assn, Inc",CO,2024,industrial,138797.0,11898400.0,0.085725196,False,False,False,False,False,0.08572519578953436,False,OK,100
"Poudre Valley REA, Inc",CO,2024,industrial,593532.0,43397900.0,0.073118046,False,False,False,False,False,0.07311804586778808,False,OK,100
Public Service Co of Colorado,CO,2024,industrial,5839189.0,451516200.0,0.077325156,False,False,False,False,False,0.07732515594203236,False,OK,100
"San Isabel Electric Assn, Inc",CO,2024,industrial,142193.0,10293000.0,0.07238753,False,False,False,False,False,0.07238752962522768,False,OK,100
"San Luis Valley R E C, Inc",CO,2024,industrial,80709.0,15813000.0,0.1959261,False,False,False,False,False,0.19592610489536483,False,OK,100
"San Miguel Power Assn, Inc",CO,2024,industrial,1297.0,213000.0,0.16422513,False,False,False,False,False,0.16422513492675406,False,OK,100
Southeast Colorado Power Assn,CO,2024,industrial,40269.0,5467000.0,0.135762,False,False,False,False,False,0.13576200054632595,False,OK,100
"United Power, Inc",CO,2024,industrial,1811226.0,171766000.0,0.094834107,False,False,False,False,False,0.09483410684254753,False,OK,100
WAPA-- Western Area Power Administration,CO,2024,industrial,20285.0,527400.0,0.025999506999999998,False,False,False,False,True,0.025999507024895244,False,LOW_PRICE,85
"White River Electric Assn, Inc",CO,2024,industrial,481136.0,40223300.0,0.08360068699999999,False,False,False,False,False,0.08360068670812411,False,OK,100
Y-W Electric Assn Inc,CO,2024,industrial,186281.0,24790000.0,0.13307852,False,False,False,False,False,0.13307852115889435,False,OK,100
Yampa Valley Electric Assn Inc,CO,2024,industrial,175991.0,13975700.0,0.079411447,False,False,False,False,False,0.07941144717627606,False,OK,100
Bozrah Light & Power Company,CT,2024,industrial,179941.0,17288000.0,0.096075936,False,False,False,False,False,0.09607593600124485,False,OK,100
City of Norwich - (CT),CT,2024,industrial,12973.0,2382100.0,0.18361982999999998,False,False,False,False,False,0.1836198257920296,False,OK,100
Connecticut Light & Power Co,CT,2024,industrial,120635.0,25821500.0,0.2140465,False,False,False,True,False,0.21404650391677374,False,HIGH_PRICE,90
Groton Dept of Utilities - (CT),CT,2024,industrial,184750.0,25015100.0,0.13539973,False,False,False,False,False,0.1353997293640054,False,OK,100
Town of Wallingford - (CT),CT,2024,industrial,114529.0,12610100.0,0.11010399,False,False,False,False,False,0.11010399112888439,False,OK,100
United Illuminating Co,CT,2024,industrial,39284.0,6897000.0,0.17556766,False,False,False,False,False,0.17556766113430405,False,OK,100
City of Dover - (DE),DE,2024,industrial,281006.0,26276000.0,0.0935069,False,False,False,False,False,0.09350690020853647,False,OK,100
City of Milford - (DE),DE,2024,industrial,90239.0,10676100.0,0.11830916,False,False,False,False,False,0.11830915679473399,False,OK,100
City of Newark - (DE),DE,2024,industrial,250502.0,30063600.0,0.12001341,False,False,False,False,False,0.12001341306656234,False,OK,100
"Constellation Solar Holding, LLC",DE,2024,industrial,1076.0,86000.0,0.079925651,False,False,False,False,False,0.07992565055762081,False,OK,100
Delaware Electric Cooperative,DE,2024,industrial,4692.0,873000.0,0.18606138000000003,False,False,False,False,False,0.1860613810741688,False,OK,100
Delmarva Power,DE,2024,industrial,16425.0,1453700.0,0.08850532700000001,False,False,False,False,False,0.08850532724505328,False,OK,100
Town of Middletown - (DE),DE,2024,industrial,164300.0,21377500.0,0.1301126,False,False,False,False,False,0.1301125989044431,False,OK,100
"Central Florida Elec Coop, Inc",FL,2024,industrial,72824.0,6903000.0,0.094790179,False,False,False,False,False,0.09479017906184774,False,OK,100
"Choctawhatche Elec Coop, Inc",FL,2024,industrial,15545.0,1339000.0,0.08613702200000001,False,False,False,False,False,0.08613702155033773,False,OK,100
City of Bartow - (FL),FL,2024,industrial,64218.0,6484100.0,0.10097013,False,False,False,False,False,0.10097013298452147,False,OK,100
City of Homestead - (FL),FL,2024,industrial,165753.0,12669400.0,0.076435419,False,False,False,False,False,0.07643541896677586,False,OK,100
City of Lakeland - (FL),FL,2024,industrial,701589.0,51547000.0,0.07347179,False,False,False,False,False,0.07347179046421766,False,OK,100
City of Leesburg - (FL),FL,2024,industrial,8245.0,1107300.0,0.13429958,False,False,False,False,False,0.13429957550030322,False,OK,100
City of Ocala,FL,2024,industrial,580635.0,54207800.0,0.093359512,False,False,False,False,False,0.09335951156923024,False,OK,100
"Clay Electric Cooperative, Inc - (FL)",FL,2024,industrial,429338.0,28888500.0,0.067286148,False,False,False,False,False,0.06728614751081897,False,OK,100
"Duke Energy Florida, LLC",FL,2024,industrial,3286894.0,318169200.0,0.09679934899999999,False,False,False,False,False,0.0967993491728057,False,OK,100
"Florida Keys El Coop Assn, Inc",FL,2024,industrial,212323.0,27398000.0,0.12903925,False,False,False,False,False,0.12903924680792944,False,OK,100
Florida Power & Light Co,FL,2024,industrial,4837136.0,388560000.0,0.08032852500000001,False,False,False,False,False,0.08032852497841698,False,OK,100
Florida Public Utilities Co,FL,2024,industrial,77249.0,4625000.0,0.059871325,False,False,False,False,False,0.05987132519514816,False,OK,100
Gainesville Regional Utilities,FL,2024,industrial,176908.0,22523000.0,0.12731476,False,False,False,False,False,0.12731476247541096,False,OK,100
"Glades Electric Coop, Inc",FL,2024,industrial,110139.0,15161000.0,0.13765333,False,False,False,False,False,0.13765332897520405,False,OK,100
JEA,FL,2024,industrial,2690679.0,213552000.0,0.079367327,False,False,False,False,False,0.07936732698326333,False,OK,100
Kissimmee Utility Authority,FL,2024,industrial,150994.0,16633400.000000002,0.11015934,False,False,False,False,False,0.11015934407989722,False,OK,100
"Peace River Electric Coop, Inc",FL,2024,industrial,738.0,169000.0,0.22899729000000002,False,False,False,True,False,0.22899728997289973,False,HIGH_PRICE,90
"Sumter Electric Coop, Inc",FL,2024,industrial,1033135.0,92054800.0,0.08910239199999999,False,False,False,False,False,0.08910239223334801,False,OK,100
Suwannee Valley Elec Coop Inc,FL,2024,industrial,102096.0,7948000.0,0.07784830000000001,False,False,False,False,False,0.07784829963955493,False,OK,100
"Talquin Electric Coop, Inc",FL,2024,industrial,113188.0,9758000.0,0.08621055200000001,False,False,False,False,False,0.08621055235537337,False,OK,100
Tampa Electric Co,FL,2024,industrial,2018713.0,162399700.0,0.08044714600000001,False,False,False,False,False,0.08044714627586982,False,OK,100
"Tri-County Electric Coop, Inc (FL)",FL,2024,industrial,139571.0,10381700.0,0.074382931,False,False,False,False,False,0.07438293055147559,False,OK,100
"West Florida El Coop Assn, Inc",FL,2024,industrial,119487.0,8701000.0,0.072819637,False,False,False,False,False,0.07281963728271695,False,OK,100
Withlacoochee River Elec Coop,FL,2024,industrial,309972.0,16810600.0,0.05423264,False,False,False,False,False,0.054232640367517064,False,OK,100
Albany Utility Board,GA,2024,industrial,595.0,16100.000000000002,0.027058824000000002,False,False,False,False,True,0.027058823529411767,False,LOW_PRICE,85
Altamaha Electric Member Corp,GA,2024,industrial,8400.0,1234200.0,0.14692857,False,False,False,False,False,0.14692857142857144,False,OK,100
Canoochee Electric Member Corp,GA,2024,industrial,67944.0,7201100.0,0.10598581,False,False,False,False,False,0.10598581184504886,False,OK,100
Carroll Electric Member Corp - (GA),GA,2024,industrial,274301.0,20373000.0,0.07427242299999999,False,False,False,False,False,0.07427242335973985,False,OK,100
Central Georgia El Member Corp,GA,2024,industrial,334806.0,23748000.0,0.070930628,False,False,False,False,False,0.07093062848336051,False,OK,100
City of Buford,GA,2024,industrial,99548.0,10169300.0,0.10215474000000001,False,False,False,False,False,0.10215473942218829,False,OK,100
City of Calhoun - (GA),GA,2024,industrial,238785.0,21020400.0,0.08803065500000001,False,False,False,False,False,0.08803065519190904,False,OK,100
City of Cartersville - (GA),GA,2024,industrial,261013.0,18542700.0,0.07104128900000001,False,False,False,False,False,0.0710412891311927,False,OK,100
City of Chattanooga - (TN),GA,2024,industrial,46345.0,1902000.0,0.041040026,False,False,False,False,True,0.04104002589276082,False,LOW_PRICE,85
City of Covington - (GA),GA,2024,industrial,163399.0,12662100.0,0.077491906,False,False,False,False,False,0.07749190631521613,False,OK,100
City of Douglas,GA,2024,industrial,49294.0,4209600.0,0.085397817,False,False,False,False,False,0.08539781717856129,False,OK,100
City of Griffin - (GA),GA,2024,industrial,89710.0,8940400.0,0.099658901,False,False,False,False,False,0.09965890090290938,False,OK,100
City of La Grange - (GA),GA,2024,industrial,197311.0,15841000.0,0.080284424,False,False,False,False,False,0.08028442408177952,False,OK,100
City of Lawrenceville - (GA),GA,2024,industrial,648.0,85200.0,0.13148148,False,False,False,False,False,0.13148148148148148,False,OK,100
City of Sandersville - (GA),GA,2024,industrial,53538.0,3554000.0,0.066382756,False,False,False,False,False,0.0663827561731854,False,OK,100
City of Sylvania - (GA),GA,2024,industrial,497206.0,16697300.0,0.033582258000000004,False,False,False,False,True,0.033582257655780504,False,LOW_PRICE,85
City of Washington - (GA),GA,2024,industrial,35228.0,2854800.0,0.08103781100000002,False,False,False,False,False,0.0810378108322925,False,OK,100
Coastal Electric Member Corp - (GA),GA,2024,industrial,175213.0,13704500.0,0.078216228,False,False,False,False,False,0.07821622824790397,False,OK,100
Cobb Electric Membership Corp,GA,2024,industrial,144838.0,11620100.0,0.080228255,False,False,False,False,False,0.08022825501594885,False,OK,100
Colquitt Electric Membership Corp,GA,2024,industrial,318604.0,34323900.0,0.10773217,False,False,False,False,False,0.10773216908764485,False,OK,100
Coweta-Fayette El Member Corp,GA,2024,industrial,180387.0,13997400.0,0.077596501,False,False,False,False,False,0.07759650085649188,False,OK,100
Crisp County Power Comm,GA,2024,industrial,121918.0,11350200.0,0.093097,False,False,False,False,False,0.09309699962269723,False,OK,100
Dalton Utilities,GA,2024,industrial,1160079.0,63892000.0,0.05507556,False,False,False,False,False,0.05507555950930928,False,OK,100
Diverse Power Incorporated,GA,2024,industrial,132718.0,9381100.0,0.070684459,False,False,False,False,False,0.07068445877725704,False,OK,100
Excelsior Electric Member Corp,GA,2024,industrial,30314.0,4267000.0,0.14076004,False,False,False,False,False,0.14076004486375931,False,OK,100
Flint Electric Membership Corp,GA,2024,industrial,193993.0,15512100.0,0.079962164,False,False,False,False,False,0.07996216358322207,False,OK,100
Georgia Power Co,GA,2024,industrial,23654325.0,1678490600.0,0.070959142,False,False,False,False,False,0.07095914172143995,False,OK,100
Grady Electric Membership Corp,GA,2024,industrial,4691.0,769100.0,0.16395225,False,False,False,False,False,0.16395224898742272,False,OK,100
GreyStone Power Corporation,GA,2024,industrial,475798.0,42802300.0,0.08995897400000001,False,False,False,False,False,0.08995897418652453,False,OK,100
Habersham Electric Membership Corp,GA,2024,industrial,10816.0,1247700.0,0.11535688000000001,False,False,False,False,False,0.11535687869822485,False,OK,100
Hart Electric Member Corp,GA,2024,industrial,26200.0,2519300.0,0.096156489,False,False,False,False,False,0.09615648854961832,False,OK,100
Jackson Electric Member Corp - (GA),GA,2024,industrial,841910.0,60589100.0,0.071966243,False,False,False,False,False,0.07196624342269364,False,OK,100
Jefferson Electric Member Corp,GA,2024,industrial,106602.0,9299000.0,0.087231009,False,False,False,False,False,0.08723100879908445,False,OK,100
"Newnan Wtr, Sewer & Light Comm",GA,2024,industrial,64220.0,6279000.0,0.09777327899999999,False,False,False,False,False,0.09777327935222672,False,OK,100
North Georgia Elec Member Corp,GA,2024,industrial,181624.0,13126000.0,0.072270185,False,False,False,False,False,0.07227018455710699,False,OK,100
Oconee Electric Member Corp,GA,2024,industrial,73479.0,5904100.0,0.08035084899999999,False,False,False,False,False,0.08035084854176024,False,OK,100
Okefenoke Rural El Member Corp,GA,2024,industrial,227268.0,8384700.000000001,0.036893446999999996,False,False,False,False,True,0.036893447383705584,False,LOW_PRICE,85
Planters Electric Member Corp,GA,2024,industrial,23288.0,3614000.0,0.15518722000000001,False,False,False,False,False,0.15518722088629336,False,OK,100
Rayle Electric Membership Corp,GA,2024,industrial,12989.0,1050000.0,0.08083763199999999,False,False,False,False,False,0.08083763184232812,False,OK,100
Satilla Rural Elec Member Corporation,GA,2024,industrial,284208.0,14410300.0,0.050703358,False,False,False,False,False,0.05070335810392389,False,OK,100
Sawnee Electric Membership Corporation,GA,2024,industrial,223443.0,16723599.999999998,0.074845039,False,False,False,False,False,0.074845038779465,False,OK,100
Snapping Shoals El Member Corp,GA,2024,industrial,219312.0,16211000.0,0.073917524,False,False,False,False,False,0.07391752389290143,False,OK,100
Southern Rivers Energy,GA,2024,industrial,25119.0,2825000.0,0.11246467,False,False,False,False,False,0.11246466817946574,False,OK,100
Sumter Electric Member Corp,GA,2024,industrial,31350.0,3567900.0,0.11380860999999999,False,False,False,False,False,0.11380861244019139,False,OK,100
Three Notch Elec Member Corp,GA,2024,industrial,47313.0,9561500.0,0.20209033,False,False,False,True,False,0.2020903345803479,False,HIGH_PRICE,90
Tri-County Elec Member Corp (GA),GA,2024,industrial,52105.0,3599400.0,0.069079743,False,False,False,False,False,0.06907974282698398,False,OK,100
Walton Electric Member Corp,GA,2024,industrial,145055.0,9448500.0,0.065137362,False,False,False,False,False,0.0651373616903933,False,OK,100
Washington Elec Member Corp,GA,2024,industrial,186394.0,12588100.0,0.067534899,False,False,False,False,False,0.06753489919203408,False,OK,100
Hawaii Electric Light Co Inc,HI,2024,industrial,253488.0,100706000.0,0.39728113,False,False,False,True,False,0.3972811336236824,False,HIGH_PRICE,90
Hawaiian Electric Co Inc,HI,2024,industrial,2681210.0,880036400.0,0.32822360000000006,False,False,False,True,False,0.3282236005385628,False,HIGH_PRICE,90
Kauai Island Utility Cooperative,HI,2024,industrial,160503.0,59535500.0,0.37093076,False,False,False,True,False,0.37093076141878967,False,HIGH_PRICE,90
Maui Electric Co Ltd,HI,2024,industrial,366644.0,141409500.0,0.38568612,False,False,False,True,False,0.3856861151416633,False,HIGH_PRICE,90
Access Energy Coop,IA,2024,industrial,283550.0,19476300.0,0.068687357,False,False,False,False,False,0.0686873567272086,False,OK,100
Amana Society Service Co,IA,2024,industrial,51780.0,5506000.0,0.10633449,False,False,False,False,False,0.1063344920818849,False,OK,100
Board of Water Electric & Communications,IA,2024,industrial,637771.0,40733900.0,0.063869163,False,False,False,False,False,0.06386916306950301,False,OK,100
Butler County Rural Elec Coop - (IA),IA,2024,industrial,213587.0,18578300.0,0.086982354,False,False,False,False,False,0.08698235379494071,False,OK,100
Cedar Falls Utilities,IA,2024,industrial,65608.0,4760000.0,0.072552128,False,False,False,False,False,0.07255212778929399,False,OK,100
City of Ames - (IA),IA,2024,industrial,145193.0,11868200.0,0.081740855,False,False,False,False,False,0.08174085527539206,False,OK,100
City of Independence - (IA),IA,2024,industrial,14770.0,1124300.0,0.076120515,False,False,False,False,False,0.07612051455653351,False,OK,100
City of Maquoketa - (IA),IA,2024,industrial,13518.0,1462000.0,0.10815208999999999,False,False,False,False,False,0.10815209350495636,False,OK,100
Consumers Energy Coop - (IA),IA,2024,industrial,101506.0,6599000.0,0.06501093499999999,False,False,False,False,False,0.06501093531416863,False,OK,100
East-Central Iowa Rural Elec Coop,IA,2024,industrial,36964.0,3100000.0,0.083865383,False,False,False,False,False,0.08386538253435775,False,OK,100
Eastern Iowa Light & Power Coop,IA,2024,industrial,204507.0,15165500.0,0.074156386,False,False,False,False,False,0.0741563858449833,False,OK,100
Federated Rural Electric Assn,IA,2024,industrial,98.0,15000.0,0.15306122,False,False,False,False,False,0.15306122448979592,False,OK,100
Heartland Power Coop,IA,2024,industrial,239067.0,16048900.0,0.06713139,False,False,False,False,False,0.06713138994507815,False,OK,100
Interstate Power and Light Co,IA,2024,industrial,6072390.0,497215000.0,0.081881269,False,False,False,False,False,0.0818812691543198,False,OK,100
Iowa Lakes Electric Coop,IA,2024,industrial,302707.0,23016600.0,0.076035903,False,False,False,False,False,0.07603590270459554,False,OK,100
Linn County REC,IA,2024,industrial,159962.0,14648000.0,0.091571748,False,False,False,False,False,0.09157174829021893,False,OK,100
Maquoketa Valley Rrl Elec Coop,IA,2024,industrial,10918.0,982400.0,0.08997985,False,False,False,False,False,0.0899798497893387,False,OK,100
MiEnergy Cooperative,IA,2024,industrial,93804.0,7476000.0,0.079698094,False,False,False,False,False,0.0796980938979148,False,OK,100
MidAmerican Energy Co,IA,2024,industrial,16992820.0,1027827700.0,0.060485999,False,False,False,False,False,0.060485999380915,False,OK,100
Midland Power Coop,IA,2024,industrial,238479.0,16823000.0,0.07054289899999999,False,False,False,False,False,0.07054289895546359,False,OK,100
North West Rural Electric Coop,IA,2024,industrial,6420.0,555100.0,0.086464174,False,False,False,False,False,0.08646417445482867,False,OK,100
Prairie Energy Coop,IA,2024,industrial,275987.0,23838700.0,0.08637617,False,False,False,False,False,0.08637616989206014,False,OK,100
Avista Corp,ID,2024,industrial,1127955.0,62626000.0,0.055521719000000004,False,False,False,False,False,0.055521718508273823,False,OK,100
City of Idaho Falls - (ID),ID,2024,industrial,59060.0,3420800.0,0.057920759,False,False,False,False,False,0.057920758550626485,False,OK,100
Idaho Power Co,ID,2024,industrial,5343487.0,435328700.0,0.08146902900000001,False,False,False,False,False,0.08146902949328781,False,OK,100
Inland Power & Light Company,ID,2024,industrial,9.0,2100.0,0.23333333,False,False,False,True,False,0.23333333333333334,False,HIGH_PRICE,90
Kootenai Electric Cooperative,ID,2024,industrial,27592.0,2100200.0,0.076116266,False,False,False,False,False,0.07611626558422731,False,OK,100
Lower Valley Energy Inc,ID,2024,industrial,48369.0,2395000.0,0.049515184999999996,False,False,False,False,True,0.04951518534598606,False,LOW_PRICE,85
"Northern Lights, Inc",ID,2024,industrial,30506.0,1703000.0,0.055825084,False,False,False,False,False,0.05582508359011342,False,OK,100
PacifiCorp,ID,2024,industrial,2349648.0,194829400.0,0.082918548,False,False,False,False,False,0.08291854779950018,False,OK,100
Raft Rural Elec Coop Inc,ID,2024,industrial,151702.0,7971000.0,0.052543803,False,False,False,False,False,0.0525438029821624,False,OK,100
Salmon River Electric Coop Inc,ID,2024,industrial,42779.0,2485000.0,0.058089249,False,False,False,False,False,0.05808924939806914,False,OK,100
"United Electric Co-op, Inc - (ID)",ID,2024,industrial,190500.0,10447000.0,0.054839895,False,False,False,False,False,0.054839895013123356,False,OK,100
Ameren Illinois Company,IL,2024,industrial,582773.0,27709500.0,0.047547673,False,False,False,False,True,0.047547672936117495,False,LOW_PRICE,85
City of Batavia - (IL),IL,2024,industrial,184363.0,17254000.0,0.093587108,False,False,False,False,False,0.09358710804228614,False,OK,100
City of Geneva- (IL),IL,2024,industrial,155527.0,11973000.0,0.076983418,False,False,False,False,False,0.07698341767024375,False,OK,100
City of Naperville - (IL),IL,2024,industrial,89472.0,9547700.0,0.1067116,False,False,False,False,False,0.1067115969241774,False,OK,100
City of Peru - (IL),IL,2024,industrial,116965.0,11246000.0,0.09614842,False,False,False,False,False,0.09614842046766127,False,OK,100
City of St Charles - (IL),IL,2024,industrial,189472.0,19276000.0,0.10173534999999999,False,False,False,False,False,0.10173534875865563,False,OK,100
Coles-Moultrie Electric Coop,IL,2024,industrial,35779.0,4120000.0,0.11515135000000001,False,False,False,False,False,0.1151513457614802,False,OK,100
Commonwealth Edison Co,IL,2024,industrial,1608690.0,118395100.0,0.07359721300000001,False,False,False,False,False,0.07359721263885521,False,OK,100
Corn Belt Energy Corporation,IL,2024,industrial,71364.0,5266000.0,0.073790707,False,False,False,False,False,0.07379070679894625,False,OK,100
Eastern Illinois Elec Coop,IL,2024,industrial,19230.0,2456000.0,0.12771711,False,False,False,False,False,0.12771710868434738,False,OK,100
"Jo-Carroll Energy, Inc",IL,2024,industrial,78850.0,8831000.0,0.11199746,False,False,False,False,False,0.11199746353836398,False,OK,100
Menard Electric Coop,IL,2024,industrial,40486.0,7958700.0,0.19657906,False,False,False,False,False,0.19657906436792966,False,OK,100
MidAmerican Energy Co,IL,2024,industrial,583844.0,30217100.0,0.051755434999999995,False,False,False,False,False,0.051755434670905244,False,OK,100
Mt Carmel Public Utility Co,IL,2024,industrial,22680.0,3872000.0,0.17072310000000002,False,False,False,False,False,0.1707231040564374,False,OK,100
Norris Electric Coop,IL,2024,industrial,23621.0,3595000.0,0.15219507999999998,False,False,False,False,False,0.15219508064857543,False,OK,100
Rochelle Municipal Utilities,IL,2024,industrial,312532.0,32758000.0,0.10481486999999999,False,False,False,False,False,0.10481486695762354,False,OK,100
Rock Energy Cooperative,IL,2024,industrial,48112.0,5181000.0,0.10768623,False,False,False,False,False,0.10768623212504157,False,OK,100
"Shelby Electric Coop, Inc - (IL)",IL,2024,industrial,85641.0,9406400.0,0.10983523999999999,False,False,False,False,False,0.10983524246564146,False,OK,100
"Southeastern IL Elec Coop, Inc",IL,2024,industrial,332808.0,34575000.0,0.10388873,False,False,False,False,False,0.10388872863633086,False,OK,100
Southwestern Electric Coop Inc - (IL),IL,2024,industrial,67331.0,7811300.0,0.11601343,False,False,False,False,False,0.11601342620783889,False,OK,100
"Tri-County Electric Coop, Inc (IL)",IL,2024,industrial,113794.0,11058200.0,0.09717735599999999,False,False,False,False,False,0.09717735557235004,False,OK,100
Wayne-White Counties Elec Coop,IL,2024,industrial,161705.0,14442100.0,0.08931139999999999,False,False,False,False,False,0.08931140038959834,False,OK,100
AES Indiana,IN,2024,industrial,6041240.0,615907200.0,0.10195045999999999,False,False,False,False,False,0.10195046050148646,False,OK,100
AGC Division of APGI Inc,IN,2024,industrial,2639245.0,159579900.0,0.060464224,False,False,False,False,False,0.060464223670026844,False,OK,100
Bartholomew County Rural E M C,IN,2024,industrial,225890.0,21346200.0,0.094498207,False,False,False,False,False,0.09449820709194741,False,OK,100
Carroll-White REMC,IN,2024,industrial,113424.0,9743000.0,0.085898928,False,False,False,False,False,0.08589892791649034,False,OK,100
City of Anderson - (IN),IN,2024,industrial,282496.0,24779100.0,0.08771487,False,False,False,False,False,0.08771487029904848,False,OK,100
City of Auburn - (IN),IN,2024,industrial,256272.0,44960000.0,0.1754386,False,False,False,False,False,0.17543859649122806,False,OK,100
City of Bluffton - (IN),IN,2024,industrial,204465.0,17706000.0,0.086596728,False,False,False,False,False,0.08659672804636491,False,OK,100
City of Frankfort - (IN),IN,2024,industrial,231024.0,20866000.0,0.09031962,False,False,False,False,False,0.09031962047233189,False,OK,100
City of Greenfield - (IN),IN,2024,industrial,155681.0,16478000.0,0.10584464,False,False,False,False,False,0.10584464385506259,False,OK,100
City of Jasper - (IN),IN,2024,industrial,98194.0,11042500.0,0.11245595,False,False,False,False,False,0.11245595453897386,False,OK,100
City of Lebanon - (IN),IN,2024,industrial,142004.0,14944200.0,0.10523787999999999,False,False,False,False,False,0.10523788062308104,False,OK,100
City of Logansport - (IN),IN,2024,industrial,240286.0,18109000.0,0.075364357,False,False,False,False,False,0.07536435747401014,False,OK,100
City of Peru - (IN),IN,2024,industrial,68191.0,7734000.0,0.11341673000000001,False,False,False,False,False,0.1134167265474916,False,OK,100
City of Richmond - (IN),IN,2024,industrial,526028.0,51493300.0,0.097890797,False,False,False,False,False,0.09789079668762879,False,OK,100
Clark County Rural E M C - (IN),IN,2024,industrial,50276.0,5546000.0,0.11031107999999999,False,False,False,False,False,0.11031108282281804,False,OK,100
"Crawfordsville Elec, Lgt & Pwr",IN,2024,industrial,250829.0,27581300.0,0.10996057000000001,False,False,False,False,False,0.10996057074740162,False,OK,100
Daviess Martin County R E M C,IN,2024,industrial,251524.0,20633000.0,0.082031933,False,False,False,False,False,0.08203193333439354,False,OK,100
Decatur County Rural E M C,IN,2024,industrial,200436.0,17903000.0,0.089320282,False,False,False,False,False,0.08932028178570715,False,OK,100
Dubois Rural Electric Coop Inc,IN,2024,industrial,102774.0,10675000.0,0.10386867999999999,False,False,False,False,False,0.10386868274077102,False,OK,100
"Duke Energy Indiana, LLC",IN,2024,industrial,9197328.0,724778000.0,0.078803105,False,False,False,False,False,0.07880310455384433,False,OK,100
Harrison County Rural E M C,IN,2024,industrial,61322.0,7020000.0,0.11447768,False,False,False,False,False,0.11447767522259548,False,OK,100
Heartland REMC,IN,2024,industrial,239060.0,21479000.0,0.089847737,False,False,False,False,False,0.08984773696979838,False,OK,100
Hendricks County Rural E M C,IN,2024,industrial,66334.0,5749100.0,0.086668978,False,False,False,False,False,0.08666897820122411,False,OK,100
Indiana Michigan Power Co,IN,2024,industrial,6532162.0,551230300.0,0.08438711400000001,False,False,False,False,False,0.0843871140979051,False,OK,100
Jackson County Rural E M C - (IN),IN,2024,industrial,43890.0,4609000.0,0.10501253,False,False,False,False,False,0.10501253132832081,False,OK,100
Jasper County Rural E M C,IN,2024,industrial,47550.0,3584600.0,0.07538591,False,False,False,False,False,0.07538590956887486,False,OK,100
Johnson County Rural E M C,IN,2024,industrial,96748.0,7619300.0,0.078754083,False,False,False,False,False,0.07875408277173689,False,OK,100
Kankakee Valley Rural E M C,IN,2024,industrial,24748.0,2750700.0,0.11114838,False,False,False,False,False,0.11114837562631323,False,OK,100
Kosciusko County Rural E M C,IN,2024,industrial,260404.0,27723800.0,0.10646457,False,False,False,False,False,0.10646457043670604,False,OK,100
NineStar Connect,IN,2024,industrial,23383.0,2940000.0,0.12573237,False,False,False,False,False,0.12573236967027326,False,OK,100
Noble County R E M C,IN,2024,industrial,50327.0,5438100.0,0.10805532,False,False,False,False,False,0.10805531821884873,False,OK,100
Northeastern Rural E M C,IN,2024,industrial,1160541.0,52811000.0,0.045505501,False,False,False,False,True,0.045505501313611495,False,LOW_PRICE,85
Northern Indiana Pub Serv Co,IN,2024,industrial,7984846.0,500011700.0,0.062620081,False,False,False,False,False,0.06262008058765316,False,OK,100
"Paulding-Putman Elec Coop, Inc",IN,2024,industrial,32670.0,5312100.0,0.16259871,False,False,False,False,False,0.16259871441689625,False,OK,100
RushShelby Energy,IN,2024,industrial,185616.0,15849000.0,0.085385958,False,False,False,False,False,0.08538595810705973,False,OK,100
South Central Indiana REMC,IN,2024,industrial,82227.0,9171000.0,0.11153271000000001,False,False,False,False,False,0.11153270823452151,False,OK,100
Southeastern Indiana R E M C,IN,2024,industrial,84169.0,7245500.0,0.08608276200000001,False,False,False,False,False,0.08608276206204185,False,OK,100
Southern Indiana Gas & Elec Co,IN,2024,industrial,2233775.0,191142000.0,0.085569048,False,False,False,False,False,0.08556904791216663,False,OK,100
"Southern Indiana R E C, Inc",IN,2024,industrial,290286.0,22573000.0,0.077761242,False,False,False,False,False,0.07776124236098193,False,OK,100
Tipmont Rural Elec Member Corp,IN,2024,industrial,100771.0,8789000.0,0.087217553,False,False,False,False,False,0.0872175526689226,False,OK,100
Utilities Dist-Western IN REMC,IN,2024,industrial,40758.0,4051900.0,0.099413612,False,False,False,False,False,0.09941361205162176,False,OK,100
Western Indiana Energy REMC,IN,2024,industrial,277437.0,28797200.0,0.10379726,False,False,False,False,False,0.10379725847669921,False,OK,100
Whitewater Valley Rural EMC,IN,2024,industrial,49751.0,4286000.0,0.08614902199999999,False,False,False,False,False,0.08614902213020843,False,OK,100
"Alfalfa Electric Coop, Inc",KS,2024,industrial,12621.0,1121000.0,0.08882021999999999,False,False,False,False,False,0.08882022026780763,False,OK,100
CMS Electric Coop Inc,KS,2024,industrial,84042.0,7062200.0,0.084031794,False,False,False,False,False,0.08403179362699603,False,OK,100
City of Chanute,KS,2024,industrial,193791.0,14515000.0,0.074900279,False,False,False,False,False,0.07490027916673117,False,OK,100
City of Coffeyville - (KS),KS,2024,industrial,687658.0,41416200.0,0.060227904,False,False,False,False,False,0.060227903987156405,False,OK,100
City of Garden City,KS,2024,industrial,134771.0,13072000.0,0.09699416,False,False,False,False,False,0.09699416046478841,False,OK,100
City of Kansas City - (KS),KS,2024,industrial,507713.0,49823000.0,0.098132212,False,False,False,False,False,0.0981322124901273,False,OK,100
City of McPherson - (KS),KS,2024,industrial,953740.0,49126000.0,0.051508797,False,False,False,False,False,0.05150879694675698,False,OK,100
City of Winfield - (KS),KS,2024,industrial,86312.0,6348000.0,0.073547131,False,False,False,False,False,0.07354713133747336,False,OK,100
Empire District Electric Co,KS,2024,industrial,63055.0,6039600.0,0.09578304700000001,False,False,False,False,False,0.09578304654666561,False,OK,100
"Evergy Kansas Central, Inc",KS,2024,industrial,1869300.0,170020900.0,0.09095431400000001,False,False,False,False,False,0.09095431444925908,False,OK,100
"Evergy Kansas South, Inc",KS,2024,industrial,3416549.0,260844900.0,0.07634747800000001,False,False,False,False,False,0.07634747811314868,False,OK,100
Evergy Metro,KS,2024,industrial,241033.0,23731600.0,0.098457888,False,False,False,False,False,0.09845788750917923,False,OK,100
FreeState Electric Coop,KS,2024,industrial,22544.0,2040000.0,0.090489709,False,False,False,False,False,0.09048970901348474,False,OK,100
Midwest Energy Inc - (KS),KS,2024,industrial,837215.0,65123900.0,0.077786351,False,False,False,False,False,0.07778635117622117,False,OK,100
"Pioneer Electric Coop, Inc - (KS)",KS,2024,industrial,577679.0,34343000.0,0.059449971000000004,False,False,False,False,False,0.05944997135087133,False,OK,100
Prairie Land Electric Coop Inc,KS,2024,industrial,273417.0,20861600.0,0.076299572,False,False,False,False,False,0.0762995717164624,False,OK,100
Southern Pioneer Electric Company,KS,2024,industrial,484602.0,27687000.0,0.057133483,False,False,False,False,False,0.05713348273428504,False,OK,100
"Tri-County Electric Coop, Inc (OK)",KS,2024,industrial,383.0,68000.0,0.17754569,False,False,False,False,False,0.17754569190600522,False,OK,100
Victory Electric Coop Assn Inc,KS,2024,industrial,467106.0,32183000.0,0.068898708,False,False,False,False,False,0.06889870821612225,False,OK,100
WAPA-- Western Area Power Administration,KS,2024,industrial,430.0,1100.0,0.00255814,False,False,False,False,True,0.0025581395348837207,False,LOW_PRICE,85
Western Coop Electric Assn Inc,KS,2024,industrial,11558.0,1541000.0,0.13332757,False,False,False,False,False,0.1333275653227202,False,OK,100
"Wheatland Electric Coop, Inc",KS,2024,industrial,80382.0,8667000.0,0.10782265,False,False,False,False,False,0.10782264686123759,False,OK,100
Big Sandy Rural Elec Coop Corp,KY,2024,industrial,16422.0,1582000.0,0.096334186,False,False,False,False,False,0.09633418584825235,False,OK,100
Blue Grass Energy Coop Corp,KY,2024,industrial,360852.0,26937000.0,0.074648332,False,False,False,False,False,0.07464833228027003,False,OK,100
City of Benton - (KY),KY,2024,industrial,15345.0,1263000.0,0.08230694,False,False,False,False,False,0.0823069403714565,False,OK,100
City of Berea Municipal Utility,KY,2024,industrial,42680.0,3034800.0,0.071105904,False,False,False,False,False,0.07110590440487348,False,OK,100
City of Bowling Green - (KY),KY,2024,industrial,108410.0,7663000.0,0.070685361,False,False,False,False,False,0.07068536112904714,False,OK,100
City of Frankfort - (KY),KY,2024,industrial,174757.0,14613000.0,0.083618968,False,False,False,False,False,0.08361896805278186,False,OK,100
City of Franklin - (KY),KY,2024,industrial,117986.0,6842000.0,0.057989930999999995,False,False,False,False,False,0.05798993100876375,False,OK,100
City of Fulton - (KY),KY,2024,industrial,16980.0,1490000.0,0.08775029399999999,False,False,False,False,False,0.08775029446407538,False,OK,100
City of Glasgow - (KY),KY,2024,industrial,9528.0,735000.0,0.077141058,False,False,False,False,False,0.07714105793450882,False,OK,100
City of Hopkinsville,KY,2024,industrial,146284.0,8533000.0,0.058331738,False,False,False,False,False,0.05833173826255776,False,OK,100
City of Mayfield Plant Board,KY,2024,industrial,11126.0,1117000.0,0.10039547,False,False,False,False,False,0.10039547007010606,False,OK,100
City of Murray - (KY),KY,2024,industrial,41987.0,2709000.0,0.06451997000000001,False,False,False,False,False,0.06451997046704933,False,OK,100
City of Owensboro - (KY),KY,2024,industrial,296228.0,27326100.0,0.09224684999999999,False,False,False,False,False,0.09224685039901698,False,OK,100
City of Paducah - (KY),KY,2024,industrial,27805.0,3407700.0,0.12255709,False,False,False,False,False,0.12255709404783312,False,OK,100
City of Russellville - (KY),KY,2024,industrial,35725.0,3216000.0,0.09002099400000001,False,False,False,False,False,0.09002099370188943,False,OK,100
Clark Energy Coop Inc - (KY),KY,2024,industrial,13891.0,1195000.0,0.086026924,False,False,False,False,False,0.08602692390756606,False,OK,100
"Cumberland Valley Electric, Inc.",KY,2024,industrial,82738.0,7742000.0,0.09357248200000001,False,False,False,False,False,0.093572481810051,False,OK,100
Duke Energy Kentucky,KY,2024,industrial,720270.0,70765300.0,0.098248296,False,False,False,False,False,0.09824829577797214,False,OK,100
Farmers Rural Electric Coop Corp - (KY),KY,2024,industrial,93053.0,8969000.0,0.096385931,False,False,False,False,False,0.09638593059869106,False,OK,100
Fleming-Mason Energy Coop Inc,KY,2024,industrial,566455.0,36410000.0,0.064276951,False,False,False,False,False,0.06427695050798386,False,OK,100
Gibson Electric Members Corp,KY,2024,industrial,12593.0,740000.0,0.058762805,False,False,False,False,False,0.058762804732788054,False,OK,100
Grayson Rural Electric Coop Corp,KY,2024,industrial,28163.0,2311000.0,0.08205801900000001,False,False,False,False,False,0.08205801938713915,False,OK,100
Henderson City Utility Comm,KY,2024,industrial,289919.0,23102500.0,0.07968605000000001,False,False,False,False,False,0.0796860502416192,False,OK,100
Inter County Energy Coop Corp - (KY),KY,2024,industrial,173229.0,12989000.0,0.074981672,False,False,False,False,False,0.07498167166005693,False,OK,100
Jackson Energy Coop Corp - (KY),KY,2024,industrial,189286.0,15325100.0,0.08096266999999999,False,False,False,False,False,0.08096267024502604,False,OK,100
Jackson Purchase Energy Corporation,KY,2024,industrial,43136.0,5034100.0,0.11670299,False,False,False,False,False,0.1167029859050445,False,OK,100
Kenergy Corp,KY,2024,industrial,4473950.0,221866000.0,0.049590630000000004,False,False,False,False,True,0.049590630203734956,False,LOW_PRICE,85
Kentucky Power Co,KY,2024,industrial,2016139.0,167645000.0,0.08315150900000001,False,False,False,False,False,0.08315150889894,False,OK,100
Kentucky Utilities Co,KY,2024,industrial,6125648.0,435621600.0,0.07111437,False,False,False,False,False,0.07111437026743946,False,OK,100
Licking Valley Rural E C C,KY,2024,industrial,11175.0,987000.0,0.08832214799999999,False,False,False,False,False,0.08832214765100671,False,OK,100
Louisville Gas & Electric Co,KY,2024,industrial,2379447.0,178818000.0,0.075151075,False,False,False,False,False,0.07515107501869132,False,OK,100
Madisonville Municipal Utils,KY,2024,industrial,64076.0,6570000.0,0.10253448999999999,False,False,False,False,False,0.10253449029277732,False,OK,100
Meade County Rural E C C,KY,2024,industrial,527878.0,21733200.0,0.041170877,False,False,False,False,True,0.041170876604063815,False,LOW_PRICE,85
Nolin Rural Electric Coop Corp,KY,2024,industrial,131740.0,8879000.0,0.067397905,False,False,False,False,False,0.06739790496432367,False,OK,100
Owen Electric Coop Inc,KY,2024,industrial,1835475.0,111628000.0,0.060816955000000006,False,False,False,False,False,0.060816954739236435,False,OK,100
Pennyrile Rural Electric Coop,KY,2024,industrial,368318.0,25287000.0,0.068655347,False,False,False,False,False,0.06865534673841626,False,OK,100
Salt River Electric Coop Corp,KY,2024,industrial,223716.0,18662100.0,0.083418709,False,False,False,False,False,0.08341870943517674,False,OK,100
"Shelby Energy Coop, Inc - (KY)",KY,2024,industrial,136815.0,11488000.0,0.08396740100000001,False,False,False,False,False,0.08396740123524467,False,OK,100
South Kentucky Rural E C C,KY,2024,industrial,359034.0,34780000.0,0.096871048,False,False,False,False,False,0.09687104842438321,False,OK,100
Taylor County Rural E C C,KY,2024,industrial,118953.0,6532000.0,0.054912444000000005,False,False,False,False,False,0.05491244441081772,False,OK,100
Tennessee Valley Authority,KY,2024,industrial,3937347.0,161223700.0,0.040947293,False,False,False,False,True,0.04094729268210295,False,LOW_PRICE,85
Tri-County Elec Member Corp (TN),KY,2024,industrial,65125.0,4673000.0,0.07175431900000001,False,False,False,False,False,0.07175431861804223,False,OK,100
Warren Rural Elec Coop Corp,KY,2024,industrial,918438.0,64725000.0,0.070472912,False,False,False,False,False,0.0704729116173329,False,OK,100
West Kentucky Rural E C C,KY,2024,industrial,248852.0,9810000.0,0.039421021,False,False,False,False,True,0.03942102132994712,False,LOW_PRICE,85
"Beauregard Electric Coop, Inc",LA,2024,industrial,704923.0,52235000.0,0.074100292,False,False,False,False,False,0.07410029180492053,False,OK,100
City of Alexandria - (LA),LA,2024,industrial,5167.0,479800.0,0.09285852500000001,False,False,False,False,False,0.09285852525643506,False,OK,100
City of Natchitoches,LA,2024,industrial,74927.0,3437100.0,0.045872649,False,False,False,False,True,0.045872649378728626,False,LOW_PRICE,85
City of Ruston - (LA),LA,2024,industrial,25146.0,1299000.0,0.051658315,False,False,False,False,False,0.051658315437842994,False,OK,100
"Claiborne Electric Coop, Inc",LA,2024,industrial,221528.0,24600200.0,0.11104781,False,False,False,False,False,0.11104781336896465,False,OK,100
Cleco Power LLC,LA,2024,industrial,2274844.0,177175000.0,0.077884462,False,False,False,False,False,0.07788446152791137,False,OK,100
"Concordia Electric Coop, Inc",LA,2024,industrial,9665.0,1710400.0,0.17696843999999998,False,False,False,False,False,0.17696844283497154,False,OK,100
Dixie Electric Membership Corp - (LA),LA,2024,industrial,282790.0,29496000.0,0.10430355000000001,False,False,False,False,False,0.10430354680151349,False,OK,100
Entergy Louisiana LLC,LA,2024,industrial,34520048.0,1781614900.0,0.051611019999999994,False,False,False,False,False,0.051611020355475754,False,OK,100
"Entergy New Orleans, LLC",LA,2024,industrial,395547.0,29612200.0,0.074863923,False,False,False,False,False,0.07486392261855102,False,OK,100
"Jefferson Davis Elec Coop, Inc",LA,2024,industrial,62890.0,6186000.0,0.09836222,False,False,False,False,False,0.09836221974876769,False,OK,100
Northeast Louisiana Power Coop Inc.,LA,2024,industrial,12710.0,2472000.0,0.19449253,False,False,False,False,False,0.194492525570417,False,OK,100
"Panola-Harrison Elec Coop, Inc",LA,2024,industrial,26588.0,2016500.0,0.075842485,False,False,False,False,False,0.0758424853317286,False,OK,100
Pointe Coupee Elec Member Corp,LA,2024,industrial,42368.0,4789000.0,0.11303342000000001,False,False,False,False,False,0.11303342145015106,False,OK,100
South Louisiana Elec Coop Assn,LA,2024,industrial,52306.0,6840000.0,0.13076894,False,False,False,False,False,0.13076893664206782,False,OK,100
Southwest Louisiana E M C,LA,2024,industrial,253487.0,24458600.0,0.096488577,False,False,False,False,False,0.09648857732349193,False,OK,100
Southwestern Electric Power Co,LA,2024,industrial,1161708.0,98847700.0,0.085088249,False,False,False,False,False,0.0850882493707541,False,OK,100
Vinton Public Power Authority,LA,2024,industrial,442573.0,24906000.0,0.056275462000000005,False,False,False,False,False,0.05627546190120048,False,OK,100
"Washington-St Tammany E C, Inc",LA,2024,industrial,1949.0,297900.0,0.15284761,False,False,False,False,False,0.15284761416110826,False,OK,100
City of Chicopee - (MA),MA,2024,industrial,121566.0,17334700.0,0.14259497,False,False,False,False,False,0.14259496898803942,False,OK,100
City of Holyoke - (MA),MA,2024,industrial,46317.0,5370000.0,0.11594015,False,False,False,False,False,0.11594015156422048,False,OK,100
City of Norwood - (MA),MA,2024,industrial,124942.0,19512300.0,0.15617086,False,False,False,False,False,0.15617086328056218,False,OK,100
City of Peabody - (MA),MA,2024,industrial,244352.0,39206700.0,0.16045173,False,False,False,False,False,0.16045172537978,False,OK,100
City of Taunton,MA,2024,industrial,192022.0,36670000.0,0.1909677,False,False,False,False,False,0.190967701617523,False,OK,100
City of Westfield - (MA),MA,2024,industrial,121574.0,21601000.0,0.17767779,False,False,False,False,False,0.17767779294915031,False,OK,100
Massachusetts Electric Co,MA,2024,industrial,86673.0,20703100.0,0.23886447,False,False,False,True,False,0.2388644675965987,False,HIGH_PRICE,90
NSTAR Electric Company,MA,2024,industrial,61989.0,15711000.0,0.25344819,False,False,False,True,False,0.253448192421236,False,HIGH_PRICE,90
Nantucket Electric Co,MA,2024,industrial,25.0,7600.0,0.304,False,False,False,True,False,0.304,False,HIGH_PRICE,90
Town of Braintree - (MA),MA,2024,industrial,18339.0,2774000.0,0.15126234,False,False,False,False,False,0.15126233709580675,False,OK,100
Town of Danvers,MA,2024,industrial,163111.0,21753700.0,0.13336746,False,False,False,False,False,0.13336746142197645,False,OK,100
Town of Hudson - (MA),MA,2024,industrial,68689.0,10337200.0,0.15049279999999998,False,False,False,False,False,0.150492800885149,False,OK,100
Town of Littleton - (MA),MA,2024,industrial,112087.0,15052100.0,0.13428943999999998,False,False,False,False,False,0.13428943588462533,False,OK,100
Town of Mansfield - (MA),MA,2024,industrial,118663.0,17313800.0,0.14590731999999998,False,False,False,False,False,0.14590731736092968,False,OK,100
Town of Middleborough - (MA),MA,2024,industrial,43896.0,5972500.0,0.13606023,False,False,False,False,False,0.13606023327865865,False,OK,100
Town of North Attleborough - (MA),MA,2024,industrial,65305.0,9793400.0,0.14996402,False,False,False,False,False,0.1499640150065079,False,OK,100
Town of Shrewsbury - (MA),MA,2024,industrial,96656.0,11705000.0,0.12109956999999999,False,False,False,False,False,0.12109956960768085,False,OK,100
Town of Wellesley - (MA),MA,2024,industrial,42493.0,6148400.0,0.14469207,False,False,False,False,False,0.1446920669286706,False,OK,100
Baltimore Gas & Electric Co,MD,2024,industrial,131159.0,19509200.0,0.14874465,False,False,False,False,False,0.14874465343590604,False,OK,100
"Choptank Electric Cooperative, Inc",MD,2024,industrial,122803.0,13602000.0,0.11076277,False,False,False,False,False,0.11076276638192878,False,OK,100
"Constellation Solar Holding, LLC",MD,2024,industrial,1651.0,256600.00000000003,0.15542096,False,False,False,False,False,0.15542095699576017,False,OK,100
Delmarva Power,MD,2024,industrial,6725.0,1309500.0,0.19472119,False,False,False,False,False,0.19472118959107806,False,OK,100
Hagerstown Light Department,MD,2024,industrial,67177.0,4575400.0,0.06810962100000001,False,False,False,False,False,0.06810962085237507,False,OK,100
Potomac Electric Power Co,MD,2024,industrial,267.0,60600.0,0.22696629000000001,False,False,False,True,False,0.22696629213483147,False,HIGH_PRICE,90
The Potomac Edison Company,MD,2024,industrial,70569.0,9150700.0,0.12967025,False,False,False,False,False,0.12967025181028496,False,OK,100
Central Maine Power Co,ME,2024,industrial,78155.0,15916000.0,0.2036466,False,False,False,True,False,0.203646599705713,False,HIGH_PRICE,90
Eastern Maine Electric Coop,ME,2024,industrial,13908.0,1841300.0,0.13239143,False,False,False,False,False,0.132391429393155,False,OK,100
Houlton Water Company,ME,2024,industrial,22583.0,2328300.0,0.10309968,False,False,False,False,False,0.10309967674799628,False,OK,100
Town of Madison - (ME),ME,2024,industrial,4514.0,557700.0,0.12354896,False,False,False,False,False,0.12354895879486043,False,OK,100
Versant Power,ME,2024,industrial,38146.0,6059400.0,0.15884759,False,False,False,False,False,0.1588475855921984,False,OK,100
Alger-Delta Coop Electric Assn,MI,2024,industrial,31953.0,4014900.0,0.12565017,False,False,False,False,False,0.12565017369261103,False,OK,100
Alpena Power Co,MI,2024,industrial,109161.0,7916100.0,0.072517657,False,False,False,False,False,0.07251765740511722,False,OK,100
Cherryland Electric Coop Inc,MI,2024,industrial,9458.0,1188900.0,0.12570311,False,False,False,False,False,0.12570310847959398,False,OK,100
City of Bay City - (MI),MI,2024,industrial,53589.0,6305800.0,0.11766966999999999,False,False,False,False,False,0.11766967101457389,False,OK,100
City of Grand Haven - (MI),MI,2024,industrial,98639.0,11486400.0,0.11644887000000001,False,False,False,False,False,0.11644886910856761,False,OK,100
City of Holland,MI,2024,industrial,626843.0,47715000.0,0.076119539,False,False,False,False,False,0.07611953870426885,False,OK,100
City of Lansing - (MI),MI,2024,industrial,502945.0,67691000.0,0.13458926999999998,False,False,False,False,False,0.13458926920438616,False,OK,100
City of Sturgis - (MI),MI,2024,industrial,119701.0,12594800.0,0.10521884,False,False,False,False,False,0.10521883693536395,False,OK,100
City of Traverse City - (MI),MI,2024,industrial,131746.0,10541000.0,0.080010019,False,False,False,False,False,0.08001001927952271,False,OK,100
City of Zeeland - (MI),MI,2024,industrial,337768.0,26869500.0,0.079550165,False,False,False,False,False,0.07955016461002819,False,OK,100
Cloverland Electric Co-op,MI,2024,industrial,155658.0,13725300.0,0.088176001,False,False,False,False,False,0.08817600123347338,False,OK,100
Coldwater Board of Public Util,MI,2024,industrial,389221.0,35346400.0,0.090813188,False,False,False,False,False,0.09081318839425416,False,OK,100
Consumers Energy Co - (MI),MI,2024,industrial,8543269.0,718552900.0,0.084107489,False,False,False,False,False,0.08410748859716345,False,OK,100
DTE Electric Company,MI,2024,industrial,8554762.0,714756900.0,0.083550764,False,False,False,False,False,0.08355076389033383,False,OK,100
Great Lakes Energy Coop,MI,2024,industrial,528391.0,50799400.0,0.09613979,False,False,False,False,False,0.09613979042035159,False,OK,100
Indiana Michigan Power Co,MI,2024,industrial,537045.0,62424000.0,0.11623607,False,False,False,False,False,0.11623606960310588,False,OK,100
Northern States Power Co,MI,2024,industrial,30745.0,2267000.0,0.073735567,False,False,False,False,False,0.07373556675882258,False,OK,100
Presque Isle Elec & Gas Coop,MI,2024,industrial,32156.0,3995000.0,0.12423809000000001,False,False,False,False,False,0.12423808931459136,False,OK,100
Tri-County Electric Coop (MI),MI,2024,industrial,97385.0,10200700.0,0.10474610999999999,False,False,False,False,False,0.10474611079735072,False,OK,100
Upper Michigan Energy Resources Corp.,MI,2024,industrial,1454941.0,87396400.0,0.06006869,False,False,False,False,False,0.06006869007059393,False,OK,100
Upper Peninsula Power Company,MI,2024,industrial,277964.0,25166000.0,0.090536904,False,False,False,False,False,0.0905369040595185,False,OK,100
Wyandotte Municipal Serv Comm,MI,2024,industrial,122927.0,10296300.0,0.083759467,False,False,False,False,False,0.08375946700074027,False,OK,100
"ALLETE, Inc.",MN,2024,industrial,6203291.0,555452300.0,0.089541551,False,False,False,False,False,0.08954155141198437,False,OK,100
Agralite Electric Coop,MN,2024,industrial,105823.0,9562000.0,0.090358429,False,False,False,False,False,0.09035842869697513,False,OK,100
BENCO Electric Cooperative,MN,2024,industrial,79159.0,7500000.0,0.094746018,False,False,False,False,False,0.09474601750906403,False,OK,100
"Beltrami Electric Coop, Inc",MN,2024,industrial,70.0,19000.0,0.27142857,False,False,False,True,False,0.2714285714285714,False,HIGH_PRICE,90
City of Alexandria - (MN),MN,2024,industrial,168628.0,15171000.0,0.08996726499999999,False,False,False,False,False,0.08996726522285742,False,OK,100
City of Anoka,MN,2024,industrial,101516.0,12314000.0,0.12130108,False,False,False,False,False,0.12130107569250168,False,OK,100
City of Austin - (MN),MN,2024,industrial,123984.0,11605000.0,0.093600787,False,False,False,False,False,0.09360078719834818,False,OK,100
City of Chaska - (MN),MN,2024,industrial,124897.0,16147900.0,0.12928973,False,False,False,False,False,0.12928973474142694,False,OK,100
City of Elk River,MN,2024,industrial,184109.0,21712000.0,0.11793013999999999,False,False,False,False,False,0.11793013921101086,False,OK,100
City of Marshall - (MN),MN,2024,industrial,376076.0,23237700.0,0.061789904,False,False,False,False,False,0.0617899041683064,False,OK,100
City of Moorhead - (MN),MN,2024,industrial,199268.0,17386800.0,0.087253347,False,False,False,False,False,0.08725334725093843,False,OK,100
City of Owatonna - (MN),MN,2024,industrial,236195.0,24581000.0,0.10407079,False,False,False,False,False,0.10407078896674359,False,OK,100
City of Worthington - (MN),MN,2024,industrial,110098.0,8579600.0,0.077926938,False,False,False,False,False,0.07792693781903395,False,OK,100
Connexus Energy,MN,2024,industrial,183925.0,14463100.0,0.078635857,False,False,False,False,False,0.07863585700693217,False,OK,100
Crow Wing Cooperative Power & Light Comp,MN,2024,industrial,108624.0,10786200.0,0.099298498,False,False,False,False,False,0.09929849756959788,False,OK,100
Dakota Electric Association,MN,2024,industrial,5853.0,911000.0,0.15564667999999998,False,False,False,False,False,0.15564667691781991,False,OK,100
East Central Energy,MN,2024,industrial,111872.0,9302500.0,0.083153068,False,False,False,False,False,0.08315306779176201,False,OK,100
Federated Rural Electric Assn,MN,2024,industrial,274396.0,20625000.0,0.07516509,False,False,False,False,False,0.07516508987011472,False,OK,100
Freeborn Mower Electric Cooperative,MN,2024,industrial,161038.0,14015000.0,0.087029148,False,False,False,False,False,0.08702914839975658,False,OK,100
Glencoe Light & Power Comm,MN,2024,industrial,27476.0,2791200.0,0.10158684,False,False,False,False,False,0.10158683942349687,False,OK,100
Hutchinson Utilities Comm,MN,2024,industrial,109141.0,8644000.0,0.079200301,False,False,False,False,False,0.07920030052867391,False,OK,100
Itasca-Mantrap Co-op Electrical Assn,MN,2024,industrial,141366.0,12879200.0,0.091105358,False,False,False,False,False,0.0911053577239223,False,OK,100
Lake Country Power,MN,2024,industrial,105722.0,8417600.0,0.079620136,False,False,False,False,False,0.07962013582792607,False,OK,100
Lake Region Electric Cooperative - (MN),MN,2024,industrial,13372.0,1912700.0,0.14303769,False,False,False,False,False,0.14303769069697878,False,OK,100
Meeker Coop Light & Power Assn,MN,2024,industrial,32052.0,2643300.0,0.08246911300000001,False,False,False,False,False,0.0824691126918757,False,OK,100
MiEnergy Cooperative,MN,2024,industrial,69687.0,5430200.0,0.077922712,False,False,False,False,False,0.07792271155308737,False,OK,100
Mille Lacs Energy Cooperative,MN,2024,industrial,33606.0,4019000.0,0.11959174,False,False,False,False,False,0.11959173957031483,False,OK,100
Minnesota Valley Coop L&P Assn,MN,2024,industrial,79080.0,6461800.0,0.08171219,False,False,False,False,False,0.08171219018715226,False,OK,100
Northern States Power Co - Minnesota,MN,2024,industrial,6838715.0,666241200.0,0.097421986,False,False,False,False,False,0.09742198644043508,False,OK,100
Otter Tail Power Co,MN,2024,industrial,1209723.0,65278500.0,0.053961527,False,False,False,False,False,0.053961526729672825,False,OK,100
People's Cooperative Services,MN,2024,industrial,52974.0,5700600.0,0.10761127999999999,False,False,False,False,False,0.10761128100577642,False,OK,100
Rochester Public Utilities,MN,2024,industrial,90802.0,11687200.0,0.12871082,False,False,False,False,False,0.1287108213475474,False,OK,100
Runestone Electric Assn,MN,2024,industrial,14291.0,1558000.0,0.10901966,False,False,False,False,False,0.10901966272479183,False,OK,100
Shakopee Public Utilities Comm,MN,2024,industrial,273774.0,34037000.0,0.12432517000000001,False,False,False,False,False,0.12432517331813832,False,OK,100
Sioux Valley SW Elec Coop,MN,2024,industrial,48973.0,4778800.0,0.09758029900000001,False,False,False,False,False,0.09758029934862067,False,OK,100
South Central Electric Assn,MN,2024,industrial,100573.0,6626000.0,0.065882493,False,False,False,False,False,0.06588249331331471,False,OK,100
Stearns Cooperative Elec Assn,MN,2024,industrial,50919.0,4983900.0,0.097878984,False,False,False,False,False,0.09787898426913333,False,OK,100
Steele-Waseca Cooperative Electric,MN,2024,industrial,160761.0,15331900.0,0.095370768,False,False,False,False,False,0.09537076778571918,False,OK,100
"Wild Rice Electric Coop, Inc",MN,2024,industrial,10833.0,987700.0,0.091175113,False,False,False,False,False,0.09117511308040248,False,OK,100
Willmar Municipal Utilities,MN,2024,industrial,94111.0,8620000.0,0.09159396900000001,False,False,False,False,False,0.0915939688240482,False,OK,100
Wright-Hennepin Coop Elec Assn,MN,2024,industrial,47318.0,4828100.0,0.10203517,False,False,False,False,False,0.10203516632148442,False,OK,100
Black River Electric Coop - (MO),MO,2024,industrial,20851.0,1504000.0,0.072130833,False,False,False,False,False,0.07213083305357057,False,OK,100
Boone Electric Coop,MO,2024,industrial,42439.0,4296000.0,0.10122764000000001,False,False,False,False,False,0.10122764438370367,False,OK,100
Central Missouri Elec Coop Inc,MO,2024,industrial,113698.0,8177700.0,0.071924748,False,False,False,False,False,0.07192474801667575,False,OK,100
Citizens Electric Corporation - (MO),MO,2024,industrial,1286811.0,80790300.0,0.062783346,False,False,False,False,False,0.06278334580602746,False,OK,100
City Utilities of Springfield - (MO),MO,2024,industrial,447202.0,35592800.0,0.079589984,False,False,False,False,False,0.07958998394461564,False,OK,100
City of Carthage - (MO),MO,2024,industrial,139595.0,13494000.0,0.096665353,False,False,False,False,False,0.09666535334360113,False,OK,100
City of Columbia - (MO),MO,2024,industrial,270015.0,26415000.0,0.097827898,False,False,False,False,False,0.0978278984500861,False,OK,100
City of Farmington - (MO),MO,2024,industrial,79100.0,6399800.0,0.080907712,False,False,False,False,False,0.08090771175726928,False,OK,100
City of Hannibal - (MO),MO,2024,industrial,118666.0,10804000.0,0.091045455,False,False,False,False,False,0.09104545531154669,False,OK,100
City of Independence - (MO),MO,2024,industrial,59664.0,6366000.0,0.10669751,False,False,False,False,False,0.10669750603378922,False,OK,100
City of Kirkwood - (MO),MO,2024,industrial,5835.0,956000.0,0.1638389,False,False,False,False,False,0.16383890317052272,False,OK,100
City of Lebanon - (MO),MO,2024,industrial,85081.0,7937000.0,0.093287573,False,False,False,False,False,0.09328757301865281,False,OK,100
City of Monett - (MO),MO,2024,industrial,118112.0,12858400.0,0.10886616,False,False,False,False,False,0.10886616093199675,False,OK,100
City of Poplar Bluff - (MO),MO,2024,industrial,56466.0,3971000.0,0.07032550600000001,False,False,False,False,False,0.07032550561399781,False,OK,100
City of Rolla - (MO),MO,2024,industrial,145779.0,11779000.0,0.08080039,False,False,False,False,False,0.08080038963087961,False,OK,100
City of Sikeston - (MO),MO,2024,industrial,114137.0,7237000.0,0.06340625700000001,False,False,False,False,False,0.0634062573924319,False,OK,100
Co-Mo Electric Coop Inc,MO,2024,industrial,11275.0,1009000.0,0.089490022,False,False,False,False,False,0.089490022172949,False,OK,100
Consolidated Electric Coop,MO,2024,industrial,84733.0,8496000.0,0.10026790000000001,False,False,False,False,False,0.10026790034579208,False,OK,100
"Crawford Electric Coop, Inc",MO,2024,industrial,3301.0,245400.0,0.074341109,False,False,False,False,False,0.07434110875492275,False,OK,100
Cuivre River Electric Coop Inc,MO,2024,industrial,236182.0,19109900.0,0.08091175399999999,False,False,False,False,False,0.08091175449441533,False,OK,100
Empire District Electric Co,MO,2024,industrial,949398.0,91307500.0,0.096174102,False,False,False,False,False,0.09617410190457532,False,OK,100
Evergy Metro,MO,2024,industrial,1467831.0,108174400.0,0.073696768,False,False,False,False,False,0.07369676754340247,False,OK,100
Evergy Missouri West,MO,2024,industrial,1390662.0,95662900.0,0.06878946899999999,False,False,False,False,False,0.06878946861279017,False,OK,100
"Farmers Electric Coop, Inc - (MO)",MO,2024,industrial,76136.0,5379700.0,0.070659084,False,False,False,False,False,0.07065908374487759,False,OK,100
Gascosage Electric Coop,MO,2024,industrial,39743.0,3214000.0,0.080869587,False,False,False,False,False,0.08086958709709886,False,OK,100
"Howell-Oregon Elec Coop, Inc",MO,2024,industrial,46483.0,4415200.0,0.094985263,False,False,False,False,False,0.09498526342964095,False,OK,100
Intercounty Electric Coop Assn - (MO),MO,2024,industrial,45130.0,3100000.0,0.06869045,False,False,False,False,False,0.06869044981165522,False,OK,100
"Laclede Electric Coop, Inc",MO,2024,industrial,22638.0,2307000.0,0.10190830000000001,False,False,False,False,False,0.1019082957858468,False,OK,100
Macon Electric Coop,MO,2024,industrial,84431.0,6047800.0,0.071630088,False,False,False,False,False,0.0716300884746124,False,OK,100
Missouri Rural Electric Coop,MO,2024,industrial,127614.0,8584000.0,0.067265347,False,False,False,False,False,0.06726534706223455,False,OK,100
"New-Mac Electric Coop, Inc",MO,2024,industrial,49514.0,3475000.0,0.070182171,False,False,False,False,False,0.07018217069919619,False,OK,100
Ozark Border Electric Coop,MO,2024,industrial,25177.0,2240000.0,0.088970092,False,False,False,False,False,0.08897009175040711,False,OK,100
Ozark Electric Coop Inc - (MO),MO,2024,industrial,11147.0,948100.0,0.085054275,False,False,False,False,False,0.08505427469274245,False,OK,100
"Platte-Clay Electric Coop, Inc",MO,2024,industrial,44888.0,6016500.0,0.13403359,False,False,False,False,False,0.13403359472464801,False,OK,100
SEMO Electric Cooperative,MO,2024,industrial,91488.0,6726900.0,0.073527676,False,False,False,False,False,0.07352767576075551,False,OK,100
Three Rivers Electric Coop,MO,2024,industrial,26377.0,2560500.0,0.097073208,False,False,False,False,False,0.09707320771884596,False,OK,100
Union Electric Co - (MO),MO,2024,industrial,4094258.0,311205800.0,0.076010305,False,False,False,False,False,0.07601030516396377,False,OK,100
White River Valley El Coop Inc,MO,2024,industrial,56878.0,5391000.0,0.094781814,False,False,False,False,False,0.09478181370652977,False,OK,100
4-County Electric Power Assn,MS,2024,industrial,192010.0,13497000.0,0.07029321399999999,False,False,False,False,False,0.07029321389510963,False,OK,100
Alcorn County Elec Power Assn,MS,2024,industrial,259874.0,15258000.0,0.05871306900000001,False,False,False,False,False,0.058713068640956774,False,OK,100
Central Electric Power Assn - (MS),MS,2024,industrial,191348.0,13292000.0,0.069465058,False,False,False,False,False,0.06946505842757698,False,OK,100
City of Aberdeen - (MS),MS,2024,industrial,127260.0,7185000.0,0.056459217,False,False,False,False,False,0.056459217350306456,False,OK,100
City of Amory,MS,2024,industrial,35349.0,3039000.0,0.08597131499999999,False,False,False,False,False,0.085971314605788,False,OK,100
City of Columbus - (MS),MS,2024,industrial,37207.0,2236000.0,0.060096218,False,False,False,False,False,0.060096218453516814,False,OK,100
City of Holly Springs,MS,2024,industrial,5463.0,564000.0,0.10323998,False,False,False,False,False,0.10323997803404723,False,OK,100
City of Macon - (MS),MS,2024,industrial,1214.0,257000.0,0.21169687,False,False,False,True,False,0.2116968698517298,False,HIGH_PRICE,90
City of New Albany - (MS),MS,2024,industrial,101378.0,6433000.0,0.063455582,False,False,False,False,False,0.06345558207895204,False,OK,100
City of Philadelphia - (MS),MS,2024,industrial,5372.0,548000.0,0.10201041999999999,False,False,False,False,False,0.10201042442293373,False,OK,100
City of Starkville,MS,2024,industrial,25901.0,1891000.0,0.073008764,False,False,False,False,False,0.07300876414038068,False,OK,100
City of Tupelo - (MS),MS,2024,industrial,126285.0,7522000.0,0.059563685,False,False,False,False,False,0.059563685314962186,False,OK,100
City of Water Valley - (MS),MS,2024,industrial,28137.0,1844000.0,0.065536482,False,False,False,False,False,0.06553648221203398,False,OK,100
City of West Point - (MS),MS,2024,industrial,39697.0,3006000.0,0.075723606,False,False,False,False,False,0.07572360631785777,False,OK,100
Coast Electric Power Assn - (MS),MS,2024,industrial,239498.0,16642000.0,0.06948701,False,False,False,False,False,0.06948701032994012,False,OK,100
Delta Electric Power Assn,MS,2024,industrial,261741.0,36156700.0,0.13813923,False,False,False,False,False,0.13813922923806357,False,OK,100
Dixie Electric Power Assn - (MS),MS,2024,industrial,91800.0,8661600.0,0.094352941,False,False,False,False,False,0.09435294117647058,False,OK,100
Entergy Mississippi LLC,MS,2024,industrial,2357445.0,195193900.0,0.08279892,False,False,False,False,False,0.08279892001722204,False,OK,100
Greenwood Utilities Comm,MS,2024,industrial,35885.0,3027900.0,0.08437787399999999,False,False,False,False,False,0.0843778737634109,False,OK,100
Louisville Electric System,MS,2024,industrial,46851.0,3189000.0,0.06806685,False,False,False,False,False,0.06806685022731639,False,OK,100
Magnolia Electric Power Assn,MS,2024,industrial,133423.0,11344000.0,0.085022822,False,False,False,False,False,0.08502282215210272,False,OK,100
Mississippi Power Co,MS,2024,industrial,4735309.0,334964000.0,0.070737517,False,False,False,False,False,0.0707375168125248,False,OK,100
Natchez Trace Elec Power Assn,MS,2024,industrial,22187.0,2440000.0,0.10997431,False,False,False,False,False,0.10997430928020913,False,OK,100
North East Mississippi EPA,MS,2024,industrial,59614.0,4679000.0,0.078488275,False,False,False,False,False,0.07848827456637703,False,OK,100
Northcentral Mississippi E P A,MS,2024,industrial,208810.0,14560000.0,0.069728461,False,False,False,False,False,0.06972846128059002,False,OK,100
Pearl River Valley El Pwr Assn,MS,2024,industrial,123663.0,12376100.0,0.10007925000000001,False,False,False,False,False,0.10007924763267914,False,OK,100
Pontotoc Electric Power Assn,MS,2024,industrial,52042.0,3909000.0,0.07511240899999999,False,False,False,False,False,0.07511240920794743,False,OK,100
Prentiss County Elec Pwr Assn,MS,2024,industrial,70502.0,6198000.0,0.0879124,False,False,False,False,False,0.08791239964823692,False,OK,100
Singing River Elec Cooperative,MS,2024,industrial,78433.0,7570800.0,0.09652569700000001,False,False,False,False,False,0.09652569709178535,False,OK,100
Southern Pine Electric Cooperative,MS,2024,industrial,639465.0,59628600.0,0.093247637,False,False,False,False,False,0.09324763669630082,False,OK,100
Southwest Mississippi E P A,MS,2024,industrial,110243.0,10637000.0,0.096486852,False,False,False,False,False,0.09648685177290169,False,OK,100
Tallahatchie Valley E P A,MS,2024,industrial,59845.0,5328000.0,0.089029994,False,False,False,False,False,0.0890299941515582,False,OK,100
Tennessee Valley Authority,MS,2024,industrial,4390621.0,192528300.0,0.043849901999999996,False,False,False,False,True,0.043849901870373235,False,LOW_PRICE,85
Tippah Electric Power Assn,MS,2024,industrial,79355.0,7176000.0,0.09042908399999999,False,False,False,False,False,0.0904290844937307,False,OK,100
Tishomingo County E P A,MS,2024,industrial,193632.0,10039000.0,0.051845769,False,False,False,False,False,0.05184576929433152,False,OK,100
Tombigbee Electric Power Assn,MS,2024,industrial,212246.0,16673000.0,0.078555073,False,False,False,False,False,0.07855507288712155,False,OK,100
Yazoo Valley Elec Power Assn,MS,2024,industrial,403996.0,27942400.0,0.069165041,False,False,False,False,False,0.06916504123803206,False,OK,100
"Black Hills Power, Inc.",MT,2024,industrial,159470.0,10185900.0,0.063873456,False,False,False,False,False,0.06387345582241175,False,OK,100
"Fergus Electric Coop, Inc",MT,2024,industrial,4227.0,616000.0,0.14572983,False,False,False,False,False,0.14572983203217413,False,OK,100
Flathead Electric Coop Inc,MT,2024,industrial,219676.0,13173800.0,0.059969227,False,False,False,False,False,0.0599692274076367,False,OK,100
"Lower Yellowstone R E A, Inc",MT,2024,industrial,232506.0,23751200.0,0.10215306,False,False,False,False,False,0.10215306271666108,False,OK,100
McKenzie Electric Coop Inc,MT,2024,industrial,150.0,37200.0,0.248,False,False,False,True,False,0.248,False,HIGH_PRICE,90
"Missoula Electric Coop, Inc",MT,2024,industrial,15268.0,1361200.0,0.089153786,False,False,False,False,False,0.08915378569557243,False,OK,100
Montana-Dakota Utilities Co,MT,2024,industrial,262981.0,21765000.0,0.082762633,False,False,False,False,False,0.08276263304193078,False,OK,100
NorthWestern Energy LLC - (MT),MT,2024,industrial,418827.0,45087000.0,0.10765065,False,False,False,False,False,0.10765065289487068,False,OK,100
"Northern Lights, Inc",MT,2024,industrial,5016.0,435000.0,0.086722488,False,False,False,False,False,0.0867224880382775,False,OK,100
Powder River Energy Corp,MT,2024,industrial,71449.0,4920300.0,0.06886450499999999,False,False,False,False,False,0.06886450475164103,False,OK,100
USBIA-Mission Valley Power,MT,2024,industrial,15065.0,1073000.0,0.07122469299999999,False,False,False,False,False,0.07122469299701295,False,OK,100
WAPA-- Western Area Power Administration,MT,2024,industrial,32930.0,186200.0,0.005654418,False,False,False,False,True,0.005654418463407227,False,LOW_PRICE,85
Yellowstone Valley Elec Co-op,MT,2024,industrial,9497.0,1170000.0,0.1231968,False,False,False,False,False,0.12319679898915446,False,OK,100
Albemarle Electric Member Corp,NC,2024,industrial,6942.0,623000.0,0.08974359,False,False,False,False,False,0.08974358974358974,False,OK,100
Blue Ridge Elec Member Corp - (NC),NC,2024,industrial,101301.0,7516000.0,0.074194727,False,False,False,False,False,0.07419472660684495,False,OK,100
Blue Ridge Mountain EMC - (GA),NC,2024,industrial,25511.0,1339000.0,0.052487162,False,False,False,False,False,0.052487162400533104,False,OK,100
Central Electric Membership Corp. - (NC),NC,2024,industrial,46520.0,3639400.0,0.078233018,False,False,False,False,False,0.07823301805674979,False,OK,100
City of Albemarle - (NC),NC,2024,industrial,26186.0,2043800.0,0.078049339,False,False,False,False,False,0.07804933934163294,False,OK,100
City of Concord - (NC),NC,2024,industrial,154868.0,13493900.0,0.08713162199999999,False,False,False,False,False,0.08713162176821551,False,OK,100
City of Gastonia - (NC),NC,2024,industrial,110891.0,8275600.0,0.074628239,False,False,False,False,False,0.07462823854054883,False,OK,100
City of Kinston - (NC),NC,2024,industrial,166762.0,13801900.0,0.082764059,False,False,False,False,False,0.08276405895827586,False,OK,100
City of Lexington - (NC),NC,2024,industrial,24503.0,2397700.0,0.09785332399999999,False,False,False,False,False,0.09785332408276537,False,OK,100
City of Lumberton - (NC),NC,2024,industrial,22994.0,2334000.0,0.10150474000000001,False,False,False,False,False,0.10150474036705227,False,OK,100
City of Monroe - (NC),NC,2024,industrial,433741.0,28627000.0,0.066000217,False,False,False,False,False,0.06600021671919418,False,OK,100
City of Morganton - (NC),NC,2024,industrial,117702.0,8391000.0,0.071290207,False,False,False,False,False,0.07129020747311006,False,OK,100
City of New Bern - (NC),NC,2024,industrial,17226.0,1365700.0,0.079281319,False,False,False,False,False,0.07928131893649135,False,OK,100
City of Rocky Mount - (NC),NC,2024,industrial,144105.0,11255000.0,0.078102772,False,False,False,False,False,0.0781027722840984,False,OK,100
City of Statesville - (NC),NC,2024,industrial,123599.0,10782000.0,0.087233715,False,False,False,False,False,0.08723371548313498,False,OK,100
City of Washington - (NC),NC,2024,industrial,20440.0,2203800.0,0.10781800000000001,False,False,False,False,False,0.10781800391389433,False,OK,100
City of Wilson - (NC),NC,2024,industrial,390176.0,32470000.0,0.08321885500000001,False,False,False,False,False,0.08321885508078405,False,OK,100
"Duke Energy Carolinas, LLC",NC,2024,industrial,11510418.0,897842900.0,0.078002632,False,False,False,False,False,0.07800263205037385,False,OK,100
Duke Energy Progress - (NC),NC,2024,industrial,7420795.0,584029400.0,0.078701729,False,False,False,False,False,0.07870172939691772,False,OK,100
Edgecombe-Martin County E M C,NC,2024,industrial,19724.0,1620600.0,0.08216386099999999,False,False,False,False,False,0.08216386128574325,False,OK,100
EnergyUnited Elec Member Corp,NC,2024,industrial,415022.0,24199000.0,0.058307752,False,False,False,False,False,0.05830775236011585,False,OK,100
Fayetteville Public Works Commission,NC,2024,industrial,364666.0,25043000.0,0.0686738,False,False,False,False,False,0.06867380013491799,False,OK,100
Four County Elec Member Corp,NC,2024,industrial,280756.0,18902100.0,0.06732572099999999,False,False,False,False,False,0.06732572055450284,False,OK,100
French Broad Elec Member Corp,NC,2024,industrial,84738.0,7050500.0,0.08320352099999999,False,False,False,False,False,0.08320352144256414,False,OK,100
Greenville Utilities Comm,NC,2024,industrial,371973.0,25038800.0,0.067313488,False,False,False,False,False,0.06731348780691071,False,OK,100
Haywood Electric Member Corp,NC,2024,industrial,6396.0,757000.0,0.11835522,False,False,False,False,False,0.1183552220137586,False,OK,100
Jones-Onslow Elec Member Corp,NC,2024,industrial,35040.0,3000500.0,0.085630708,False,False,False,False,False,0.08563070776255707,False,OK,100
Lumbee River Elec Member Corp,NC,2024,industrial,148381.0,12715600.0,0.08569560799999999,False,False,False,False,False,0.08569560792823878,False,OK,100
Pee Dee Electric Member Corp,NC,2024,industrial,12731.0,1205300.0,0.094674417,False,False,False,False,False,0.0946744167779436,False,OK,100
Piedmont Electric Member Corp,NC,2024,industrial,23916.0,2224400.0,0.093008864,False,False,False,False,False,0.09300886435858839,False,OK,100
Randolph Electric Member Corp,NC,2024,industrial,18392.0,1757300.0,0.095546977,False,False,False,False,False,0.09554697694649848,False,OK,100
Roanoke Electric Member Corp,NC,2024,industrial,33080.0,3648000.0,0.11027811,False,False,False,False,False,0.11027811366384523,False,OK,100
Rutherford Elec Member Corp,NC,2024,industrial,206080.0,16403000.0,0.079595303,False,False,False,False,False,0.07959530279503106,False,OK,100
South River Elec Member Corp,NC,2024,industrial,10794.0,831000.0,0.076987215,False,False,False,False,False,0.07698721511951084,False,OK,100
Surry-Yadkin Elec Member Corp,NC,2024,industrial,2697.0,380600.0,0.14111976,False,False,False,False,False,0.14111976269929552,False,OK,100
Tideland Electric Member Corp,NC,2024,industrial,21145.0,1891000.0,0.089430125,False,False,False,False,False,0.08943012532513596,False,OK,100
Town of High Point,NC,2024,industrial,149600.0,14035700.0,0.093821524,False,False,False,False,False,0.09382152406417112,False,OK,100
Town of Huntersville - (NC),NC,2024,industrial,134646.0,9078500.0,0.067424951,False,False,False,False,False,0.06742495135392065,False,OK,100
Town of Murphy - (NC),NC,2024,industrial,265579.0,13294000.0,0.050056669,False,False,False,False,False,0.050056668637203997,False,OK,100
Town of Tarboro - (NC),NC,2024,industrial,86278.0,7748000.0,0.089802731,False,False,False,False,False,0.08980273070771227,False,OK,100
Tri-County Elec Member Corp (NC),NC,2024,industrial,91015.0,7452200.0,0.081878811,False,False,False,False,False,0.08187881118496951,False,OK,100
Union Electric Membership Corp - (NC),NC,2024,industrial,168566.0,9287000.0,0.055094146999999996,False,False,False,False,False,0.05509414709965236,False,OK,100
Virginia Electric & Power Co,NC,2024,industrial,1426457.0,116003100.0,0.08132253499999999,False,False,False,False,False,0.08132253548477102,False,OK,100
Wake Electric Membership Corp,NC,2024,industrial,49165.0,2326100.0,0.047312111999999996,False,False,False,False,True,0.04731211227499237,False,LOW_PRICE,85
Basin Electric Power Coop,ND,2024,industrial,1170657.0,56625200.0,0.048370445000000005,False,False,False,False,True,0.048370444972353134,False,LOW_PRICE,85
Burke-Divide Electric Coop Inc,ND,2024,industrial,159041.0,19542000.0,0.12287398,False,False,False,False,False,0.12287397589300872,False,OK,100
"Capital Electric Coop, Inc",ND,2024,industrial,1096.0,139800.0,0.12755474,False,False,False,False,False,0.12755474452554744,False,OK,100
Cass County Elec Coop Inc,ND,2024,industrial,264216.0,27523000.0,0.10416856,False,False,False,False,False,0.10416855905774064,False,OK,100
Dakota Valley Elec Coop Inc,ND,2024,industrial,546465.0,42500500.0,0.07777350799999999,False,False,False,False,False,0.07777350790993019,False,OK,100
"Lower Yellowstone R E A, Inc",ND,2024,industrial,138625.0,13464800.0,0.09713110900000001,False,False,False,False,False,0.09713110910730388,False,OK,100
McKenzie Electric Coop Inc,ND,2024,industrial,4389359.0,282799400.0,0.064428405,False,False,False,False,False,0.064428405149818,False,OK,100
"McLean Electric Coop, Inc",ND,2024,industrial,91186.0,6834000.0,0.074945715,False,False,False,False,False,0.07494571535104073,False,OK,100
Montana-Dakota Utilities Co,ND,2024,industrial,259531.0,19849000.0,0.07648026599999999,False,False,False,False,False,0.076480266326566,False,OK,100
Mountrail-Williams Elec Coop,ND,2024,industrial,4471060.0,346441400.0,0.077485294,False,False,False,False,False,0.07748529431499465,False,OK,100
Nodak Electric Coop Inc,ND,2024,industrial,813668.0,64254000.0,0.07896832599999999,False,False,False,False,False,0.07896832614776543,False,OK,100
"North Central Elec Coop, Inc - (ND)",ND,2024,industrial,14595.0,1142300.0,0.07826653,False,False,False,False,False,0.07826652963343611,False,OK,100
Northern Plains Electric Coop,ND,2024,industrial,137098.0,11527000.0,0.08407854199999999,False,False,False,False,False,0.08407854235656245,False,OK,100
Northern States Power Co - Minnesota,ND,2024,industrial,387480.0,32920900.0,0.084961546,False,False,False,False,False,0.08496154640239496,False,OK,100
Otter Tail Power Co,ND,2024,industrial,13841.0,1017500.0,0.073513474,False,False,False,False,False,0.07351347445993786,False,OK,100
Roughrider Electric Cooperativ,ND,2024,industrial,271288.0,23006000.0,0.08480286599999999,False,False,False,False,False,0.0848028663265607,False,OK,100
Slope Electric Coop Inc,ND,2024,industrial,141610.0,10621000.0,0.075001765,False,False,False,False,False,0.07500176541204717,False,OK,100
Verendrye Electric Coop Inc,ND,2024,industrial,215519.0,15000600.0,0.069602216,False,False,False,False,False,0.06960221604591707,False,OK,100
WAPA-- Western Area Power Administration,ND,2024,industrial,5710.0,64700.0,0.011330998000000002,False,False,False,False,True,0.011330998248686514,False,LOW_PRICE,85
Butler Public Power District - (NE),NE,2024,industrial,107000.0,9492000.0,0.08871028,False,False,False,False,False,0.08871028037383177,False,OK,100
Cedar-Knox Public Power Dist,NE,2024,industrial,41841.0,5323500.0,0.12723166,False,False,False,False,False,0.12723166272316627,False,OK,100
City of Fremont - (NE),NE,2024,industrial,306725.0,27659500.0,0.09017686899999999,False,False,False,False,False,0.09017686853044257,False,OK,100
City of Grand Island - (NE),NE,2024,industrial,290405.0,24301000.0,0.08367968899999999,False,False,False,False,False,0.08367968871059382,False,OK,100
City of Hastings - (NE),NE,2024,industrial,198798.0,14563000.0,0.073255264,False,False,False,False,False,0.07325526413746618,False,OK,100
City of Lexington - (NE),NE,2024,industrial,138556.0,9388100.0,0.06775671899999999,False,False,False,False,False,0.06775671930482982,False,OK,100
City of North Platte,NE,2024,industrial,34849.0,2112000.0,0.060604322,False,False,False,False,False,0.06060432150133433,False,OK,100
Cornhusker Public Power Dist,NE,2024,industrial,195427.0,17012600.0,0.087053478,False,False,False,False,False,0.08705347776919259,False,OK,100
Custer Public Power District,NE,2024,industrial,107359.0,13963900.0,0.13006734,False,False,False,False,False,0.13006734414441268,False,OK,100
Dawson Power District,NE,2024,industrial,234786.0,29430000.0,0.12534819,False,False,False,False,False,0.12534818941504178,False,OK,100
Elkhorn Rural Public Pwr Dist,NE,2024,industrial,199904.0,18713000.0,0.093609933,False,False,False,False,False,0.09360993276772851,False,OK,100
"High West Energy, Inc",NE,2024,industrial,91909.0,10736600.0,0.11681772,False,False,False,False,False,0.11681772187707407,False,OK,100
Highline Electric Assn,NE,2024,industrial,61317.0,8391100.0,0.13684786000000002,False,False,False,False,False,0.13684785622258103,False,OK,100
Lincoln Electric System,NE,2024,industrial,469694.0,33439000.0,0.07119316,False,False,False,False,False,0.07119315980191358,False,OK,100
Loup River Public Power Dist,NE,2024,industrial,633215.0,41211100.0,0.065082318,False,False,False,False,False,0.06508231801204963,False,OK,100
Midwest Electric Member Corp - (NE),NE,2024,industrial,170878.0,23044200.0,0.13485761999999998,False,False,False,False,False,0.13485761771556315,False,OK,100
Nebraska Public Power District,NE,2024,industrial,1906518.0,86141000.0,0.045182369,False,False,False,False,True,0.04518236911479462,False,LOW_PRICE,85
Norris Public Power District,NE,2024,industrial,611419.0,43813500.0,0.071658715,False,False,False,False,False,0.07165871521820552,False,OK,100
Northeast Power,NE,2024,industrial,20960.0,3718000.0,0.1773855,False,False,False,False,False,0.17738549618320612,False,OK,100
Omaha Public Power District,NE,2024,industrial,3213379.0,225964000.0,0.070319748,False,False,False,False,False,0.07031974753055896,False,OK,100
Perennial Public Power Dist,NE,2024,industrial,269584.0,20456200.0,0.075880616,False,False,False,False,False,0.07588061606030032,False,OK,100
South Central Public Pwr Dist,NE,2024,industrial,77683.0,8984000.0,0.1156495,False,False,False,False,False,0.11564949860329801,False,OK,100
Southern Public Power District,NE,2024,industrial,770360.0,49092900.0,0.063727218,False,False,False,False,False,0.0637272184433252,False,OK,100
Southwest Public Power Dist,NE,2024,industrial,135157.0,13469200.0,0.099655956,False,False,False,False,False,0.09965595566637318,False,OK,100
WAPA-- Western Area Power Administration,NE,2024,industrial,3300.0,24800.0,0.007515152000000001,False,False,False,False,True,0.0075151515151515155,False,LOW_PRICE,85
Y-W Electric Assn Inc,NE,2024,industrial,5030.0,868000.0,0.17256461,False,False,False,False,False,0.17256461232604373,False,OK,100
Liberty Utilities (Granite State Electri,NH,2024,industrial,7911.0,1398000.0,0.17671596999999997,False,False,False,False,False,0.17671596511186954,False,OK,100
New Hampshire Elec Coop Inc,NH,2024,industrial,13584.0,2299000.0,0.16924323000000002,False,False,False,False,False,0.1692432273262662,False,OK,100
Public Service Co of NH,NH,2024,industrial,53885.0,10417500.0,0.19332838,False,False,False,False,False,0.1933283845225944,False,OK,100
Unitil Energy Systems,NH,2024,industrial,14779.0,2889100.0,0.19548684000000002,False,False,False,False,False,0.1954868394343325,False,OK,100
Atlantic City Electric Co,NJ,2024,industrial,81298.0,11195400.0,0.13770818,False,False,False,False,False,0.13770818470319074,False,OK,100
City of Vineland - (NJ),NJ,2024,industrial,228824.0,30946300.0,0.13524062,False,False,False,False,False,0.1352406216131175,False,OK,100
Jersey Central Power & Lt Co,NJ,2024,industrial,187495.0,25978700.0,0.13855676,False,False,False,False,False,0.13855676151364035,False,OK,100
Public Service Elec & Gas Co,NJ,2024,industrial,1257792.0,105299500.0,0.083717737,False,False,False,False,False,0.08371773711392663,False,OK,100
Rockland Electric Co,NJ,2024,industrial,34662.0,4295700.0,0.12393111,False,False,False,False,False,0.12393110611043795,False,OK,100
"Central New Mexico El Coop, Inc",NM,2024,industrial,78907.0,6203000.0,0.07861153,False,False,False,False,False,0.0786115300290215,False,OK,100
"Central Valley Elec Coop, Inc",NM,2024,industrial,782215.0,56364100.0,0.072057043,False,False,False,False,False,0.07205704314031308,False,OK,100
City of Farmington - (NM),NM,2024,industrial,260889.0,17908000.0,0.068642219,False,False,False,False,False,0.06864221948798148,False,OK,100
Continental Divide El Coop Inc,NM,2024,industrial,300073.0,19670000.0,0.065550716,False,False,False,False,False,0.06555071599244183,False,OK,100
El Paso Electric Co,NM,2024,industrial,80423.0,4654000.0,0.057869018,False,False,False,False,False,0.057869017569600736,False,OK,100
"Farmers Electric Coop, Inc - (NM)",NM,2024,industrial,176577.0,16148200.0,0.091451322,False,False,False,False,False,0.09145132151979023,False,OK,100
"Jemez Mountains Elec Coop, Inc",NM,2024,industrial,21075.0,2544100.0,0.12071649000000001,False,False,False,False,False,0.1207164887307236,False,OK,100
"Kit Carson Electric Coop, Inc",NM,2024,industrial,18551.0,2216700.0,0.11949221,False,False,False,False,False,0.11949221066249797,False,OK,100
"Lea County Electric Coop, Inc - (NM)",NM,2024,industrial,311348.0,20645000.0,0.066308439,False,False,False,False,False,0.06630843943111887,False,OK,100
Los Alamos County,NM,2024,industrial,368103.0,31036800.0,0.084315531,False,False,False,False,False,0.08431553125076405,False,OK,100
Navajo Tribal Utility Authority,NM,2024,industrial,1992.0,475000.0,0.23845382,False,False,False,True,False,0.23845381526104417,False,HIGH_PRICE,90
"Navopache Electric Coop, Inc",NM,2024,industrial,640.0,63000.0,0.0984375,False,False,False,False,False,0.0984375,False,OK,100
Public Service Co of NM,NM,2024,industrial,2607603.0,146685600.0,0.056253042,False,False,False,False,False,0.056253041586468495,False,OK,100
"Rio Grande Electric Coop, Inc",NM,2024,industrial,419.0,60000.0,0.14319809,False,False,False,False,False,0.1431980906921241,False,OK,100
Roosevelt County Elec Coop Inc,NM,2024,industrial,91058.0,11146000.0,0.1224055,False,False,False,False,False,0.12240549979134178,False,OK,100
Southwestern Electric Coop Inc - (NM),NM,2024,industrial,267928.0,21005200.0,0.078398674,False,False,False,False,False,0.07839867427069959,False,OK,100
Southwestern Public Service Co,NM,2024,industrial,7656710.0,342374000.0,0.04471555000000001,False,False,False,False,True,0.0447155501514358,False,LOW_PRICE,85
"Springer Electric Coop, Inc",NM,2024,industrial,163717.0,11994000.0,0.073260565,False,False,False,False,False,0.07326056548800675,False,OK,100
WAPA-- Western Area Power Administration,NM,2024,industrial,70263.0,1832900.0,0.026086276000000002,False,False,False,False,True,0.026086275849309025,False,LOW_PRICE,85
City of Boulder City - (NV),NV,2024,industrial,933.0,120000.0,0.12861736000000001,False,False,False,False,False,0.12861736334405144,False,OK,100
"Mt Wheeler Power, Inc",NV,2024,industrial,434730.0,30259600.0,0.069605502,False,False,False,False,False,0.06960550226577415,False,OK,100
Nevada Power Co,NV,2024,industrial,5715958.0,576846000.0,0.10091852,False,False,False,False,False,0.10091851619623517,False,OK,100
Overton Power District No 5,NV,2024,industrial,109749.0,12338200.0,0.11242198,False,False,False,False,False,0.1124219810658867,False,OK,100
Raft Rural Elec Coop Inc,NV,2024,industrial,4630.0,238000.0,0.051403888,False,False,False,False,False,0.05140388768898488,False,OK,100
Sierra Pacific Power Co,NV,2024,industrial,2280204.0,222328500.0,0.097503776,False,False,False,False,False,0.09750377597793881,False,OK,100
Surprise Valley Electrification,NV,2024,industrial,16.0,5800.0,0.3625,False,False,False,True,False,0.3625,False,HIGH_PRICE,90
"Valley Electric Assn, Inc",NV,2024,industrial,27425.0,3081600.0,0.11236463000000001,False,False,False,False,False,0.11236463081130356,False,OK,100
Wells Rural Electric Co,NV,2024,industrial,510277.0,26489100.0,0.051911217,False,False,False,False,False,0.051911216848887956,False,OK,100
Central Hudson Gas & Elec Corp,NY,2024,industrial,63537.0,10221000.0,0.1608669,False,False,False,False,False,0.16086689645403465,False,OK,100
City of Plattsburgh - (NY),NY,2024,industrial,270680.0,9154800.0,0.033821487000000004,False,False,False,False,True,0.033821486626274565,False,LOW_PRICE,85
Consolidated Edison Co-NY Inc,NY,2024,industrial,381055.0,117953000.0,0.30954324,False,False,False,True,False,0.30954324178924303,False,HIGH_PRICE,90
FirstEnergy Pennsylvania Electric Co,NY,2024,industrial,4022.0,530100.0,0.1318001,False,False,False,False,False,0.13180009945300844,False,OK,100
Jamestown Board of Public Util,NY,2024,industrial,95100.0,6882800.0,0.07237434300000001,False,False,False,False,False,0.07237434279705574,False,OK,100
New York State Elec & Gas Corp,NY,2024,industrial,83140.0,10364000.0,0.1246572,False,False,False,False,False,0.12465720471493866,False,OK,100
Niagara Mohawk Power Corp.,NY,2024,industrial,1442245.0,86507000.0,0.059980794,False,False,False,False,False,0.059980793831838554,False,OK,100
Orange & Rockland Utils Inc,NY,2024,industrial,57197.0,5332600.0,0.093232163,False,False,False,False,False,0.0932321625260066,False,OK,100
Rochester Gas & Electric Corp,NY,2024,industrial,44137.0,5731000.0,0.12984571,False,False,False,False,False,0.12984570768289644,False,OK,100
Town of Massena - (NY),NY,2024,industrial,79012.0,4098800.0,0.051875663999999995,False,False,False,False,False,0.05187566445603199,False,OK,100
Village of Fairport - (NY),NY,2024,industrial,90635.0,4487300.0,0.049509571,False,False,False,False,True,0.04950957135764329,False,LOW_PRICE,85
Village of Solvay - (NY),NY,2024,industrial,449220.0,23048000.0,0.051306709,False,False,False,False,False,0.0513067094074173,False,OK,100
"Buckeye Rural Elec Coop, Inc",OH,2024,industrial,9523.0,1548300.0,0.16258531999999998,False,False,False,False,False,0.16258531975217894,False,OK,100
Butler Rural Electric Coop Inc - (OH),OH,2024,industrial,13828.0,1712000.0,0.12380677000000001,False,False,False,False,False,0.12380676887474688,False,OK,100
City of Bowling Green - (OH),OH,2024,industrial,360103.0,38396000.0,0.10662505,False,False,False,False,False,0.10662504894432982,False,OK,100
City of Celina - (OH),OH,2024,industrial,84539.0,6163000.0,0.072901265,False,False,False,False,False,0.07290126450513965,False,OK,100
City of Cleveland - (OH),OH,2024,industrial,543410.0,50582100.0,0.093082755,False,False,False,False,False,0.09308275519405237,False,OK,100
City of Columbus - (OH),OH,2024,industrial,641354.0,65913000.0,0.10277164000000001,False,False,False,False,False,0.10277163625704369,False,OK,100
City of Cuyahoga Falls - (OH),OH,2024,industrial,156914.0,17897000.0,0.11405611,False,False,False,False,False,0.1140561071669832,False,OK,100
City of Dover - (OH),OH,2024,industrial,106700.0,12732000.0,0.11932521,False,False,False,False,False,0.11932521087160262,False,OK,100
City of Hamilton - (OH),OH,2024,industrial,78842.0,8911000.0,0.11302352,False,False,False,False,False,0.11302351538520078,False,OK,100
City of Lebanon - (OH),OH,2024,industrial,234136.0,18485000.0,0.078949841,False,False,False,False,False,0.07894984111798271,False,OK,100
City of Niles - (OH),OH,2024,industrial,62720.0,4486000.0,0.071524235,False,False,False,False,False,0.07152423469387754,False,OK,100
City of Orrville - (OH),OH,2024,industrial,155323.0,14590000.0,0.09393328699999999,False,False,False,False,False,0.0939332874075314,False,OK,100
City of Painesville,OH,2024,industrial,46456.0,3483000.0,0.07497416900000001,False,False,False,False,False,0.07497416910625107,False,OK,100
City of Piqua - (OH),OH,2024,industrial,108649.0,10497800.0,0.09662122999999999,False,False,False,False,False,0.09662122983184383,False,OK,100
City of Wadsworth - (OH),OH,2024,industrial,74040.0,6559000.0,0.08858724999999999,False,False,False,False,False,0.08858725013506213,False,OK,100
City of Westerville - (OH),OH,2024,industrial,15754.0,1507000.0,0.09565824599999999,False,False,False,False,False,0.09565824552494605,False,OK,100
Cleveland Electric Illum Co,OH,2024,industrial,93908.0,12909600.0,0.13747072,False,False,False,False,False,0.1374707160199344,False,OK,100
Clyde Light & Power,OH,2024,industrial,161398.0,12389000.0,0.07676055500000001,False,False,False,False,False,0.07676055465371318,False,OK,100
Consolidated Cooperative,OH,2024,industrial,67699.0,7853000.0,0.11599876,False,False,False,False,False,0.11599875921357775,False,OK,100
Dayton Power & Light Co,OH,2024,industrial,94916.0,12683000.0,0.13362341,False,False,False,False,False,0.1336234143874584,False,OK,100
Duke Energy Ohio Inc,OH,2024,industrial,84589.0,7386800.0,0.087325775,False,False,False,False,False,0.0873257752190001,False,OK,100
Guernsey-Muskingum El Coop Inc,OH,2024,industrial,30900.0,4373400.0,0.14153398,False,False,False,False,False,0.14153398058252428,False,OK,100
Hancock-Wood Electric Coop Inc,OH,2024,industrial,103817.0,11427700.0,0.11007542000000001,False,False,False,False,False,0.11007542117379619,False,OK,100
Holmes-Wayne Electric Coop Inc,OH,2024,industrial,89625.0,10125100.0,0.11297183000000001,False,False,False,False,False,0.1129718270571827,False,OK,100
Licking Rural Electric Inc,OH,2024,industrial,69207.0,9287400.0,0.13419741,False,False,False,False,False,0.13419740777667,False,OK,100
"Lorain-Medina R E C, Inc",OH,2024,industrial,61966.0,3832300.0,0.06184520499999999,False,False,False,False,False,0.06184520543523868,False,OK,100
"Midwest Electric, Inc - (OH)",OH,2024,industrial,23407.0,2300800.0,0.098295382,False,False,False,False,False,0.09829538172341608,False,OK,100
"North Central Elec Coop, Inc - (OH)",OH,2024,industrial,69024.0,7633900.0,0.11059775999999999,False,False,False,False,False,0.11059776309689383,False,OK,100
Ohio Edison Co,OH,2024,industrial,116637.0,15437800.0,0.13235766,False,False,False,False,False,0.13235765666126528,False,OK,100
Ohio Power Co,OH,2024,industrial,171430.0,26027000.0,0.1518229,False,False,False,False,False,0.15182290147582103,False,OK,100
Ohio Valley Electric Corp,OH,2024,industrial,104845.0,4132000.0,0.039410558,False,False,False,False,True,0.03941055844341647,False,LOW_PRICE,85
"Paulding-Putman Elec Coop, Inc",OH,2024,industrial,76412.0,6029100.0,0.078902528,False,False,False,False,False,0.07890252839868084,False,OK,100
"Pioneer Rural Elec Coop, Inc - (OH)",OH,2024,industrial,381969.0,33710900.0,0.088255591,False,False,False,False,False,0.08825559142234056,False,OK,100
South Central Power Company,OH,2024,industrial,793864.0,85389000.0,0.10756124,False,False,False,False,False,0.10756124474721111,False,OK,100
The Toledo Edison Co,OH,2024,industrial,46429.0,6190600.0,0.13333477,False,False,False,False,False,0.13333476921751491,False,OK,100
"Union Rural Electric Coop, Inc",OH,2024,industrial,250752.0,25289800.0,0.10085583,False,False,False,False,False,0.10085582567636549,False,OK,100
"Alfalfa Electric Coop, Inc",OK,2024,industrial,301906.0,23807000.0,0.07885567,False,False,False,False,False,0.07885567030797666,False,OK,100
CKenergy Electric Cooperative,OK,2024,industrial,188856.0,12875700.0,0.068177341,False,False,False,False,False,0.06817734146651416,False,OK,100
"Canadian Valley Elec Coop, Inc",OK,2024,industrial,223000.0,13420100.0,0.060179821,False,False,False,False,False,0.060179820627802694,False,OK,100
"Central Rural Electric Cooperative, Inc",OK,2024,industrial,12052.0,1469800.0,0.12195486000000001,False,False,False,False,False,0.12195486226352473,False,OK,100
Choctaw Electric Coop Inc,OK,2024,industrial,106593.0,5917000.0,0.055510212,False,False,False,False,False,0.055510211739982926,False,OK,100
Cimarron Electric Coop,OK,2024,industrial,177170.0,11162000.0,0.063001637,False,False,False,False,False,0.06300163684596714,False,OK,100
City of Altus - (OK),OK,2024,industrial,39809.0,3079000.0,0.077344319,False,False,False,False,False,0.07734431912381622,False,OK,100
City of Claremore,OK,2024,industrial,116626.0,11180000.0,0.095861986,False,False,False,False,False,0.0958619861780392,False,OK,100
City of Ponca City - (OK),OK,2024,industrial,76420.0,6593000.0,0.08627322700000001,False,False,False,False,False,0.08627322690395184,False,OK,100
"Cookson Hills Elec Coop, Inc",OK,2024,industrial,37394.0,3758100.0,0.10050008,False,False,False,False,False,0.10050008022677435,False,OK,100
"Cotton Electric Coop, Inc",OK,2024,industrial,348631.0,21899500.0,0.062815699,False,False,False,False,False,0.0628156991202733,False,OK,100
Empire District Electric Co,OK,2024,industrial,67089.0,6529500.0,0.09732594,False,False,False,False,False,0.0973259401690292,False,OK,100
Grand River Dam Authority,OK,2024,industrial,4275283.0,209567200.0,0.049018322,False,False,False,False,True,0.049018322295857376,False,LOW_PRICE,85
"Indian Electric Coop, Inc",OK,2024,industrial,176262.0,12100600.0,0.068651212,False,False,False,False,False,0.06865121239972313,False,OK,100
Kay Electric Coop,OK,2024,industrial,250547.0,15761000.0,0.06290636100000001,False,False,False,False,False,0.06290636088238934,False,OK,100
"Kiamichi Electric Coop, Inc",OK,2024,industrial,44218.0,3697000.0,0.083608485,False,False,False,False,False,0.08360848523225836,False,OK,100
"Lake Region Electric Coop, Inc - (OK)",OK,2024,industrial,77152.0,7122000.0,0.09231128200000001,False,False,False,False,False,0.09231128162588138,False,OK,100
Northeast Oklahoma Electric Co,OK,2024,industrial,33613.0,2849000.0,0.084758873,False,False,False,False,False,0.08475887305506798,False,OK,100
Northwestern Electric Coop Inc - (OK),OK,2024,industrial,132140.0,8957000.0,0.06778416799999999,False,False,False,False,False,0.06778416830634176,False,OK,100
Oklahoma Electric Coop Inc,OK,2024,industrial,336865.0,19172000.0,0.056913007,False,False,False,False,False,0.056913006694076264,False,OK,100
Oklahoma Gas & Electric Co,OK,2024,industrial,7534932.0,411746800.0,0.054645058999999996,False,False,False,False,False,0.05464505850882264,False,OK,100
Ozarks Electric Coop Corp - (AR),OK,2024,industrial,9721.0,1186000.0,0.12200391,False,False,False,False,False,0.12200390906285362,False,OK,100
People's Electric Cooperative,OK,2024,industrial,355260.0,22483100.0,0.063286326,False,False,False,False,False,0.06328632550807858,False,OK,100
Public Service Co of Oklahoma,OK,2024,industrial,5882233.0,349700700.0,0.059450330999999995,False,False,False,False,False,0.05945033119225301,False,OK,100
Red River Valley Rrl Elec Assn,OK,2024,industrial,174420.0,10873000.0,0.06233803499999999,False,False,False,False,False,0.0623380346290563,False,OK,100
"Rural Electric Coop, Inc - (OK)",OK,2024,industrial,184254.0,10765700.0,0.058428582,False,False,False,False,False,0.058428582283152605,False,OK,100
Southeastern Electric Coop Inc - (OK),OK,2024,industrial,189454.0,10551000.0,0.055691619,False,False,False,False,False,0.05569161907375933,False,OK,100
Southwestern Electric Coop Inc - (NM),OK,2024,industrial,750.0,100100.0,0.13346667,False,False,False,False,False,0.13346666666666668,False,OK,100
Stillwater Utilities Authority,OK,2024,industrial,45813.0,4075000.0,0.088948552,False,False,False,False,False,0.08894855172112719,False,OK,100
"Tri-County Electric Coop, Inc (OK)",OK,2024,industrial,399393.0,36136000.0,0.090477299,False,False,False,False,False,0.09047729930169031,False,OK,100
Verdigris Valley Elec Coop Inc,OK,2024,industrial,106739.0,10807400.0,0.10125071000000001,False,False,False,False,False,0.10125071435932509,False,OK,100
Central Electric Coop Inc - (OR),OR,2024,industrial,107080.0,7774700.0,0.072606462,False,False,False,False,False,0.07260646245797535,False,OK,100
Central Lincoln People's Ut Dt,OR,2024,industrial,592716.0,30122300.0,0.050820798,False,False,False,False,False,0.05082079781885422,False,OK,100
City of Eugene - (OR),OR,2024,industrial,568533.0,36992200.0,0.065066056,False,False,False,False,False,0.06506605597212475,False,OK,100
City of Forest Grove,OR,2024,industrial,118163.0,9338000.0,0.07902643000000001,False,False,False,False,False,0.07902642959301981,False,OK,100
City of McMinnville - (OR),OR,2024,industrial,358163.0,14269000.0,0.039839403,False,False,False,False,True,0.039839402730041905,False,LOW_PRICE,85
City of Springfield - (OR),OR,2024,industrial,127870.0,9215900.0,0.072072417,False,False,False,False,False,0.07207241729881911,False,OK,100
Clatskanie Peoples Util Dist,OR,2024,industrial,871556.0,50372300.0,0.057795826999999994,False,False,False,False,False,0.057795827233132466,False,OK,100
Columbia River Peoples Ut Dist,OR,2024,industrial,148966.0,8090800.0,0.054313065,False,False,False,False,False,0.054313064726179125,False,OK,100
"Columbia Rural Elec Assn, Inc",OR,2024,industrial,5121.0,473400.0,0.092442882,False,False,False,False,False,0.09244288224956063,False,OK,100
"Consumers Power, Inc",OR,2024,industrial,42198.0,3977600.0,0.094260391,False,False,False,False,False,0.09426039148774823,False,OK,100
"Coos-Curry Electric Coop, Inc",OR,2024,industrial,56649.0,5283600.0,0.093269078,False,False,False,False,False,0.09326907800667267,False,OK,100
Emerald People's Utility Dist,OR,2024,industrial,71710.0,5810700.0,0.08103054,False,False,False,False,False,0.08103053967368568,False,OK,100
Idaho Power Co,OR,2024,industrial,331932.0,28229000.0,0.085044527,False,False,False,False,False,0.0850445271923165,False,OK,100
Lane Electric Coop Inc,OR,2024,industrial,5823.0,430400.0,0.07391379,False,False,False,False,False,0.07391379014253821,False,OK,100
"Midstate Electric Coop, Inc",OR,2024,industrial,37552.0,3102000.0,0.082605454,False,False,False,False,False,0.08260545377077119,False,OK,100
Northern Wasco County PUD,OR,2024,industrial,1263389.0,100335200.0,0.079417503,False,False,False,False,False,0.07941750323930317,False,OK,100
"Oregon Trail El Cons Coop, Inc",OR,2024,industrial,171374.0,10343000.0,0.060353379,False,False,False,False,False,0.06035337915903229,False,OK,100
PacifiCorp,OR,2024,industrial,1606528.0,161511200.0,0.10053432000000001,False,False,False,False,False,0.10053431997450403,False,OK,100
Portland General Electric Co,OR,2024,industrial,5097435.0,451099000.0,0.08849529199999999,False,False,False,False,False,0.08849529224011685,False,OK,100
Salem Electric - (OR),OR,2024,industrial,19160.0,1815000.0,0.094728601,False,False,False,False,False,0.09472860125260961,False,OK,100
Surprise Valley Electrification,OR,2024,industrial,16700.0,1991100.0,0.11922753999999999,False,False,False,False,False,0.11922754491017964,False,OK,100
Tillamook Peoples Utility Dist,OR,2024,industrial,109865.0,6342000.0,0.05772539,False,False,False,False,False,0.057725390251672504,False,OK,100
Umatilla Electric Coop Assn,OR,2024,industrial,742260.0,44316100.0,0.059704282,False,False,False,False,False,0.05970428151860534,False,OK,100
Adams Electric Cooperative Inc,PA,2024,industrial,42873.0,4368000.0,0.10188230000000001,False,False,False,False,False,0.10188230354768736,False,OK,100
"Bedford Rural Elec Coop, Inc",PA,2024,industrial,100908.0,10568000.0,0.10472906,False,False,False,False,False,0.10472906013398343,False,OK,100
Borough of Chambersburg,PA,2024,industrial,107070.0,9324800.0,0.08709068800000001,False,False,False,False,False,0.08709068833473428,False,OK,100
"Central Electric Coop, Inc - (PA)",PA,2024,industrial,21309.0,2451000.0,0.11502182,False,False,False,False,False,0.11502182176545121,False,OK,100
Citizens Electric Co - (PA),PA,2024,industrial,9598.0,1182000.0,0.12315066,False,False,False,False,False,0.12315065638674724,False,OK,100
Claverack Rural Elec Coop Inc,PA,2024,industrial,77359.0,7024000.0,0.090797451,False,False,False,False,False,0.09079745084605541,False,OK,100
Duquesne Light Co,PA,2024,industrial,63936.0,8532000.0,0.13344595,False,False,False,False,False,0.13344594594594594,False,OK,100
FirstEnergy Pennsylvania Electric Co,PA,2024,industrial,707946.0,63189200.0,0.08925709,False,False,False,False,False,0.0892570902300458,False,OK,100
"Northwestern Rural E C A, Inc - (PA)",PA,2024,industrial,10760.0,1099000.0,0.10213755000000001,False,False,False,False,False,0.1021375464684015,False,OK,100
PECO Energy Co,PA,2024,industrial,561116.0,42395000.0,0.075554787,False,False,False,False,False,0.07555478724541806,False,OK,100
PPL Electric Utilities Corp,PA,2024,industrial,154926.0,16938700.0,0.10933413,False,False,False,False,False,0.10933413371545125,False,OK,100
Philadelphia Authority for Industrial Development,PA,2024,industrial,103276.0,15834300.0,0.15332023,False,False,False,False,False,0.15332022928850847,False,OK,100
REA Energy Coop Inc,PA,2024,industrial,81845.0,9275000.0,0.11332397,False,False,False,False,False,0.11332396603335573,False,OK,100
"Somerset Rural Elec Coop, Inc",PA,2024,industrial,17226.0,1695000.0,0.098397771,False,False,False,False,False,0.09839777081156391,False,OK,100
Tri-County Rural Elec Coop Inc (PA),PA,2024,industrial,33664.0,3121000.0,0.092710314,False,False,False,False,False,0.09271031368821293,False,OK,100
"UGI Utilities, Inc",PA,2024,industrial,23104.0,2022000.0,0.087517313,False,False,False,False,False,0.08751731301939059,False,OK,100
Valley Rural Electric Coop Inc,PA,2024,industrial,3955.0,489000.0,0.12364096,False,False,False,False,False,0.1236409608091024,False,OK,100
Wellsborough Electric Co,PA,2024,industrial,13270.0,1346000.0,0.10143179999999999,False,False,False,False,False,0.1014318010550113,False,OK,100
Pascoag Utility District,RI,2024,industrial,15422.0,2542000.0,0.16482945999999998,False,False,False,False,False,0.16482946440150434,False,OK,100
The Narragansett Electric Co,RI,2024,industrial,84962.0,22022900.0,0.25920882,False,False,False,True,False,0.25920882276782564,False,HIGH_PRICE,90
Aiken Electric Coop Inc,SC,2024,industrial,200397.0,14478700.0,0.072250084,False,False,False,False,False,0.07225008358408559,False,OK,100
Berkeley Electric Coop Inc,SC,2024,industrial,41760.0,4263000.0,0.10208333,False,False,False,False,False,0.10208333333333333,False,OK,100
"Black River Electric Coop, Inc - (SC)",SC,2024,industrial,126348.0,10220700.0,0.080893247,False,False,False,False,False,0.0808932472219584,False,OK,100
Blue Ridge Electric Coop Inc - (SC),SC,2024,industrial,154713.0,13047800.0,0.084335512,False,False,False,False,False,0.08433551156011454,False,OK,100
"Broad River Electric Coop, Inc",SC,2024,industrial,76605.0,6367900.0,0.083126428,False,False,False,False,False,0.08312642777886561,False,OK,100
City of Gaffney - (SC),SC,2024,industrial,51385.0,5399000.0,0.10506957,False,False,False,False,False,0.10506957283253868,False,OK,100
City of Orangeburg - (SC),SC,2024,industrial,230843.0,21000100.0,0.09097135299999999,False,False,False,False,False,0.09097135282421386,False,OK,100
City of Rock Hill - (SC),SC,2024,industrial,88057.0,8767000.0,0.09956051199999999,False,False,False,False,False,0.09956051194112904,False,OK,100
"Dominion Energy South Carolina, Inc",SC,2024,industrial,5253133.0,388812000.0,0.074015259,False,False,False,False,False,0.0740152590844359,False,OK,100
"Duke Energy Carolinas, LLC",SC,2024,industrial,8207655.0,589568200.0,0.07183150399999999,False,False,False,False,False,0.07183150363898093,False,OK,100
Duke Energy Progress - (NC),SC,2024,industrial,2180767.0,153607800.0,0.070437511,False,False,False,False,False,0.07043751120591975,False,OK,100
Easley Combined Utility System,SC,2024,industrial,3154.0,220900.0,0.07003804699999999,False,False,False,False,False,0.07003804692454027,False,OK,100
"Edisto Electric Coop, Inc",SC,2024,industrial,101091.0,11004100.0,0.10885341,False,False,False,False,False,0.10885340930448803,False,OK,100
"Fairfield Electric Coop, Inc",SC,2024,industrial,143971.0,10358000.0,0.071945044,False,False,False,False,False,0.07194504448812608,False,OK,100
Horry Electric Coop Inc,SC,2024,industrial,15588.0,1708000.0,0.10957147,False,False,False,False,False,0.10957146522966385,False,OK,100
"Laurens Electric Coop, Inc",SC,2024,industrial,181956.0,16351000.0,0.08986238399999999,False,False,False,False,False,0.08986238431269097,False,OK,100
Lockhart Power Co,SC,2024,industrial,120386.0,6987800.0,0.058044954999999995,False,False,False,False,False,0.05804495539348429,False,OK,100
"Lynches River Elec Coop, Inc",SC,2024,industrial,158812.0,11564000.0,0.072815656,False,False,False,False,False,0.07281565624763872,False,OK,100
MPD Electric Cooperative,SC,2024,industrial,767621.0,54669000.0,0.071218739,False,False,False,False,False,0.0712187394560597,False,OK,100
Mid-Carolina Electric Coop Inc,SC,2024,industrial,34783.0,3313300.0,0.095256303,False,False,False,False,False,0.09525630336658712,False,OK,100
"Newberry Electric Coop, Inc",SC,2024,industrial,175301.0,14971800.0,0.085406244,False,False,False,False,False,0.08540624411726117,False,OK,100
Palmetto Electric Coop Inc,SC,2024,industrial,90949.0,8025300.0,0.08823956300000001,False,False,False,False,False,0.08823956283191679,False,OK,100
"Santee Electric Coop, Inc",SC,2024,industrial,481918.0,32902100.0,0.068273233,False,False,False,False,False,0.0682732332056491,False,OK,100
South Carolina Public Service Authority,SC,2024,industrial,5994535.0,304621700.0,0.050816569,False,False,False,False,False,0.05081656875804379,False,OK,100
"Tri-County Electric Coop, Inc (SC)",SC,2024,industrial,27317.0,3050000.0,0.11165208,False,False,False,False,False,0.11165208478236996,False,OK,100
York Electric Coop Inc,SC,2024,industrial,74091.0,7443000.0,0.10045754999999999,False,False,False,False,False,0.10045754545086448,False,OK,100
"Black Hills Electric Coop, Inc",SD,2024,industrial,2221.0,412200.0,0.18559208000000002,False,False,False,False,False,0.18559207564160288,False,OK,100
"Black Hills Power, Inc.",SD,2024,industrial,191926.0,18098800.0,0.094300928,False,False,False,False,False,0.09430092848285276,False,OK,100
"Central Electric Coop, Inc - (SD)",SD,2024,industrial,205072.0,17683400.0,0.08623020199999999,False,False,False,False,False,0.08623020207536865,False,OK,100
City of Brookings - (SD),SD,2024,industrial,180336.0,14740000.0,0.08173631399999999,False,False,False,False,False,0.08173631443527637,False,OK,100
City of Madison - (SD),SD,2024,industrial,29176.0,2692000.0,0.09226761700000001,False,False,False,False,False,0.09226761721963257,False,OK,100
City of Pierre - (SD),SD,2024,industrial,69568.0,5115600.0,0.073533809,False,False,False,False,False,0.07353380864765409,False,OK,100
City of Volga - (SD),SD,2024,industrial,51558.0,4283900.0,0.083088948,False,False,False,False,False,0.08308894836882734,False,OK,100
Dakota Energy Coop Inc,SD,2024,industrial,154215.0,11976000.0,0.077657815,False,False,False,False,False,0.07765781538760821,False,OK,100
MidAmerican Energy Co,SD,2024,industrial,196938.0,10415300.0,0.052886188,False,False,False,False,False,0.05288618753110116,False,OK,100
Montana-Dakota Utilities Co,SD,2024,industrial,4602.0,522000.0,0.11342893999999999,False,False,False,False,False,0.11342894393741851,False,OK,100
NorthWestern Energy - (SD),SD,2024,industrial,438660.0,34748000.0,0.07921397,False,False,False,False,False,0.07921396981717048,False,OK,100
"Northern Electric Coop, Inc",SD,2024,industrial,104955.0,8866900.0,0.084482874,False,False,False,False,False,0.08448287361250059,False,OK,100
Northern States Power Co - Minnesota,SD,2024,industrial,402544.0,37734100.0,0.09373907000000001,False,False,False,False,False,0.09373906951786637,False,OK,100
Rosebud Electric Coop Inc,SD,2024,industrial,757.0,77600.0,0.10250991000000001,False,False,False,False,False,0.10250990752972258,False,OK,100
Sioux Valley SW Elec Coop,SD,2024,industrial,408323.0,35540800.0,0.087040897,False,False,False,False,False,0.08704089654513707,False,OK,100
Southeastern Electric Coop Inc - (SD),SD,2024,industrial,331265.0,26822800.0,0.080970824,False,False,False,False,False,0.08097082396268848,False,OK,100
WAPA-- Western Area Power Administration,SD,2024,industrial,2987.0,55400.0,0.018547037,False,False,False,False,True,0.018547037161031135,False,LOW_PRICE,85
Watertown Municipal Utilities,SD,2024,industrial,141558.0,10216000.0,0.07216829899999999,False,False,False,False,False,0.0721682985066192,False,OK,100
West River Electric Assn Inc,SD,2024,industrial,36394.0,3797000.0,0.10433038,False,False,False,False,False,0.10433038412925208,False,OK,100
Appalachian Electric Coop,TN,2024,industrial,83719.0,5475000.0,0.065397341,False,False,False,False,False,0.06539734110536437,False,OK,100
Athens Utility Board,TN,2024,industrial,328142.0,18919000.0,0.057654918000000006,False,False,False,False,False,0.05765491768807406,False,OK,100
Benton County,TN,2024,industrial,27312.0,2668000.0,0.097685999,False,False,False,False,False,0.09768599882835384,False,OK,100
Bolivar Energy Authority,TN,2024,industrial,18493.0,1369000.0,0.07402801099999999,False,False,False,False,False,0.07402801059860488,False,OK,100
"Caney Fork Electric Coop, Inc",TN,2024,industrial,65012.0,4498000.0,0.069187227,False,False,False,False,False,0.06918722697348181,False,OK,100
Carroll County - (TN),TN,2024,industrial,194048.0,10065000.0,0.05186861,False,False,False,False,False,0.051868609828496046,False,OK,100
"Chickasaw Electric Coop, Inc",TN,2024,industrial,29927.0,1736000.0,0.058007818999999995,False,False,False,False,False,0.05800781902629732,False,OK,100
City of Alcoa Utilities,TN,2024,industrial,1098.0,158000.0,0.143898,False,False,False,False,False,0.14389799635701275,False,OK,100
City of Bristol - (TN),TN,2024,industrial,105803.0,7205000.0,0.068098258,False,False,False,False,False,0.06809825808341918,False,OK,100
City of Brownsville,TN,2024,industrial,75259.0,4884000.0,0.064895893,False,False,False,False,False,0.06489589285002458,False,OK,100
City of Chattanooga - (TN),TN,2024,industrial,1230085.0,80555000.0,0.065487344,False,False,False,False,False,0.06548734437051099,False,OK,100
City of Clarksville - (TN),TN,2024,industrial,69522.0,4293000.0,0.061750237,False,False,False,False,False,0.061750237334944336,False,OK,100
City of Cleveland - (TN),TN,2024,industrial,254629.0,17967000.0,0.070561484,False,False,False,False,False,0.07056148357021393,False,OK,100
City of Clinton - (TN),TN,2024,industrial,247931.0,16618000.0,0.067026713,False,False,False,False,False,0.0670267130774288,False,OK,100
City of Cookeville - (TN),TN,2024,industrial,48321.0,3048000.0,0.063078165,False,False,False,False,False,0.06307816477308002,False,OK,100
City of Covington - (TN),TN,2024,industrial,81335.0,5682000.0,0.069859224,False,False,False,False,False,0.06985922419622549,False,OK,100
City of Dayton - (TN),TN,2024,industrial,91526.0,6054000.0,0.066145139,False,False,False,False,False,0.0661451390861613,False,OK,100
City of Dickson,TN,2024,industrial,140180.0,11146000.0,0.079512056,False,False,False,False,False,0.07951205592809245,False,OK,100
City of Dyersburg,TN,2024,industrial,104658.0,7554000.0,0.072177951,False,False,False,False,False,0.07217795104053201,False,OK,100
City of Elizabethton - (TN),TN,2024,industrial,33605.0,2488000.0,0.074036602,False,False,False,False,False,0.07403660169617617,False,OK,100
City of Etowah,TN,2024,industrial,72728.0,4518000.0,0.062121879,False,False,False,False,False,0.06212187878121219,False,OK,100
City of Fayetteville,TN,2024,industrial,95041.0,6202000.0,0.065256047,False,False,False,False,False,0.06525604739007376,False,OK,100
City of Gallatin - (TN),TN,2024,industrial,192056.0,10869000.0,0.056592869,False,False,False,False,False,0.05659286874661557,False,OK,100
City of Greeneville - (TN),TN,2024,industrial,337182.0,21958000.0,0.0651221,False,False,False,False,False,0.06512210023073592,False,OK,100
City of Harriman - (TN),TN,2024,industrial,68619.0,3478000.0,0.050685669999999995,False,False,False,False,False,0.050685670149667,False,OK,100
City of Humboldt,TN,2024,industrial,105315.0,6215000.0,0.059013435999999996,False,False,False,False,False,0.05901343588282771,False,OK,100
City of Jackson - (TN),TN,2024,industrial,691744.0,43265000.0,0.062544814,False,False,False,False,False,0.06254481426654948,False,OK,100
City of Jellico,TN,2024,industrial,107108.0,5791000.0,0.054066922999999996,False,False,False,False,False,0.05406692310565037,False,OK,100
City of LaFollette,TN,2024,industrial,15307.0,1537000.0,0.10041158,False,False,False,False,False,0.1004115764029529,False,OK,100
City of Lawrenceburg,TN,2024,industrial,73971.0,5937000.0,0.080261183,False,False,False,False,False,0.08026118343675225,False,OK,100
City of Lenoir - (TN),TN,2024,industrial,215263.0,12639000.0,0.058714224,False,False,False,False,False,0.05871422399576332,False,OK,100
City of Lewisburg - (TN),TN,2024,industrial,160155.0,10895000.0,0.068027848,False,False,False,False,False,0.06802784802222847,False,OK,100
City of Lexington - (TN),TN,2024,industrial,36670.0,3027000.0,0.082547041,False,False,False,False,False,0.08254704117807472,False,OK,100
City of Memphis - (TN),TN,2024,industrial,1740384.0,123814600.0,0.071142116,False,False,False,False,False,0.07114211576295806,False,OK,100
City of Milan - (TN),TN,2024,industrial,17572.0,1636000.0,0.093102663,False,False,False,False,False,0.09310266332802185,False,OK,100
City of Morristown - (TN),TN,2024,industrial,446774.0,30466000.0,0.068191076,False,False,False,False,False,0.0681910764726685,False,OK,100
City of Mt Pleasant - (TN),TN,2024,industrial,61876.0,5143000.0,0.083117849,False,False,False,False,False,0.08311784860042666,False,OK,100
City of Newbern,TN,2024,industrial,59405.0,4805000.0,0.080885447,False,False,False,False,False,0.08088544735291642,False,OK,100
City of Newport - (TN),TN,2024,industrial,145129.0,9803000.0,0.067546803,False,False,False,False,False,0.06754680318888713,False,OK,100
City of Oak Ridge,TN,2024,industrial,10861.0,877000.0,0.080747629,False,False,False,False,False,0.08074762913175583,False,OK,100
City of Paris - (TN),TN,2024,industrial,160316.0,8921000.0,0.055646348000000005,False,False,False,False,False,0.05564634846178797,False,OK,100
City of Pulaski - (TN),TN,2024,industrial,146930.0,12937000.0,0.088048731,False,False,False,False,False,0.08804873068808276,False,OK,100
City of Ripley - (TN),TN,2024,industrial,23360.0,1982000.0,0.08484589,False,False,False,False,False,0.0848458904109589,False,OK,100
City of Rockwood - (TN),TN,2024,industrial,26471.0,2029000.0,0.07664991900000001,False,False,False,False,False,0.07664991877904122,False,OK,100
City of Shelbyville - (TN),TN,2024,industrial,94363.0,6812000.0,0.07218931099999999,False,False,False,False,False,0.07218931148861313,False,OK,100
City of Smithville - (TN),TN,2024,industrial,41750.0,2528000.0,0.060550898,False,False,False,False,False,0.060550898203592815,False,OK,100
City of Sparta,TN,2024,industrial,50022.0,4138000.0,0.082723602,False,False,False,False,False,0.08272360161528927,False,OK,100
City of Springfield - (TN),TN,2024,industrial,70841.0,4212000.0,0.059457094,False,False,False,False,False,0.05945709405570221,False,OK,100
City of Sweetwater,TN,2024,industrial,51510.0,4612000.0,0.089536012,False,False,False,False,False,0.08953601242477188,False,OK,100
City of Trenton - (TN),TN,2024,industrial,8595.0,686000.0,0.079813845,False,False,False,False,False,0.07981384525887143,False,OK,100
City of Union City,TN,2024,industrial,159681.0,11323000.0,0.070910127,False,False,False,False,False,0.07091012706583752,False,OK,100
City of Winchester - (TN),TN,2024,industrial,28330.0,2756000.0,0.097282033,False,False,False,False,False,0.09728203318037416,False,OK,100
Columbia Power System - (TN),TN,2024,industrial,174592.0,10568000.0,0.060529691999999996,False,False,False,False,False,0.06052969208211144,False,OK,100
Cumberland Elec Member Corp,TN,2024,industrial,670899.0,45337000.0,0.067576491,False,False,False,False,False,0.0675764906491141,False,OK,100
Duck River Elec Member Corp,TN,2024,industrial,282324.0,19466000.0,0.068949151,False,False,False,False,False,0.068949150621272,False,OK,100
Entergy Arkansas LLC,TN,2024,industrial,9.0,2200.0,0.24444444,False,False,False,True,False,0.24444444444444444,False,HIGH_PRICE,90
Fort Loudoun Electric Coop,TN,2024,industrial,46817.0,3722000.0,0.079501036,False,False,False,False,False,0.07950103594848025,False,OK,100
Gibson Electric Members Corp,TN,2024,industrial,156161.0,10281000.0,0.0658359,False,False,False,False,False,0.06583590012871332,False,OK,100
"Holston Electric Coop, Inc",TN,2024,industrial,269667.0,19513000.0,0.072359614,False,False,False,False,False,0.07235961389417318,False,OK,100
Johnson City - (TN),TN,2024,industrial,224295.0,11735000.0,0.05231949,False,False,False,False,False,0.052319489957422145,False,OK,100
Kingsport Power Co,TN,2024,industrial,780515.0,72743000.0,0.093198721,False,False,False,False,False,0.09319872135705272,False,OK,100
Knoxville Utilities Board,TN,2024,industrial,1016780.0,52491000.0,0.051624737,False,False,False,False,False,0.051624736914573456,False,OK,100
Loudon Utilities Board,TN,2024,industrial,239473.0,16238000.0,0.067807227,False,False,False,False,False,0.0678072267019664,False,OK,100
Maryville Utilities,TN,2024,industrial,263561.0,15597000.0,0.059177951,False,False,False,False,False,0.05917795121432989,False,OK,100
McMinnville Electric System,TN,2024,industrial,10590.0,1019000.0,0.096222852,False,False,False,False,False,0.09622285174693107,False,OK,100
Meriwether Lewis Electric Coop,TN,2024,industrial,516157.0,30409000.0,0.058914245000000004,False,False,False,False,False,0.058914245084344494,False,OK,100
Middle Tennessee E M C,TN,2024,industrial,848729.0,56766000.0,0.06688354,False,False,False,False,False,0.06688353997565771,False,OK,100
"Mountain Electric Coop, Inc",TN,2024,industrial,96185.0,5692000.0,0.059177626,False,False,False,False,False,0.05917762644903051,False,OK,100
Nashville Electric Service,TN,2024,industrial,917818.0,69388000.0,0.07560104499999999,False,False,False,False,False,0.07560104508737027,False,OK,100
Pickwick Electric Coop,TN,2024,industrial,13376.0,1240000.0,0.092703349,False,False,False,False,False,0.09270334928229665,False,OK,100
Plateau Electric Cooperative,TN,2024,industrial,141216.0,7218000.0,0.051113188000000004,False,False,False,False,False,0.05111318830727396,False,OK,100
Powell Valley Electric Coop,TN,2024,industrial,157209.0,9158000.0,0.058253662000000005,False,False,False,False,False,0.05825366232213169,False,OK,100
Sequachee Valley Electric Coop,TN,2024,industrial,130459.0,10848000.0,0.08315256099999999,False,False,False,False,False,0.083152561341111,False,OK,100
Sevier County Electric System,TN,2024,industrial,55201.0,3624000.0,0.06565098500000001,False,False,False,False,False,0.06565098458361261,False,OK,100
South Kentucky Rural E C C,TN,2024,industrial,383.0,63000.0,0.16449086000000002,False,False,False,False,False,0.16449086161879894,False,OK,100
Southwest Tennessee E M C,TN,2024,industrial,17304.0,1184000.0,0.068423486,False,False,False,False,False,0.06842348589921406,False,OK,100
Tennessee Valley Authority,TN,2024,industrial,6613538.0,323844900.0,0.048966967,False,False,False,False,True,0.048966967453729006,False,LOW_PRICE,85
Tennessee Valley Electric Coop,TN,2024,industrial,8689.0,729000.0,0.083899183,False,False,False,False,False,0.0838991828748993,False,OK,100
Town of Erwin - (TN),TN,2024,industrial,46257.0,3790000.0,0.081933545,False,False,False,False,False,0.08193354519315996,False,OK,100
Tri-County Elec Member Corp (TN),TN,2024,industrial,10809.0,771000.0,0.071329448,False,False,False,False,False,0.07132944768248682,False,OK,100
Tullahoma Board-Public Utils,TN,2024,industrial,18146.0,1571000.0,0.086575554,False,False,False,False,False,0.0865755538410669,False,OK,100
Upper Cumberland E M C,TN,2024,industrial,119988.0,9913000.0,0.082616595,False,False,False,False,False,0.08261659499283262,False,OK,100
Volunteer Electric Coop,TN,2024,industrial,456245.0,27334000.0,0.059910794,False,False,False,False,False,0.05991079354294294,False,OK,100
Weakley County Mun Elec Sys,TN,2024,industrial,32733.0,3062000.0,0.09354474099999999,False,False,False,False,False,0.09354474078147436,False,OK,100
American PowerNet,TX,2024,industrial,171602.0,12995400.0,0.075729887,False,False,False,False,False,0.0757298865980583,False,OK,100
Austin Energy,TX,2024,industrial,3216894.0,219668600.0,0.06828593,False,False,False,False,False,0.06828593046584687,False,OK,100
BP Energy Company,TX,2024,industrial,989891.0,62297000.0,0.062933192,False,False,False,False,False,0.06293319163423043,False,OK,100
BP Energy Retail LLC,TX,2024,industrial,23432998.0,1206903000.0,0.051504421,False,False,False,False,False,0.05150442124392278,False,OK,100
Bailey County Elec Coop Assn,TX,2024,industrial,248195.0,19119000.0,0.077032172,False,False,False,False,False,0.07703217228388969,False,OK,100
"Bandera Electric Coop, Inc",TX,2024,industrial,18566.0,1671000.0,0.090003232,False,False,False,False,False,0.09000323171388559,False,OK,100
"Big Country Electric Coop, Inc",TX,2024,industrial,10799.0,1274700.0,0.11803870999999999,False,False,False,False,False,0.11803870728771182,False,OK,100
"Bluebonnet Electric Coop, Inc",TX,2024,industrial,740804.0,75739300.0,0.10223932,False,False,False,False,False,0.10223932376175075,False,OK,100
"Bowie-Cass Electric Coop, Inc",TX,2024,industrial,39904.0,3747500.0,0.093912891,False,False,False,False,False,0.09391289093825181,False,OK,100
"Calpine Energy Solutions, LLC",TX,2024,industrial,361561.0,23598500.0,0.065268378,False,False,False,False,False,0.06526837795005545,False,OK,100
Calpine Power America LLC,TX,2024,industrial,193604.0,6417000.0,0.033144976,False,False,False,False,True,0.03314497634346398,False,LOW_PRICE,85
"Central Texas Elec Coop, Inc",TX,2024,industrial,278655.0,18625700.0,0.066841435,False,False,False,False,False,0.06684143474906246,False,OK,100
Cherokee County Elec Coop Assn - (TX),TX,2024,industrial,124503.0,6949000.0,0.055813916,False,False,False,False,False,0.055813916130535005,False,OK,100
City of Brenham - (TX),TX,2024,industrial,116218.0,8949100.0,0.077002702,False,False,False,False,False,0.07700270181899534,False,OK,100
City of Bryan - (TX),TX,2024,industrial,161336.0,12856000.0,0.079684633,False,False,False,False,False,0.07968463331184608,False,OK,100
City of Denton - (TX),TX,2024,industrial,614906.0,59792000.0,0.097237627,False,False,False,False,False,0.0972376265640602,False,OK,100
City of Garland - (TX),TX,2024,industrial,319696.0,21172000.0,0.066225414,False,False,False,False,False,0.06622541414343626,False,OK,100
City of Georgetown - (TX),TX,2024,industrial,118481.0,14637400.0,0.12354217,False,False,False,False,False,0.12354217131860805,False,OK,100
City of Lubbock - (TX),TX,2024,industrial,31303.0,2308000.0,0.073730952,False,False,False,False,False,0.0737309523048909,False,OK,100
City of New Braunfels - (TX),TX,2024,industrial,580021.0,52854300.0,0.091124804,False,False,False,False,False,0.09112480410192045,False,OK,100
City of San Antonio - (TX),TX,2024,industrial,565237.0,50030900.0,0.088513137,False,False,False,False,False,0.08851313696732521,False,OK,100
City of San Marcos - (TX),TX,2024,industrial,2422.0,240000.0,0.09909166000000001,False,False,False,False,False,0.0990916597853014,False,OK,100
City of Seguin - (TX),TX,2024,industrial,139646.0,10918000.0,0.078183407,False,False,False,False,False,0.0781834066138665,False,OK,100
Comanche County Elec Coop Assn,TX,2024,industrial,46226.0,5041000.0,0.10905118,False,False,False,False,False,0.10905118331674815,False,OK,100
Concho Valley Elec Coop Inc,TX,2024,industrial,434351.0,23738200.0,0.054652113,False,False,False,False,False,0.05465211315272671,False,OK,100
ConocoPhillips Company,TX,2024,industrial,247352.0,12326100.0,0.049832223,False,False,False,False,True,0.04983222290500986,False,LOW_PRICE,85
"Constellation NewEnergy, Inc",TX,2024,industrial,1400738.0,70547600.0,0.050364594,False,False,False,False,False,0.05036459352141514,False,OK,100
Cooke County Elec Coop Assn,TX,2024,industrial,51431.0,4065000.0,0.07903793399999999,False,False,False,False,False,0.07903793431976823,False,OK,100
"Deaf Smith Electric Coop, Inc",TX,2024,industrial,602401.0,42132800.0,0.069941451,False,False,False,False,False,0.06994145096040677,False,OK,100
Deep East Texas Elec Coop Inc,TX,2024,industrial,136951.0,9577000.0,0.069930121,False,False,False,False,False,0.06993012099217968,False,OK,100
"Denton County Elec Coop, Inc",TX,2024,industrial,1543171.0,175840600.0,0.11394757999999999,False,False,False,False,False,0.11394757936741942,False,OK,100
Direct Energy Business,TX,2024,industrial,7459231.0,663965500.0,0.089012594,False,False,False,False,False,0.08901259392556686,False,OK,100
ENGIE Resources LLC,TX,2024,industrial,2626421.0,207620300.0,0.079050655,False,False,False,False,False,0.07905065486454761,False,OK,100
El Paso Electric Co,TX,2024,industrial,981503.0,45081000.0,0.04593057800000001,False,False,False,False,True,0.0459305778994053,False,LOW_PRICE,85
Electranet Power LLC,TX,2024,industrial,3307.0,91900.0,0.027789537000000003,False,False,False,False,True,0.027789537345025702,False,LOW_PRICE,85
Entergy Texas Inc.,TX,2024,industrial,9488792.0,557027600.0,0.058703741999999996,False,False,False,False,False,0.05870374226771964,False,OK,100
Fannin County Electric Coop,TX,2024,industrial,460.0,146000.0,0.3173913,False,False,False,True,False,0.3173913043478261,False,HIGH_PRICE,90
"Farmers Electric Coop, Inc - (TX)",TX,2024,industrial,191999.0,11921000.0,0.062088865,False,False,False,False,False,0.062088865046172115,False,OK,100
"Fayette Electric Coop, Inc",TX,2024,industrial,127810.0,9650000.0,0.075502699,False,False,False,False,False,0.07550269931930209,False,OK,100
"Greenbelt Electric Coop, Inc",TX,2024,industrial,158623.0,12927000.0,0.08149511699999999,False,False,False,False,False,0.0814951173537255,False,OK,100
Gridmatic Retail LLC,TX,2024,industrial,1353.0,151000.0,0.11160384000000001,False,False,False,False,False,0.11160384331116038,False,OK,100
Guadalupe Valley Elec Coop Inc,TX,2024,industrial,1219504.0,65823000.0,0.053975223,False,False,False,False,False,0.05397522271349663,False,OK,100
"HILCO Electric Cooperative, Inc.",TX,2024,industrial,7411.0,728000.0,0.09823235699999999,False,False,False,False,False,0.09823235730670625,False,OK,100
Heart of Texas Electric Coop,TX,2024,industrial,207001.0,11559000.0,0.055840310000000004,False,False,False,False,False,0.05584030995019348,False,OK,100
Houston County Elec Coop Inc,TX,2024,industrial,129188.0,9848700.0,0.076235409,False,False,False,False,False,0.07623540886150416,False,OK,100
"Jackson Electric Coop, Inc - (TX)",TX,2024,industrial,764116.0,46174000.0,0.060427998000000004,False,False,False,False,False,0.0604279978432594,False,OK,100
"Jasper-Newton Elec Coop, Inc",TX,2024,industrial,135696.0,11484000.0,0.08463035,False,False,False,False,False,0.08463035019455253,False,OK,100
Karnes Electric Coop Inc,TX,2024,industrial,629504.0,38785000.0,0.061611999,False,False,False,False,False,0.06161199928832859,False,OK,100
"Lamb County Electric Coop, Inc",TX,2024,industrial,269268.0,20496000.0,0.07611747399999999,False,False,False,False,False,0.07611747404073266,False,OK,100
"Lea County Electric Coop, Inc - (NM)",TX,2024,industrial,162579.0,11024000.0,0.067807035,False,False,False,False,False,0.06780703534896881,False,OK,100
"Lighthouse Electric Coop, Inc",TX,2024,industrial,148949.0,19558200.0,0.13130803,False,False,False,False,False,0.13130803160813434,False,OK,100
"Lyntegar Electric Coop, Inc",TX,2024,industrial,409289.0,36403000.0,0.088942043,False,False,False,False,False,0.08894204339720833,False,OK,100
MP2 Energy LLC,TX,2024,industrial,6823040.0,261812700.0,0.038371854999999996,False,False,False,False,True,0.03837185477441141,False,LOW_PRICE,85
Magic Valley Electric Coop Inc,TX,2024,industrial,603427.0,50248900.0,0.083272542,False,False,False,False,False,0.08327254166618332,False,OK,100
"Medina Electric Coop, Inc",TX,2024,industrial,862775.0,64484000.0,0.074740228,False,False,False,False,False,0.0747402277534699,False,OK,100
Mid-South Electric Coop Assn,TX,2024,industrial,314315.0,28350600.0,0.09019805,False,False,False,False,False,0.09019804972718451,False,OK,100
"MidAmerican Energy Services, LLC",TX,2024,industrial,591581.0,35031200.0,0.059216236000000005,False,False,False,False,False,0.05921623581555189,False,OK,100
"Navarro County Elec Coop, Inc",TX,2024,industrial,242553.0,17828000.0,0.073501462,False,False,False,False,False,0.07350146153624157,False,OK,100
"Navasota Valley Elec Coop, Inc",TX,2024,industrial,100392.0,9248000.0,0.092118894,False,False,False,False,False,0.09211889393577177,False,OK,100
North Plains Electric Coop Inc,TX,2024,industrial,275762.0,18736000.0,0.067942646,False,False,False,False,False,0.0679426461949072,False,OK,100
Nueces Electric Cooperative,TX,2024,industrial,1990.0,492300.0,0.24738693,False,False,False,True,False,0.24738693467336684,False,HIGH_PRICE,90
"Panola-Harrison Elec Coop, Inc",TX,2024,industrial,29305.0,2265500.0,0.07730762699999999,False,False,False,False,False,0.07730762668486606,False,OK,100
"Pedernales Electric Coop, Inc",TX,2024,industrial,370182.0,23642500.0,0.063867233,False,False,False,False,False,0.06386723287464004,False,OK,100
Pumpjack Power LLC,TX,2024,industrial,904899.0,59400500.0,0.065643238,False,False,False,False,False,0.06564323753258651,False,OK,100
Reliant Energy Retail Services,TX,2024,industrial,21428482.0,1440332200.0,0.067215783,False,False,False,False,False,0.06721578318053514,False,OK,100
"Rio Grande Electric Coop, Inc",TX,2024,industrial,342551.0,34971700.0,0.10209194999999999,False,False,False,False,False,0.1020919512714895,False,OK,100
"Rusk County Electric Coop, Inc",TX,2024,industrial,122467.0,8985300.0,0.073369153,False,False,False,False,False,0.07336915250638948,False,OK,100
Sam Houston Electric Coop Inc,TX,2024,industrial,506185.0,45377000.0,0.08964509,False,False,False,False,False,0.0896450902338078,False,OK,100
"San Bernard Electric Coop, Inc",TX,2024,industrial,221040.0,19728700.0,0.08925398100000001,False,False,False,False,False,0.08925398117987694,False,OK,100
San Patricio Electric Coop Inc,TX,2024,industrial,74369.0,6581000.0,0.088491172,False,False,False,False,False,0.08849117239710094,False,OK,100
South Plains Electric Coop Inc,TX,2024,industrial,634362.0,49340800.0,0.077780195,False,False,False,False,False,0.07778019490448672,False,OK,100
"Southwest Texas Elec Coop, Inc",TX,2024,industrial,240181.0,18415000.0,0.076671344,False,False,False,False,False,0.07667134369496338,False,OK,100
Southwestern Electric Coop Inc - (NM),TX,2024,industrial,240.0,36100.0,0.15041667,False,False,False,False,False,0.15041666666666667,False,OK,100
Southwestern Electric Power Co,TX,2024,industrial,2864010.0,177721900.0,0.062053519,False,False,False,False,False,0.06205351936620333,False,OK,100
Southwestern Public Service Co,TX,2024,industrial,7714759.0,375808400.0,0.048712914999999996,False,False,False,False,True,0.04871291507615468,False,LOW_PRICE,85
"TXU Energy Retail Co, LLC",TX,2024,industrial,43156902.0,2949897000.0,0.068352844,False,False,False,False,False,0.06835284423335114,False,OK,100
"Talen Energy Marketing, LLC",TX,2024,industrial,16648.0,322000.0,0.019341663,False,False,False,False,True,0.019341662662181642,False,LOW_PRICE,85
Taylor Electric Coop Inc - (TX),TX,2024,industrial,257744.0,13843900.0,0.053711823,False,False,False,False,False,0.05371182258364889,False,OK,100
Tenaska Power Services,TX,2024,industrial,8295451.0,322353200.0,0.038859032,False,False,False,False,True,0.03885903249865499,False,LOW_PRICE,85
Tesla Energy Ventures,TX,2024,industrial,1480.0,138000.0,0.093243243,False,False,False,False,False,0.09324324324324325,False,OK,100
"Texas A&M, Utilities & Energy Services",TX,2024,industrial,6496.0,564000.0,0.08682266,False,False,False,False,False,0.08682266009852217,False,OK,100
Total Gas & Power North America Inc,TX,2024,industrial,803035.0,45135500.0,0.056206143,False,False,False,False,False,0.05620614294520164,False,OK,100
"Tri-County Electric Coop, Inc (OK)",TX,2024,industrial,1210.0,192500.0,0.15909091,False,False,False,False,False,0.1590909090909091,False,OK,100
"Tri-County Electric Coop, Inc (TX)",TX,2024,industrial,11389.0,1598600.0,0.14036351,False,False,False,False,False,0.14036350864869612,False,OK,100
Trinity Valley Elec Coop Inc,TX,2024,industrial,100539.0,5869700.0,0.058382319,False,False,False,False,False,0.058382319298978504,False,OK,100
United Electric Coop Service Inc - (TX),TX,2024,industrial,843789.0,78779000.0,0.093363388,False,False,False,False,False,0.09336338824042503,False,OK,100
Upshur Rural Elec Coop Corp,TX,2024,industrial,125844.0,9490000.0,0.075410826,False,False,False,False,False,0.07541082610215823,False,OK,100
"Victoria Electric Coop, Inc",TX,2024,industrial,252604.0,19627300.0,0.077699878,False,False,False,False,False,0.07769987807002264,False,OK,100
Weatherford Mun Utility System,TX,2024,industrial,29370.0,3227000.0,0.10987401999999999,False,False,False,False,False,0.10987402110997617,False,OK,100
"Wharton County Elec Coop, Inc",TX,2024,industrial,112212.0,9270000.0,0.08261148499999998,False,False,False,False,False,0.08261148540263073,False,OK,100
Withheld,TX,2024,industrial,5775839.0,245288000.0,0.042467943,False,False,False,False,True,0.04246794275255941,False,LOW_PRICE,85
City of Bountiful,UT,2024,industrial,35238.0,2844500.0,0.080722515,False,False,False,False,False,0.08072251546625801,False,OK,100
City of Logan - (UT),UT,2024,industrial,108086.0,9750300.0,0.090208723,False,False,False,False,False,0.09020872268378884,False,OK,100
City of Murray - (UT),UT,2024,industrial,43056.0,2599000.0,0.060363248,False,False,False,False,False,0.060363247863247864,False,OK,100
City of Springville - (UT),UT,2024,industrial,77961.0,6980900.0,0.08954349,False,False,False,False,False,0.08954348969356474,False,OK,100
"Dixie Escalante R E A, Inc",UT,2024,industrial,22953.0,1595100.0,0.069494184,False,False,False,False,False,0.06949418376682787,False,OK,100
"Empire Electric Assn, Inc",UT,2024,industrial,15.0,4200.0,0.28,False,False,False,True,False,0.28,False,HIGH_PRICE,90
"Garkane Energy Coop, Inc",UT,2024,industrial,19039.0,1266800.0,0.066537108,False,False,False,False,False,0.06653710804138872,False,OK,100
Moon Lake Electric Assn Inc,UT,2024,industrial,309373.0,32209100.0,0.10411089999999999,False,False,False,False,False,0.10411089526235322,False,OK,100
"Mt Wheeler Power, Inc",UT,2024,industrial,9450.0,688500.0,0.072857143,False,False,False,False,False,0.07285714285714286,False,OK,100
Navajo Tribal Utility Authority,UT,2024,industrial,291961.0,15003000.0,0.051387,False,False,False,False,False,0.05138700031853569,False,OK,100
PacifiCorp,UT,2024,industrial,7219111.0,566424000.0,0.078461739,False,False,False,False,False,0.07846173857141135,False,OK,100
Provo City Corp,UT,2024,industrial,132797.0,8895700.0,0.066987206,False,False,False,False,False,0.06698720603628094,False,OK,100
Raft Rural Elec Coop Inc,UT,2024,industrial,29752.0,1525000.0,0.051257058,False,False,False,False,False,0.05125705834901855,False,OK,100
Spanish Fork City Corporation,UT,2024,industrial,57312.0,3864000.0,0.067420436,False,False,False,False,False,0.06742043551088778,False,OK,100
Strawberry Electric Serv Dist,UT,2024,industrial,2925.0,382200.0,0.13066667,False,False,False,False,False,0.13066666666666665,False,OK,100
WAPA-- Western Area Power Administration,UT,2024,industrial,2376.0,72700.0,0.030597642999999997,False,False,False,False,True,0.0305976430976431,False,LOW_PRICE,85
Wells Rural Electric Co,UT,2024,industrial,18542.0,1159000.0,0.062506741,False,False,False,False,False,0.06250674145183907,False,OK,100
A & N Electric Coop,VA,2024,industrial,165066.0,16022000.0,0.097064205,False,False,False,False,False,0.09706420462118183,False,OK,100
Appalachian Power Co,VA,2024,industrial,4527177.0,472252000.0,0.1043149,False,False,False,False,False,0.1043148964575496,False,OK,100
Bristol Virginia Utilities,VA,2024,industrial,71743.0,4749000.0,0.066194611,False,False,False,False,False,0.06619461132096512,False,OK,100
Central Virginia Electric Coop,VA,2024,industrial,106787.0,10280000.0,0.096266399,False,False,False,False,False,0.09626639946810005,False,OK,100
City of Danville - (VA),VA,2024,industrial,236969.0,17181900.0,0.072506952,False,False,False,False,False,0.07250695238617709,False,OK,100
City of Harrisonburg - (VA),VA,2024,industrial,113817.0,9173000.0,0.080594287,False,False,False,False,False,0.08059428732087474,False,OK,100
City of Manassas - (VA),VA,2024,industrial,37487.0,2775000.0,0.07402566199999999,False,False,False,False,False,0.07402566222957292,False,OK,100
City of Salem - (VA),VA,2024,industrial,121361.0,15670400.0,0.12912221000000002,False,False,False,False,False,0.12912220565090926,False,OK,100
Kentucky Utilities Co,VA,2024,industrial,71135.0,8812600.0,0.12388557,False,False,False,False,False,0.12388556969143179,False,OK,100
Mecklenburg Electric Cooperative,VA,2024,industrial,191222.0,16249300.0,0.084976101,False,False,False,False,False,0.084976101076236,False,OK,100
Northern Virginia Elec Coop,VA,2024,industrial,22272.0,1649000.0,0.074039152,False,False,False,False,False,0.07403915229885058,False,OK,100
Powell Valley Electric Coop,VA,2024,industrial,14962.0,1049000.0,0.070110948,False,False,False,False,False,0.07011094773426013,False,OK,100
Prince George Electric Coop,VA,2024,industrial,117968.0,11698000.0,0.099162485,False,False,False,False,False,0.09916248474162485,False,OK,100
Rappahannock Electric Coop,VA,2024,industrial,1287079.0,112782000.0,0.087626323,False,False,False,False,False,0.08762632285974677,False,OK,100
Shenandoah Valley Elec Coop,VA,2024,industrial,679294.0,61845600.0,0.09104393699999999,False,False,False,False,False,0.0910439367932,False,OK,100
"Southside Electric Coop, Inc",VA,2024,industrial,69237.0,6351900.0,0.09174141000000001,False,False,False,False,False,0.09174140993977209,False,OK,100
Virginia Electric & Power Co,VA,2024,industrial,4073194.0,323174200.0,0.079341716,False,False,False,False,False,0.07934171561678624,False,OK,100
Virginia Tech Electric Service,VA,2024,industrial,9460.0,1096000.0,0.11585624,False,False,False,False,False,0.11585623678646935,False,OK,100
City of Burlington Electric - (VT),VT,2024,industrial,64937.0,8909200.0,0.13719759,False,False,False,False,False,0.13719759151177294,False,OK,100
Green Mountain Power Corp,VT,2024,industrial,1020096.0,110540000.0,0.10836235,False,False,False,False,False,0.1083623502101763,False,OK,100
"Vermont Electric Cooperative, Inc",VT,2024,industrial,100533.0,12968700.0,0.12899943,False,False,False,False,False,0.12899943302199277,False,OK,100
Avista Corp,WA,2024,industrial,1067474.0,83254000.0,0.077991595,False,False,False,False,False,0.07799159511145003,False,OK,100
Benton Rural Electric Assn,WA,2024,industrial,218406.0,14599000.0,0.066843402,False,False,False,False,False,0.0668434017380475,False,OK,100
"Big Bend Electric Coop, Inc",WA,2024,industrial,342029.0,22904900.0,0.066967713,False,False,False,False,False,0.06696771326407995,False,OK,100
Bonneville Power Administration,WA,2024,industrial,546474.0,7256000.0,0.01327785,False,False,False,False,True,0.013277850364335724,False,LOW_PRICE,85
City of Centralia - (WA),WA,2024,industrial,105963.0,10385900.0,0.098014401,False,False,False,False,False,0.09801440125326764,False,OK,100
City of Ellensburg - (WA),WA,2024,industrial,9078.0,642000.0,0.07072042299999999,False,False,False,False,False,0.07072042300066093,False,OK,100
City of Port Angeles - (WA),WA,2024,industrial,125070.0,5914000.0,0.04728552,False,False,False,False,True,0.047285520108739106,False,LOW_PRICE,85
City of Richland - (WA),WA,2024,industrial,163887.0,10031000.0,0.061206807,False,False,False,False,False,0.06120680712930251,False,OK,100
City of Seattle - (WA),WA,2024,industrial,693409.0,69995600.0,0.10094418,False,False,False,False,False,0.10094417580389063,False,OK,100
City of Tacoma - (WA),WA,2024,industrial,2081037.0,160128600.0,0.076946542,False,False,False,False,False,0.07694654155596464,False,OK,100
"Columbia Rural Elec Assn, Inc",WA,2024,industrial,228253.0,18152100.0,0.079526227,False,False,False,False,False,0.07952622747565202,False,OK,100
Inland Power & Light Company,WA,2024,industrial,99958.0,6478100.0,0.064808219,False,False,False,False,False,0.06480821945216991,False,OK,100
Kootenai Electric Cooperative,WA,2024,industrial,0.0,300.0,,True,False,False,False,False,,False,MISSING_PRICE,60
Lakeview Light & Power,WA,2024,industrial,58861.0,4796000.0,0.08148009699999999,False,False,False,False,False,0.08148009717809755,False,OK,100
PUD No 1 of Benton County,WA,2024,industrial,511637.0,28517900.0,0.055738541,False,False,False,False,False,0.05573854119229063,False,OK,100
PUD No 1 of Chelan County,WA,2024,industrial,470409.0,16128500.0,0.034286121,False,False,False,False,True,0.03428612122642211,False,LOW_PRICE,85
PUD No 1 of Clallam County,WA,2024,industrial,19771.0,1512900.0,0.076521167,False,False,False,False,False,0.07652116736634465,False,OK,100
PUD No 1 of Clark County - (WA),WA,2024,industrial,737975.0,44592900.0,0.060426031,False,False,False,False,False,0.060426030692096615,False,OK,100
PUD No 1 of Cowlitz County,WA,2024,industrial,2991042.0,146466000.0,0.048968219,False,False,False,False,True,0.04896821910223929,False,LOW_PRICE,85
PUD No 1 of Douglas County,WA,2024,industrial,47373.0,1367000.0,0.028856099,False,False,False,False,True,0.028856099465940515,False,LOW_PRICE,85
PUD No 1 of Franklin County,WA,2024,industrial,272401.0,17730000.0,0.065087867,False,False,False,False,False,0.06508786678463001,False,OK,100
PUD No 1 of Grays Harbor County,WA,2024,industrial,111396.0,6463000.0,0.058018241,False,False,False,False,False,0.058018241229487594,False,OK,100
PUD No 1 of Jefferson County,WA,2024,industrial,98557.0,5913700.0,0.060002841,False,False,False,False,False,0.06000284099556602,False,OK,100
PUD No 1 of Klickitat County,WA,2024,industrial,105219.0,6642000.0,0.063125481,False,False,False,False,False,0.06312548113933796,False,OK,100
PUD No 1 of Lewis County,WA,2024,industrial,278086.0,17921700.0,0.06444661,False,False,False,False,False,0.06444661004149796,False,OK,100
PUD No 1 of Okanogan County,WA,2024,industrial,13173.0,934600.0,0.070948152,False,False,False,False,False,0.07094815152205268,False,OK,100
PUD No 1 of Pend Oreille County,WA,2024,industrial,21874.0,1696900.0,0.077576118,False,False,False,False,False,0.07757611776538356,False,OK,100
PUD No 1 of Snohomish County,WA,2024,industrial,440362.0,33545000.0,0.076175964,False,False,False,False,False,0.07617596432026379,False,OK,100
PUD No 1 of Whatcom County,WA,2024,industrial,228736.0,10702000.0,0.046787563,False,False,False,False,True,0.04678756295467264,False,LOW_PRICE,85
PUD No 2 of Grant County,WA,2024,industrial,1881611.0,74887300.0,0.039799565,False,False,False,False,True,0.03979956537243883,False,LOW_PRICE,85
PUD No 2 of Pacific County,WA,2024,industrial,23911.0,1439000.0,0.060181506,False,False,False,False,False,0.0601815064196395,False,OK,100
PUD No 3 of Mason County,WA,2024,industrial,42754.0,3302000.0,0.07723254,False,False,False,False,False,0.0772325396454133,False,OK,100
PacifiCorp,WA,2024,industrial,931940.0,77516900.0,0.083177994,False,False,False,False,False,0.08317799429147799,False,OK,100
Puget Sound Energy Inc,WA,2024,industrial,1057368.0,131869100.0,0.12471448,False,False,False,False,False,0.1247144797270203,False,OK,100
Adams-Columbia Electric Coop,WI,2024,industrial,241188.0,22091000.0,0.09159245099999999,False,False,False,False,False,0.09159245070235666,False,OK,100
Algoma Utility Comm,WI,2024,industrial,5869.0,510100.0,0.086914295,False,False,False,False,False,0.08691429545067303,False,OK,100
Barron Electric Coop,WI,2024,industrial,87706.0,7171000.0,0.081761795,False,False,False,False,False,0.08176179508813536,False,OK,100
Brodhead Water & Lighting Comm,WI,2024,industrial,4248.0,494200.0,0.11633710000000001,False,False,False,False,False,0.11633709981167609,False,OK,100
Cedarburg Light & Water Comm,WI,2024,industrial,11847.0,920700.0,0.077715877,False,False,False,False,False,0.0777158774373259,False,OK,100
City of Black River Falls,WI,2024,industrial,479.0,137000.0,0.28601253,False,False,False,True,False,0.2860125260960334,False,HIGH_PRICE,90
City of Boscobel - (WI),WI,2024,industrial,4314.0,345000.0,0.079972184,False,False,False,False,False,0.0799721835883171,False,OK,100
City of Columbus - (WI),WI,2024,industrial,31988.0,2720400.0,0.085044392,False,False,False,False,False,0.08504439164686757,False,OK,100
City of Evansville,WI,2024,industrial,9282.0,1059200.0,0.11411334000000001,False,False,False,False,False,0.1141133376427494,False,OK,100
City of Kaukauna,WI,2024,industrial,356560.0,26858700.0,0.075327294,False,False,False,False,False,0.07532729414404307,False,OK,100
City of Marshfield - (WI),WI,2024,industrial,172841.0,14823000.0,0.085760902,False,False,False,False,False,0.08576090163792156,False,OK,100
City of Menasha - (WI),WI,2024,industrial,358564.0,25110400.0,0.07003045499999999,False,False,False,False,False,0.07003045481420332,False,OK,100
City of Plymouth - (WI),WI,2024,industrial,102174.0,7987900.0,0.07817937999999999,False,False,False,False,False,0.07817938027286785,False,OK,100
City of Richland Center - (WI),WI,2024,industrial,51813.0,4322900.0,0.08343272900000001,False,False,False,False,False,0.08343272923783607,False,OK,100
City of River Falls,WI,2024,industrial,12921.0,1242400.0,0.096153548,False,False,False,False,False,0.09615354848695921,False,OK,100
City of Stoughton - (WI),WI,2024,industrial,18709.0,1718600.0,0.091859533,False,False,False,False,False,0.09185953284515473,False,OK,100
City of Sturgeon Bay - (WI),WI,2024,industrial,13903.0,1155800.0,0.083133137,False,False,False,False,False,0.08313313673307919,False,OK,100
Consolidated Water Power Co,WI,2024,industrial,431003.0,26740300.0,0.062042028,False,False,False,False,False,0.06204202754969223,False,OK,100
Dahlberg Light & Power Co,WI,2024,industrial,14638.0,1406000.0,0.09605137300000001,False,False,False,False,False,0.09605137313840689,False,OK,100
Dunn County Electric Coop,WI,2024,industrial,52495.0,4402000.0,0.083855605,False,False,False,False,False,0.08385560529574246,False,OK,100
Hartford Electric,WI,2024,industrial,169306.0,12756900.0,0.075348186,False,False,False,False,False,0.07534818612453191,False,OK,100
Jefferson Utilities,WI,2024,industrial,16469.0,1297500.0,0.078784383,False,False,False,False,False,0.07878438277976806,False,OK,100
Juneau Utility Comm,WI,2024,industrial,15959.0,1346000.0,0.084341124,False,False,False,False,False,0.08434112413058463,False,OK,100
Madison Gas & Electric Co,WI,2024,industrial,141976.0,12984000.0,0.09145207600000001,False,False,False,False,False,0.0914520764072801,False,OK,100
Manitowoc Public Utilities,WI,2024,industrial,314816.0,23938000.0,0.076038067,False,False,False,False,False,0.07603806668021956,False,OK,100
New London Electric&Water Util,WI,2024,industrial,120190.0,9809200.0,0.081614111,False,False,False,False,False,0.08161411099093102,False,OK,100
North Central Power Co Inc,WI,2024,industrial,3076.0,294700.0,0.09580624200000001,False,False,False,False,False,0.09580624187256177,False,OK,100
Northern States Power Co,WI,2024,industrial,2093919.0,177930600.0,0.08497492,False,False,False,False,False,0.08497492023330415,False,OK,100
Northwestern Wisconsin Elec Co,WI,2024,industrial,41097.0,3690600.0,0.089802175,False,False,False,False,False,0.08980217534126579,False,OK,100
Oakdale Electric Coop,WI,2024,industrial,172767.0,14968000.0,0.086636916,False,False,False,False,False,0.08663691561467178,False,OK,100
Oconomowoc Utilities,WI,2024,industrial,26911.0,2380800.0,0.088469399,False,False,False,False,False,0.0884693991304671,False,OK,100
Pioneer Power and Light Co,WI,2024,industrial,5486.0,614000.0,0.11192125000000001,False,False,False,False,False,0.11192125410134889,False,OK,100
Polk-Burnett Electric Coop,WI,2024,industrial,93.0,26100.0,0.28064516,False,False,False,True,False,0.2806451612903226,False,HIGH_PRICE,90
Reedsburg Utility Comm,WI,2024,industrial,124437.0,10679800.0,0.085824956,False,False,False,False,False,0.0858249556000225,False,OK,100
Riverland Energy Cooperative,WI,2024,industrial,18952.0,1830900.0,0.096607218,False,False,False,False,False,0.09660721823554243,False,OK,100
Rock Energy Cooperative,WI,2024,industrial,167338.0,9267000.0,0.055378934,False,False,False,False,False,0.0553789336552367,False,OK,100
Scenic Rivers Energy Coop,WI,2024,industrial,42479.0,5155300.0,0.12136113999999999,False,False,False,False,False,0.12136114315308741,False,OK,100
Shawano Municipal Utilities,WI,2024,industrial,217743.0,19329800.0,0.088773462,False,False,False,False,False,0.08877346229270286,False,OK,100
Sun Prairie Utilities,WI,2024,industrial,31300.0,2579900.0,0.08242492,False,False,False,False,False,0.08242492012779552,False,OK,100
Superior Water and Light Co,WI,2024,industrial,818646.0,67168200.0,0.08204791800000001,False,False,False,False,False,0.08204791814777083,False,OK,100
Two Rivers Water & Light,WI,2024,industrial,4584.0,456000.0,0.09947644,False,False,False,False,False,0.09947643979057591,False,OK,100
Village of Muscoda - (WI),WI,2024,industrial,39472.0,3349400.0,0.08485508700000001,False,False,False,False,False,0.08485508715038509,False,OK,100
Village of Prairie Du Sac - (WI),WI,2024,industrial,12052.0,1187600.0,0.09853966099999999,False,False,False,False,False,0.09853966146697643,False,OK,100
Village of Waunakee - (WI),WI,2024,industrial,23980.0,2019100.0,0.084199333,False,False,False,False,False,0.08419933277731442,False,OK,100
Waupun Utilities,WI,2024,industrial,36154.0,2704500.0,0.07480500100000001,False,False,False,False,False,0.0748050008297837,False,OK,100
Westfield Electric Company,WI,2024,industrial,4526.0,782000.0,0.1727795,False,False,False,False,False,0.172779496243924,False,OK,100
Whitehall Electric Utility,WI,2024,industrial,5988.0,518400.0,0.08657314599999999,False,False,False,False,False,0.08657314629258517,False,OK,100
Wisconsin Electric Power Co,WI,2024,industrial,6497522.0,604938000.0,0.093102878,False,False,False,False,False,0.0931028782972955,False,OK,100
Wisconsin Power & Light Co,WI,2024,industrial,5088387.0,455118000.0,0.089442489,False,False,False,False,False,0.08944248933895947,False,OK,100
Wisconsin Public Service Corp,WI,2024,industrial,3810867.0,274041000.0,0.071910408,False,False,False,False,False,0.07191040778909366,False,OK,100
Wisconsin Rapids W W & L Comm,WI,2024,industrial,48336.0,4324000.0,0.089457133,False,False,False,False,False,0.08945713339953658,False,OK,100
Appalachian Power Co,WV,2024,industrial,3883180.0,340280000.0,0.087629211,False,False,False,False,False,0.08762921111048162,False,OK,100
Monongahela Power Co,WV,2024,industrial,5567182.0,428976700.0,0.077054549,False,False,False,False,False,0.07705454932136223,False,OK,100
The Potomac Edison Company,WV,2024,industrial,986928.0,73423300.0,0.074395802,False,False,False,False,False,0.07439580192273398,False,OK,100
Wheeling Power Co,WV,2024,industrial,4213488.0,301447000.0,0.071543339,False,False,False,False,False,0.0715433389154069,False,OK,100
"Black Hills Power, Inc.",WY,2024,industrial,115609.0,10528100.0,0.091066439,False,False,False,False,False,0.09106643946405557,False,OK,100
Cheyenne Light Fuel & Power,WY,2024,industrial,168031.0,14609200.0,0.08694348099999999,False,False,False,False,False,0.08694348066725782,False,OK,100
High Plains Power Inc,WY,2024,industrial,688988.0,56291000.0,0.081700988,False,False,False,False,False,0.08170098753534169,False,OK,100
"High West Energy, Inc",WY,2024,industrial,197290.0,20705200.0,0.10494805,False,False,False,False,False,0.10494804602362005,False,OK,100
Lower Valley Energy Inc,WY,2024,industrial,32626.0,1725000.0,0.052871943000000005,False,False,False,False,False,0.052871942622448355,False,OK,100
Montana-Dakota Utilities Co,WY,2024,industrial,1799.0,184000.0,0.10227904,False,False,False,False,False,0.10227904391328516,False,OK,100
PacifiCorp,WY,2024,industrial,6289091.0,485288900.0,0.0771636,False,False,False,False,False,0.07716359963625904,False,OK,100
Powder River Energy Corp,WY,2024,industrial,957873.0,68804800.0,0.07183081699999999,False,False,False,False,False,0.07183081682018388,False,OK,100
WAPA-- Western Area Power Administration,WY,2024,industrial,9671.0,29600.0,0.003060697,False,False,False,False,True,0.0030606969289628787,False,LOW_PRICE,85
Adjustment 2024,AK,2024,industrial,111952.0,28414600.0,,True,False,False,False,False,0.25381056166928684,False,MISSING_PRICE,60
Adjustment 2024,AL,2024,industrial,382274.0,33218400.0,,True,False,False,False,False,0.08689683316155428,False,MISSING_PRICE,60
Adjustment 2024,AR,2024,industrial,152125.0,19574300.0,,True,False,False,False,False,0.12867247329498768,False,MISSING_PRICE,60
Adjustment 2024,AZ,2024,industrial,640519.0,52467400.0,,True,False,False,False,False,0.08191388545851098,False,MISSING_PRICE,60
Adjustment 2024,CA,2024,industrial,296971.0,55454800.0,,True,False,False,False,False,0.18673473167413654,False,MISSING_PRICE,60
Adjustment 2024,CO,2024,industrial,111538.0,15560800.0,,True,False,False,False,False,0.13951119797737094,False,MISSING_PRICE,60
Adjustment 2024,CT,2024,industrial,19944.0,3282600.0,,True,False,False,False,False,0.16459085439229842,False,MISSING_PRICE,60
Adjustment 2024,DE,2024,industrial,145064.0,18293400.0,,True,False,False,False,False,0.126105718855126,False,MISSING_PRICE,60
Adjustment 2024,FL,2024,industrial,39979.0,5612100.0,,True,False,False,False,False,0.14037619750368943,False,MISSING_PRICE,60
Adjustment 2024,GA,2024,industrial,823016.0,81974600.0,,True,False,False,False,False,0.09960268087133178,False,MISSING_PRICE,60
Adjustment 2024,IA,2024,industrial,1485177.0,124312500.0,,True,False,False,False,False,0.0837021445928667,False,MISSING_PRICE,60
Adjustment 2024,ID,2024,industrial,202009.0,13209900.0,,True,False,False,False,False,0.06539263102139013,False,MISSING_PRICE,60
Adjustment 2024,IL,2024,industrial,485568.0,53697100.0,,True,False,False,False,False,0.11058615889020694,False,MISSING_PRICE,60
Adjustment 2024,IN,2024,industrial,1242808.0,129243400.0,,True,False,False,False,False,0.10399305443801456,False,MISSING_PRICE,60
Adjustment 2024,KS,2024,industrial,609380.0,62841200.0,,True,False,False,False,False,0.10312317437395385,False,MISSING_PRICE,60
Adjustment 2024,KY,2024,industrial,299063.0,26461700.0,,True,False,False,False,False,0.0884820255263941,False,MISSING_PRICE,60
Adjustment 2024,LA,2024,industrial,148908.0,13766600.0,,True,False,False,False,False,0.09245037204179762,False,MISSING_PRICE,60
Adjustment 2024,MA,2024,industrial,419916.0,71533100.0,,True,False,False,False,False,0.17035097495689613,False,MISSING_PRICE,60
Adjustment 2024,MD,2024,industrial,41494.0,3868800.0,,True,False,False,False,False,0.0932375765170868,False,MISSING_PRICE,60
Adjustment 2024,ME,2024,industrial,13264.0,1967100.0,,True,False,False,False,False,0.1483036791314837,False,MISSING_PRICE,60
Adjustment 2024,MI,2024,industrial,474244.0,50217400.0,,True,False,False,False,False,0.10588937340272096,False,MISSING_PRICE,60
Adjustment 2024,MN,2024,industrial,1501638.0,148848800.0,,True,False,False,False,False,0.09912428960908022,False,MISSING_PRICE,60
Adjustment 2024,MO,2024,industrial,865211.0,85403100.0,,True,False,False,False,False,0.09870782965080194,False,MISSING_PRICE,60
Adjustment 2024,MS,2024,industrial,136145.0,17216900.0,,True,False,False,False,False,0.126460024238863,False,MISSING_PRICE,60
Adjustment 2024,MT,2024,industrial,414262.0,41165700.0,,True,False,False,False,False,0.09937117090150678,False,MISSING_PRICE,60
Adjustment 2024,NC,2024,industrial,331410.0,31812000.0,,True,False,False,False,False,0.09598986150085996,False,MISSING_PRICE,60
Adjustment 2024,ND,2024,industrial,57564.0,6614700.0,,True,False,False,False,False,0.11491036064206796,False,MISSING_PRICE,60
Adjustment 2024,NE,2024,industrial,1618853.0,171683000.0,,True,False,False,False,False,0.10605224810405886,False,MISSING_PRICE,60
Adjustment 2024,NH,2024,industrial,62859.0,9507100.0,,True,False,False,False,False,0.15124484958398957,False,MISSING_PRICE,60
Adjustment 2024,NJ,2024,industrial,17639.0,2565400.0,,True,False,False,False,False,0.1454390838482907,False,MISSING_PRICE,60
Adjustment 2024,NM,2024,industrial,95480.0,12154600.0,,True,False,False,False,False,0.12729995810640973,False,MISSING_PRICE,60
Adjustment 2024,NV,2024,industrial,130287.0,10962400.0,,True,False,False,False,False,0.08414039773730303,False,MISSING_PRICE,60
Adjustment 2024,NY,2024,industrial,590877.0,31249400.0,,True,False,False,False,False,0.05288647214225634,False,MISSING_PRICE,60
Adjustment 2024,OH,2024,industrial,1477374.0,147838000.0,,True,False,False,False,False,0.10006809379344703,False,MISSING_PRICE,60
Adjustment 2024,OK,2024,industrial,438508.0,35803400.0,,True,False,False,False,False,0.0816482253459458,False,MISSING_PRICE,60
Adjustment 2024,OR,2024,industrial,445177.0,32544600.0,,True,False,False,False,False,0.07310485492287337,False,MISSING_PRICE,60
Adjustment 2024,PA,2024,industrial,261686.0,32746200.0,,True,False,False,False,False,0.12513546769792805,False,MISSING_PRICE,60
Adjustment 2024,SC,2024,industrial,127252.0,15578000.0,,True,False,False,False,False,0.12241850815704272,False,MISSING_PRICE,60
Adjustment 2024,SD,2024,industrial,402604.0,33983800.0,,True,False,False,False,False,0.08440999095885783,False,MISSING_PRICE,60
Adjustment 2024,TX,2024,industrial,489788.0,44151600.0,,True,False,False,False,False,0.09014430733296855,False,MISSING_PRICE,60
Adjustment 2024,UT,2024,industrial,300883.0,26627100.0,,True,False,False,False,False,0.08849652522741398,False,MISSING_PRICE,60
Adjustment 2024,VA,2024,industrial,179697.0,19925800.0,,True,False,False,False,False,0.11088554622503437,False,MISSING_PRICE,60
Adjustment 2024,VT,2024,industrial,91103.0,15397200.0,,True,False,False,False,False,0.16900870443344346,False,MISSING_PRICE,60
Adjustment 2024,WA,2024,industrial,136963.0,11764100.0,,True,False,False,False,False,0.08589254032110862,False,MISSING_PRICE,60
Adjustment 2024,WI,2024,industrial,876637.0,82683100.0,,True,False,False,False,False,0.09431851496115268,False,MISSING_PRICE,60
Adjustment 2024,WV,2024,industrial,204.0,18700.0,,True,False,False,False,False,0.09166666666666666,False,MISSING_PRICE,60
Adjustment 2024,WY,2024,industrial,513220.0,55917400.0,,True,False,False,False,False,0.10895405479131756,False,MISSING_PRICE,60
Short form utilities are aggregated in the state level adjustments,NAN,2024,industrial,,,,True,True,True,False,False,,False,MISSING_PRICE; MISSING_SALES; MISSING_REVENUE,10
